symbol,decision_date,daily_predicted_return,weekly_predicted_return,monthly_predicted_return,latest_close,sma_50,atr_14,average_traded_value_inr,market_symbol,market_close,market_sma_50,market_sma_200,market_regime,raw_daily_signal,raw_weekly_signal,raw_monthly_signal,entry_status,rejection_reasons,entry_price,initial_stop_price,risk_per_share,suggested_quantity,suggested_position_value,current_portfolio_value,current_portfolio_exposure_pct,sector,sector_exposure_pct,model_name,model_version
360ONE.NS,2026-08-14,0.0023387172259390354,-0.004628893453627825,-0.08728686720132828,1180.0,1120.4820043945313,31.654770675602347,985333633.8335388,^NSEI,23118.599609375,24127.1840234375,24535.336787109376,BEARISH,0,0,-1,BLOCKED,WEEKLY_SIGNAL_NOT_BUY; WEEKLY_RETURN_BELOW_COST_ERROR_BUFFER; MONTHLY_FORECAST_BEARISH; MARKET_REGIME_BEARISH,1180.0,1116.6904586487954,63.30954135120464,84,99120.0,1000000.0,0.0,UNKNOWN,0.0,xgboost_direct_horizon,v1
3MINDIA.NS,2026-08-14,-0.009131916798651218,-0.04047123342752457,-0.09789848327636719,35340.0,34154.8314453125,943.3005295303495,83484793.75,^NSEI,23118.599609375,24127.1840234375,24535.336787109376,BEARISH,-1,-1,-1,BLOCKED,WEEKLY_SIGNAL_NOT_BUY; WEEKLY_RETURN_BELOW_COST_ERROR_BUFFER; MONTHLY_FORECAST_BEARISH; MARKET_REGIME_BEARISH,35340.0,33453.3989409393,1886.6010590606966,2,70680.0,1000000.0,0.0,UNKNOWN,0.0,xgboost_direct_horizon,v1
AADHARHFC.NS,2026-08-17,0.003368829842656851,-0.02808297984302044,-0.06916674971580505,487.6499938964844,506.58599853515625,13.74107877172832,157330274.12653655,^NSEI,23118.599609375,24127.1840234375,24535.336787109376,BEARISH,1,-1,-1,BLOCKED,WEEKLY_SIGNAL_NOT_BUY; WEEKLY_RETURN_BELOW_COST_ERROR_BUFFER; MONTHLY_FORECAST_BEARISH; CLOSE_NOT_ABOVE_SMA_50; MARKET_REGIME_BEARISH,487.6499938964844,460.1678363530277,27.48215754345665,205,99968.2487487793,1000000.0,0.0,UNKNOWN,0.0,xgboost_direct_horizon,v1
AARTIIND.NS,2026-08-14,-0.0071994587779045105,-0.003567537758499384,-0.06926946341991425,533.0403442382812,481.32218994140624,16.405514517357958,432656330.2459549,^NSEI,23118.599609375,24127.1840234375,24535.336787109376,BEARISH,-1,0,-1,BLOCKED,WEEKLY_SIGNAL_NOT_BUY; WEEKLY_RETURN_BELOW_COST_ERROR_BUFFER; MONTHLY_FORECAST_BEARISH; MARKET_REGIME_BEARISH,533.0403442382812,500.2293152035653,32.81102903471594,187,99678.5443725586,1000000.0,0.0,UNKNOWN,0.0,xgboost_direct_horizon,v1
AAVAS.NS,2026-08-14,-0.008587195537984371,-0.026359938085079193,-0.08719883114099503,1397.4000244140625,1434.806005859375,45.86909609193991,175417237.07474366,^NSEI,23118.599609375,24127.1840234375,24535.336787109376,BEARISH,-1,-1,-1,BLOCKED,WEEKLY_SIGNAL_NOT_BUY; WEEKLY_RETURN_BELOW_COST_ERROR_BUFFER; MONTHLY_FORECAST_BEARISH; CLOSE_NOT_ABOVE_SMA_50; MARKET_REGIME_BEARISH,1397.4000244140625,1305.6618322301827,91.73819218387985,71,99215.40173339844,1000000.0,0.0,UNKNOWN,0.0,xgboost_direct_horizon,v1
ABB.NS,2026-08-14,-0.002075589494779706,-0.027170227840542793,-0.053114086389541626,7649.0,7150.031103515625,195.5687485428357,1257551274.5,^NSEI,23118.599609375,24127.1840234375,24535.336787109376,BEARISH,0,-1,-1,BLOCKED,WEEKLY_SIGNAL_NOT_BUY; WEEKLY_RETURN_BELOW_COST_ERROR_BUFFER; MONTHLY_FORECAST_BEARISH; MARKET_REGIME_BEARISH,7649.0,7257.862502914329,391.1374970856714,13,99437.0,1000000.0,0.0,UNKNOWN,0.0,xgboost_direct_horizon,v1
ABBOTINDIA.NS,2026-08-14,-0.005928610917180777,-0.030346261337399483,-0.03025461547076702,27060.0,26564.9471875,526.9993117922922,206498890.75,^NSEI,23118.599609375,24127.1840234375,24535.336787109376,BEARISH,-1,-1,-1,BLOCKED,WEEKLY_SIGNAL_NOT_BUY; WEEKLY_RETURN_BELOW_COST_ERROR_BUFFER; MONTHLY_FORECAST_BEARISH; MARKET_REGIME_BEARISH,27060.0,26006.001376415414,1053.9986235845863,3,81180.0,1000000.0,0.0,UNKNOWN,0.0,xgboost_direct_horizon,v1
ABCAPITAL.NS,2026-08-14,0.0006151263951323926,0.022112596780061722,-0.02774997614324093,401.0,392.94000061035155,10.615823220677335,1192991140.0204558,^NSEI,23118.599609375,24127.1840234375,24535.336787109376,BEARISH,0,1,-1,BLOCKED,MONTHLY_FORECAST_BEARISH; MARKET_REGIME_BEARISH,401.0,379.76835355864534,21.231646441354656,249,99849.0,1000000.0,0.0,UNKNOWN,0.0,xgboost_direct_horizon,v1
ABFRL.NS,2026-08-17,-0.003344187280163169,-0.01944809965789318,-0.07965660840272903,55.290000915527344,59.42680000305176,2.1069976210279924,221396528.962595,^NSEI,23118.599609375,24127.1840234375,24535.336787109376,BEARISH,-1,-1,-1,BLOCKED,WEEKLY_SIGNAL_NOT_BUY; WEEKLY_RETURN_BELOW_COST_ERROR_BUFFER; MONTHLY_FORECAST_BEARISH; CLOSE_NOT_ABOVE_SMA_50; MARKET_REGIME_BEARISH,55.290000915527344,51.07600567347136,4.2139952420559865,1779,98360.91162872314,1000000.0,0.0,UNKNOWN,0.0,xgboost_direct_horizon,v1
ABREL.NS,2026-08-17,-0.004253447987139225,0.016049517318606377,-0.06530657410621643,1402.0999755859375,1367.3588305664061,46.94998786228289,278721831.90030515,^NSEI,23118.599609375,24127.1840234375,24535.336787109376,BEARISH,-1,1,-1,BLOCKED,MONTHLY_FORECAST_BEARISH; MARKET_REGIME_BEARISH,1402.0999755859375,1308.1999998613717,93.89997572456582,71,99549.09826660156,1000000.0,0.0,UNKNOWN,0.0,xgboost_direct_horizon,v1
ABSLAMC.NS,2026-08-14,0.004514066968113184,-0.0034343008883297443,0.04499899968504906,1011.2000122070312,1075.2390930175782,31.45188509592733,230789150.54558715,^NSEI,23118.599609375,24127.1840234375,24535.336787109376,BEARISH,1,0,1,BLOCKED,WEEKLY_SIGNAL_NOT_BUY; WEEKLY_RETURN_BELOW_COST_ERROR_BUFFER; CLOSE_NOT_ABOVE_SMA_50; MARKET_REGIME_BEARISH,1011.2000122070312,948.2962420151766,62.90377019185462,98,99097.60119628906,1000000.0,0.0,UNKNOWN,0.0,xgboost_direct_horizon,v1
ACC.NS,2026-08-14,-0.000197218032553792,-0.0015086301136761904,-0.043257035315036774,1321.4000244140625,1353.7503076171874,26.406885242519653,156978516.38393554,^NSEI,23118.599609375,24127.1840234375,24535.336787109376,BEARISH,0,0,-1,BLOCKED,WEEKLY_SIGNAL_NOT_BUY; WEEKLY_RETURN_BELOW_COST_ERROR_BUFFER; MONTHLY_FORECAST_BEARISH; CLOSE_NOT_ABOVE_SMA_50; MARKET_REGIME_BEARISH,1321.4000244140625,1268.586253929023,52.81377048503941,75,99105.00183105469,1000000.0,0.0,UNKNOWN,0.0,xgboost_direct_horizon,v1
ACE.NS,2026-08-14,0.010670212097465992,0.04884577542543411,0.04427831247448921,1083.6097412109375,1008.5276489257812,38.07273237051081,431967349.4601196,^NSEI,23118.599609375,24127.1840234375,24535.336787109376,BEARISH,1,1,1,BLOCKED,MARKET_REGIME_BEARISH,1083.6097412109375,1007.4642764699158,76.14546474102167,92,99692.09619140625,1000000.0,0.0,UNKNOWN,0.0,xgboost_direct_horizon,v1
ADANIENSOL.NS,2026-08-17,-0.0030212756246328354,-0.01622840389609337,-0.14638513326644897,1589.0999755859375,1602.096005859375,49.25678202110035,6052115465.468714,^NSEI,23118.599609375,24127.1840234375,24535.336787109376,BEARISH,-1,-1,-1,BLOCKED,WEEKLY_SIGNAL_NOT_BUY; WEEKLY_RETURN_BELOW_COST_ERROR_BUFFER; MONTHLY_FORECAST_BEARISH; CLOSE_NOT_ABOVE_SMA_50; MARKET_REGIME_BEARISH,1589.0999755859375,1490.5864115437369,98.51356404220064,62,98524.19848632812,1000000.0,0.0,UNKNOWN,0.0,xgboost_direct_horizon,v1
ADANIENT.NS,2026-08-17,0.0016539099160581827,0.004215175285935402,-0.02800275944173336,3007.300048828125,3052.8491650390624,69.3603380821397,6424149348.167956,^NSEI,23118.599609375,24127.1840234375,24535.336787109376,BEARISH,0,0,-1,BLOCKED,WEEKLY_SIGNAL_NOT_BUY; WEEKLY_RETURN_BELOW_COST_ERROR_BUFFER; MONTHLY_FORECAST_BEARISH; CLOSE_NOT_ABOVE_SMA_50; MARKET_REGIME_BEARISH,3007.300048828125,2868.579372663846,138.7206761642792,33,99240.90161132812,1000000.0,0.0,UNKNOWN,0.0,xgboost_direct_horizon,v1
ADANIGREEN.NS,2026-08-17,-0.0128788435831666,-0.009615194983780384,-0.041767410933971405,1327.5999755859375,1464.2779956054687,41.99433271695719,1932484300.876941,^NSEI,23118.599609375,24127.1840234375,24535.336787109376,BEARISH,-1,-1,-1,BLOCKED,WEEKLY_SIGNAL_NOT_BUY; WEEKLY_RETURN_BELOW_COST_ERROR_BUFFER; MONTHLY_FORECAST_BEARISH; CLOSE_NOT_ABOVE_SMA_50; MARKET_REGIME_BEARISH,1327.5999755859375,1243.6113101520232,83.98866543391432,75,99569.99816894531,1000000.0,0.0,UNKNOWN,0.0,xgboost_direct_horizon,v1
ADANIPORTS.NS,2026-08-14,-0.003887599566951394,-0.004243369679898024,-0.0030519890133291483,1700.0,1783.1443286132812,35.52464831669858,4194813664.2656493,^NSEI,23118.599609375,24127.1840234375,24535.336787109376,BEARISH,-1,0,0,BLOCKED,WEEKLY_SIGNAL_NOT_BUY; WEEKLY_RETURN_BELOW_COST_ERROR_BUFFER; CLOSE_NOT_ABOVE_SMA_50; MARKET_REGIME_BEARISH,1700.0,1628.9507033666027,71.04929663339726,58,98600.0,1000000.0,0.0,UNKNOWN,0.0,xgboost_direct_horizon,v1
ADANIPOWER.NS,2026-08-17,0.0020387389231473207,0.0014324634103104472,0.010929395444691181,203.55999755859375,217.91760070800783,5.036059354143636,4397098468.4128685,^NSEI,23118.599609375,24127.1840234375,24535.336787109376,BEARISH,0,0,0,BLOCKED,WEEKLY_SIGNAL_NOT_BUY; WEEKLY_RETURN_BELOW_COST_ERROR_BUFFER; CLOSE_NOT_ABOVE_SMA_50; MARKET_REGIME_BEARISH,203.55999755859375,193.4878788503065,10.072118708287263,491,99947.95880126953,1000000.0,0.0,UNKNOWN,0.0,xgboost_direct_horizon,v1
AEGISLOG.NS,2026-08-17,0.04080609977245331,0.06251981854438782,0.025134747847914696,1287.199951171875,1216.2513171386718,71.07727945321803,1206424861.0140991,^NSEI,23118.599609375,24127.1840234375,24535.336787109376,BEARISH,1,1,1,BLOCKED,MARKET_REGIME_BEARISH,1287.199951171875,1145.045392265439,142.15455890643602,52,66934.3974609375,1000000.0,0.0,UNKNOWN,0.0,xgboost_direct_horizon,v1
AFFLE.NS,2026-08-14,0.011585690081119537,0.029769955202937126,-0.0663149431347847,1668.800048828125,1524.1740014648437,60.7300295169868,586060355.1687438,^NSEI,23118.599609375,24127.1840234375,24535.336787109376,BEARISH,1,1,-1,BLOCKED,MONTHLY_FORECAST_BEARISH; MARKET_REGIME_BEARISH,1668.800048828125,1547.3399897941515,121.4600590339735,59,98459.20288085938,1000000.0,0.0,UNKNOWN,0.0,xgboost_direct_horizon,v1
AIAENG.NS,2026-08-14,-0.01024642400443554,-0.025196073576807976,-0.09995847940444946,4466.01171875,4656.615576171875,157.13202047364982,179413331.37384033,^NSEI,23118.599609375,24127.1840234375,24535.336787109376,BEARISH,-1,-1,-1,BLOCKED,WEEKLY_SIGNAL_NOT_BUY; WEEKLY_RETURN_BELOW_COST_ERROR_BUFFER; MONTHLY_FORECAST_BEARISH; CLOSE_NOT_ABOVE_SMA_50; MARKET_REGIME_BEARISH,4466.01171875,4151.7476778027,314.2640409472997,22,98252.2578125,1000000.0,0.0,UNKNOWN,0.0,xgboost_direct_horizon,v1
AIIL.NS,2026-08-17,-0.0032942190300673246,0.00368712586350739,-0.042376063764095306,551.5,537.6150012207031,22.9866073699588,381885732.80146486,^NSEI,23118.599609375,24127.1840234375,24535.336787109376,BEARISH,-1,0,-1,BLOCKED,WEEKLY_SIGNAL_NOT_BUY; WEEKLY_RETURN_BELOW_COST_ERROR_BUFFER; MONTHLY_FORECAST_BEARISH; MARKET_REGIME_BEARISH,551.5,505.5267852600824,45.97321473991758,163,89894.5,1000000.0,0.0,UNKNOWN,0.0,xgboost_direct_horizon,v1
AJANTPHARM.NS,2026-08-14,0.009889650158584118,-0.002862018533051014,-0.020103197544813156,3672.800048828125,3312.8987109375,96.04118107426702,255538524.59495848,^NSEI,23118.599609375,24127.1840234375,24535.336787109376,BEARISH,1,0,-1,BLOCKED,WEEKLY_SIGNAL_NOT_BUY; WEEKLY_RETURN_BELOW_COST_ERROR_BUFFER; MONTHLY_FORECAST_BEARISH; MARKET_REGIME_BEARISH,3672.800048828125,3480.7176866795908,192.08236214853423,27,99165.60131835938,1000000.0,0.0,UNKNOWN,0.0,xgboost_direct_horizon,v1
AKUMS.NS,2026-08-17,0.0009118136367760599,0.02810284122824669,0.028431065380573273,744.0,657.0062634277343,26.44447171389827,279183052.52997744,^NSEI,23118.599609375,24127.1840234375,24535.336787109376,BEARISH,0,1,1,BLOCKED,MARKET_REGIME_BEARISH,744.0,691.1110565722034,52.88894342779656,134,99696.0,1000000.0,0.0,UNKNOWN,0.0,xgboost_direct_horizon,v1
ALKEM.NS,2026-08-14,0.003243276383727789,0.005045031663030386,-0.036804042756557465,5368.0,5524.625205078125,129.96703528087951,657496589.15,^NSEI,23118.599609375,24127.1840234375,24535.336787109376,BEARISH,1,1,-1,BLOCKED,WEEKLY_RETURN_BELOW_COST_ERROR_BUFFER; MONTHLY_FORECAST_BEARISH; CLOSE_NOT_ABOVE_SMA_50; MARKET_REGIME_BEARISH,5368.0,5108.065929438241,259.93407056175874,18,96624.0,1000000.0,0.0,UNKNOWN,0.0,xgboost_direct_horizon,v1
ALKYLAMINE.NS,2026-08-14,0.0017133712535724044,0.03501966968178749,-0.030348656699061394,1916.9000244140625,1835.317958984375,65.94960398429461,208937031.21030885,^NSEI,23118.599609375,24127.1840234375,24535.336787109376,BEARISH,0,1,-1,BLOCKED,MONTHLY_FORECAST_BEARISH; MARKET_REGIME_BEARISH,1916.9000244140625,1785.0008164454732,131.89920796858928,52,99678.80126953125,1000000.0,0.0,UNKNOWN,0.0,xgboost_direct_horizon,v1
ALOKINDS.NS,2026-08-14,0.00024333495821338147,0.0009438310516998172,-0.3492908179759979,11.619999885559082,12.3953999710083,0.22453008562012555,277745563.3813826,^NSEI,23118.599609375,24127.1840234375,24535.336787109376,BEARISH,0,0,-1,BLOCKED,WEEKLY_SIGNAL_NOT_BUY; WEEKLY_RETURN_BELOW_COST_ERROR_BUFFER; MONTHLY_FORECAST_BEARISH; CLOSE_NOT_ABOVE_SMA_50; MARKET_REGIME_BEARISH,11.619999885559082,11.17093971431883,0.44906017124025155,8605,99990.0990152359,1000000.0,0.0,UNKNOWN,0.0,xgboost_direct_horizon,v1
AMBER.NS,2026-08-14,-9.246033005183563e-05,0.0044016544707119465,-0.002323345048353076,7222.0,7550.01,217.32354274039162,1726459570.25,^NSEI,23118.599609375,24127.1840234375,24535.336787109376,BEARISH,0,0,0,BLOCKED,WEEKLY_SIGNAL_NOT_BUY; WEEKLY_RETURN_BELOW_COST_ERROR_BUFFER; CLOSE_NOT_ABOVE_SMA_50; MARKET_REGIME_BEARISH,7222.0,6787.352914519217,434.64708548078306,13,93886.0,1000000.0,0.0,UNKNOWN,0.0,xgboost_direct_horizon,v1
AMBUJACEM.NS,2026-08-17,0.0016681111883372068,0.004521130584180355,-0.027039673179388046,415.25,428.226650390625,9.44137527732679,746201506.8967438,^NSEI,23118.599609375,24127.1840234375,24535.336787109376,BEARISH,0,0,-1,BLOCKED,WEEKLY_SIGNAL_NOT_BUY; WEEKLY_RETURN_BELOW_COST_ERROR_BUFFER; MONTHLY_FORECAST_BEARISH; CLOSE_NOT_ABOVE_SMA_50; MARKET_REGIME_BEARISH,415.25,396.36724944534643,18.88275055465357,240,99660.0,1000000.0,0.0,UNKNOWN,0.0,xgboost_direct_horizon,v1
ANANDRATHI.NS,2026-08-14,0.0022286807652562857,0.00852322019636631,0.019639672711491585,2174.699951171875,1999.0060034179687,50.030932861226,424654404.69916993,^NSEI,23118.599609375,24127.1840234375,24535.336787109376,BEARISH,0,1,1,BLOCKED,WEEKLY_RETURN_BELOW_COST_ERROR_BUFFER; MARKET_REGIME_BEARISH,2174.699951171875,2074.638085449423,100.06186572245178,45,97861.49780273438,1000000.0,0.0,UNKNOWN,0.0,xgboost_direct_horizon,v1
ANANTRAJ.NS,2026-08-17,-0.0014404075918719172,0.015363122336566448,-0.02625237964093685,627.5499877929688,571.9431213378906,19.138508270027916,1829045866.7090516,^NSEI,23118.599609375,24127.1840234375,24535.336787109376,BEARISH,0,1,-1,BLOCKED,MONTHLY_FORECAST_BEARISH; MARKET_REGIME_BEARISH,627.5499877929688,589.272971252913,38.2770165400558,159,99780.44805908203,1000000.0,0.0,UNKNOWN,0.0,xgboost_direct_horizon,v1
ANGELONE.NS,2026-08-14,0.010162577964365482,0.0025339587591588497,0.03586284816265106,287.29998779296875,323.7130810546875,8.42440870090868,1975455381.4497848,^NSEI,23118.599609375,24127.1840234375,24535.336787109376,BEARISH,1,0,1,BLOCKED,WEEKLY_SIGNAL_NOT_BUY; WEEKLY_RETURN_BELOW_COST_ERROR_BUFFER; CLOSE_NOT_ABOVE_SMA_50; MARKET_REGIME_BEARISH,287.29998779296875,270.4511703911514,16.84881740181737,348,99980.39575195312,1000000.0,0.0,UNKNOWN,0.0,xgboost_direct_horizon,v1
APARINDS.NS,2026-08-14,0.0006101347971707582,-0.003080669790506363,-0.014135779812932014,16633.251953125,14941.84451171875,763.5235305213821,2310288690.893945,^NSEI,23118.599609375,24127.1840234375,24535.336787109376,BEARISH,0,0,-1,BLOCKED,WEEKLY_SIGNAL_NOT_BUY; WEEKLY_RETURN_BELOW_COST_ERROR_BUFFER; MONTHLY_FORECAST_BEARISH; MARKET_REGIME_BEARISH,16633.251953125,15106.204892082236,1527.0470610427637,4,66533.0078125,1000000.0,0.0,UNKNOWN,0.0,xgboost_direct_horizon,v1
APLAPOLLO.NS,2026-08-17,0.00712206494063139,0.02947820909321308,0.034772492945194244,2073.313232421875,1851.1768188476562,49.08877280637093,1420189524.0641112,^NSEI,23118.599609375,24127.1840234375,24535.336787109376,BEARISH,1,1,1,BLOCKED,MARKET_REGIME_BEARISH,2073.313232421875,1975.1356868091332,98.17754561274182,48,99519.03515625,1000000.0,0.0,UNKNOWN,0.0,xgboost_direct_horizon,v1
APLLTD.NS,2026-08-14,-0.003614917164668441,-0.00497060501947999,-0.008589223027229309,831.25,793.2935974121094,22.287171668403605,93447900.11835632,^NSEI,23118.599609375,24127.1840234375,24535.336787109376,BEARISH,-1,0,0,BLOCKED,WEEKLY_SIGNAL_NOT_BUY; WEEKLY_RETURN_BELOW_COST_ERROR_BUFFER; MONTHLY_FORECAST_BEARISH; MARKET_REGIME_BEARISH,831.25,786.6756566631927,44.57434333680726,120,99750.0,1000000.0,0.0,UNKNOWN,0.0,xgboost_direct_horizon,v1
APOLLOHOSP.NS,2026-08-14,-0.0022699828259646893,-0.00982542335987091,0.0024244440719485283,8920.5,8727.00841796875,178.91585271646144,2472938198.975,^NSEI,23118.599609375,24127.1840234375,24535.336787109376,BEARISH,0,-1,0,BLOCKED,WEEKLY_SIGNAL_NOT_BUY; WEEKLY_RETURN_BELOW_COST_ERROR_BUFFER; MARKET_REGIME_BEARISH,8920.5,8562.668294567076,357.8317054329236,11,98125.5,1000000.0,0.0,UNKNOWN,0.0,xgboost_direct_horizon,v1
APOLLOTYRE.NS,2026-08-17,-0.00159640540368855,0.01422756165266037,-0.040091920644044876,436.70001220703125,428.78287414550783,9.553570291686867,364115837.1480179,^NSEI,23118.599609375,24127.1840234375,24535.336787109376,BEARISH,0,1,-1,BLOCKED,MONTHLY_FORECAST_BEARISH; MARKET_REGIME_BEARISH,436.70001220703125,417.5928716236575,19.107140583373734,228,99567.60278320312,1000000.0,0.0,UNKNOWN,0.0,xgboost_direct_horizon,v1
APTUS.NS,2026-08-14,0.009939603507518768,0.02385224960744381,-0.010628080926835537,250.5,274.02300201416017,7.759257711635163,316926566.18078005,^NSEI,23118.599609375,24127.1840234375,24535.336787109376,BEARISH,1,1,0,BLOCKED,MONTHLY_FORECAST_BEARISH; CLOSE_NOT_ABOVE_SMA_50; MARKET_REGIME_BEARISH,250.5,234.98148457672968,15.518515423270316,399,99949.5,1000000.0,0.0,UNKNOWN,0.0,xgboost_direct_horizon,v1
ARE&M.NS,2026-08-17,-0.006125696003437042,-0.02868741936981678,-0.12259333580732346,945.7000122070312,875.8767236328125,29.311909095065374,344893754.96054995,^NSEI,23118.599609375,24127.1840234375,24535.336787109376,BEARISH,-1,-1,-1,BLOCKED,WEEKLY_SIGNAL_NOT_BUY; WEEKLY_RETURN_BELOW_COST_ERROR_BUFFER; MONTHLY_FORECAST_BEARISH; MARKET_REGIME_BEARISH,945.7000122070312,887.0761940169004,58.623818190130805,105,99298.50128173828,1000000.0,0.0,UNKNOWN,0.0,xgboost_direct_horizon,v1
ASAHIINDIA.NS,2026-08-14,-0.005663619376718998,0.01868383027613163,0.018200986087322235,937.2758178710938,883.8295581054688,25.94756990240645,182018673.04473266,^NSEI,23118.599609375,24127.1840234375,24535.336787109376,BEARISH,-1,1,1,BLOCKED,MARKET_REGIME_BEARISH,937.2758178710938,885.3806780662809,51.89513980481286,106,99351.23669433594,1000000.0,0.0,UNKNOWN,0.0,xgboost_direct_horizon,v1
ASHOKLEY.NS,2026-08-17,-0.002840508706867695,-0.006191506516188383,-0.08412860333919525,177.10000610351562,160.51420043945313,5.053112231183667,2098128747.1940207,^NSEI,23118.599609375,24127.1840234375,24535.336787109376,BEARISH,-1,-1,-1,BLOCKED,WEEKLY_SIGNAL_NOT_BUY; WEEKLY_RETURN_BELOW_COST_ERROR_BUFFER; MONTHLY_FORECAST_BEARISH; MARKET_REGIME_BEARISH,177.10000610351562,166.9937816411483,10.106224462367322,564,99884.40344238281,1000000.0,0.0,UNKNOWN,0.0,xgboost_direct_horizon,v1
ASIANPAINT.NS,2026-08-17,-0.009905455633997917,-0.01943446323275566,-0.09177727997303009,2687.5,2704.7364453125,52.425803793014545,1474933664.6869874,^NSEI,23118.599609375,24127.1840234375,24535.336787109376,BEARISH,-1,-1,-1,BLOCKED,WEEKLY_SIGNAL_NOT_BUY; WEEKLY_RETURN_BELOW_COST_ERROR_BUFFER; MONTHLY_FORECAST_BEARISH; CLOSE_NOT_ABOVE_SMA_50; MARKET_REGIME_BEARISH,2687.5,2582.648392413971,104.85160758602888,37,99437.5,1000000.0,0.0,UNKNOWN,0.0,xgboost_direct_horizon,v1
ASTERDM.NS,2026-08-14,-0.0016007320955395699,-0.04294029623270035,-0.06500478833913803,822.3499755859375,804.6770043945312,26.33571335385007,4637055999.849707,^NSEI,23118.599609375,24127.1840234375,24535.336787109376,BEARISH,0,-1,-1,BLOCKED,WEEKLY_SIGNAL_NOT_BUY; WEEKLY_RETURN_BELOW_COST_ERROR_BUFFER; MONTHLY_FORECAST_BEARISH; MARKET_REGIME_BEARISH,822.3499755859375,769.6785488782374,52.67142670770011,121,99504.34704589844,1000000.0,0.0,UNKNOWN,0.0,xgboost_direct_horizon,v1
ASTRAL.NS,2026-08-14,-0.013058191165328026,-0.018517160788178444,-0.09867275506258011,1556.300048828125,1445.781015625,40.180387828774776,1682202352.4167054,^NSEI,23118.599609375,24127.1840234375,24535.336787109376,BEARISH,-1,-1,-1,BLOCKED,WEEKLY_SIGNAL_NOT_BUY; WEEKLY_RETURN_BELOW_COST_ERROR_BUFFER; MONTHLY_FORECAST_BEARISH; MARKET_REGIME_BEARISH,1556.300048828125,1475.9392731705755,80.36077565754954,64,99603.203125,1000000.0,0.0,UNKNOWN,0.0,xgboost_direct_horizon,v1
ASTRAZEN.NS,2026-08-14,-0.00470923725515604,-0.00015294121112674475,-0.08395931124687195,7753.0,8170.78330078125,195.7919898639833,90277183.65,^NSEI,23118.599609375,24127.1840234375,24535.336787109376,BEARISH,-1,0,-1,BLOCKED,WEEKLY_SIGNAL_NOT_BUY; WEEKLY_RETURN_BELOW_COST_ERROR_BUFFER; MONTHLY_FORECAST_BEARISH; CLOSE_NOT_ABOVE_SMA_50; MARKET_REGIME_BEARISH,7753.0,7361.416020272033,391.58397972796683,12,93036.0,1000000.0,0.0,UNKNOWN,0.0,xgboost_direct_horizon,v1
ATGL.NS,2026-08-14,-0.00440352875739336,-0.01298699714243412,-0.07503178715705872,654.0499877929688,698.4095397949219,16.9040783811075,621038711.3367065,^NSEI,23118.599609375,24127.1840234375,24535.336787109376,BEARISH,-1,-1,-1,BLOCKED,WEEKLY_SIGNAL_NOT_BUY; WEEKLY_RETURN_BELOW_COST_ERROR_BUFFER; MONTHLY_FORECAST_BEARISH; CLOSE_NOT_ABOVE_SMA_50; MARKET_REGIME_BEARISH,654.0499877929688,620.2418310307537,33.80815676221505,152,99415.59814453125,1000000.0,0.0,UNKNOWN,0.0,xgboost_direct_horizon,v1
ATUL.NS,2026-08-14,-0.0026800106279551983,-0.006765568628907204,-0.0626697838306427,6729.0,6508.997626953125,179.35277819652012,182284996.575,^NSEI,23118.599609375,24127.1840234375,24535.336787109376,BEARISH,-1,-1,-1,BLOCKED,WEEKLY_SIGNAL_NOT_BUY; WEEKLY_RETURN_BELOW_COST_ERROR_BUFFER; MONTHLY_FORECAST_BEARISH; MARKET_REGIME_BEARISH,6729.0,6370.29444360696,358.70555639303984,14,94206.0,1000000.0,0.0,UNKNOWN,0.0,xgboost_direct_horizon,v1
AUBANK.NS,2026-08-14,-0.0028459865134209394,0.011183511465787888,-0.02277926728129387,1081.9000244140625,1036.3833825683594,26.040588027272467,1530223425.293158,^NSEI,23118.599609375,24127.1840234375,24535.336787109376,BEARISH,-1,1,-1,BLOCKED,MONTHLY_FORECAST_BEARISH; MARKET_REGIME_BEARISH,1081.9000244140625,1029.8188483595175,52.08117605454504,92,99534.80224609375,1000000.0,0.0,UNKNOWN,0.0,xgboost_direct_horizon,v1
AUROPHARMA.NS,2026-08-14,0.0030426138546317816,-0.009459148161113262,0.022767767310142517,1622.0999755859375,1548.8479956054687,39.126899104555186,1328172651.4443665,^NSEI,23118.599609375,24127.1840234375,24535.336787109376,BEARISH,1,-1,1,BLOCKED,WEEKLY_SIGNAL_NOT_BUY; WEEKLY_RETURN_BELOW_COST_ERROR_BUFFER; MARKET_REGIME_BEARISH,1622.0999755859375,1543.8461773768272,78.2537982091103,61,98948.09851074219,1000000.0,0.0,UNKNOWN,0.0,xgboost_direct_horizon,v1
AWL.NS,2026-08-14,0.005486557725816965,-0.015541805885732174,-0.038813572376966476,192.16000366210938,188.73904083251952,4.641621657962349,641143625.591005,^NSEI,23118.599609375,24127.1840234375,24535.336787109376,BEARISH,1,-1,-1,BLOCKED,WEEKLY_SIGNAL_NOT_BUY; WEEKLY_RETURN_BELOW_COST_ERROR_BUFFER; MONTHLY_FORECAST_BEARISH; MARKET_REGIME_BEARISH,192.16000366210938,182.87676034618468,9.283243315924693,520,99923.20190429688,1000000.0,0.0,UNKNOWN,0.0,xgboost_direct_horizon,v1
AXISBANK.NS,2026-08-14,0.004713192116469145,0.026245441287755966,0.01980551704764366,1217.4000244140625,1298.720546875,21.701792615032634,5808559871.945398,^NSEI,23118.599609375,24127.1840234375,24535.336787109376,BEARISH,1,1,1,BLOCKED,CLOSE_NOT_ABOVE_SMA_50; MARKET_REGIME_BEARISH,1217.4000244140625,1173.9964391839972,43.403585230065346,82,99826.80200195312,1000000.0,0.0,UNKNOWN,0.0,xgboost_direct_horizon,v1
BAJAJ-AUTO.NS,2026-08-17,-0.006792841013520956,0.005831934977322817,-0.013839837163686752,11663.0,10623.24,214.56992285874563,2673269795.35,^NSEI,23118.599609375,24127.1840234375,24535.336787109376,BEARISH,-1,1,-1,BLOCKED,WEEKLY_RETURN_BELOW_COST_ERROR_BUFFER; MONTHLY_FORECAST_BEARISH; MARKET_REGIME_BEARISH,11663.0,11233.860154282509,429.13984571749097,8,93304.0,1000000.0,0.0,UNKNOWN,0.0,xgboost_direct_horizon,v1
BAJAJFINSV.NS,2026-08-17,0.00017783543444238603,-0.0003884905599988997,-0.04659672826528549,2005.0,1876.0300756835939,42.63612736229754,1173782073.5036438,^NSEI,23118.599609375,24127.1840234375,24535.336787109376,BEARISH,0,0,-1,BLOCKED,WEEKLY_SIGNAL_NOT_BUY; WEEKLY_RETURN_BELOW_COST_ERROR_BUFFER; MONTHLY_FORECAST_BEARISH; MARKET_REGIME_BEARISH,2005.0,1919.727745275405,85.27225472459509,49,98245.0,1000000.0,0.0,UNKNOWN,0.0,xgboost_direct_horizon,v1
BAJAJHLDNG.NS,2026-08-17,-0.007676042150706053,-0.009171323850750923,-0.016968481242656708,11379.0,10748.5510546875,231.9600795846193,475147996.3,^NSEI,23118.599609375,24127.1840234375,24535.336787109376,BEARISH,-1,-1,-1,BLOCKED,WEEKLY_SIGNAL_NOT_BUY; WEEKLY_RETURN_BELOW_COST_ERROR_BUFFER; MONTHLY_FORECAST_BEARISH; MARKET_REGIME_BEARISH,11379.0,10915.079840830762,463.9201591692381,8,91032.0,1000000.0,0.0,UNKNOWN,0.0,xgboost_direct_horizon,v1
BAJFINANCE.NS,2026-08-17,0.003452194156125188,-0.005603283178061247,-0.057047028094530106,1089.300048828125,1025.4202087402343,26.556259402464786,5216668065.817484,^NSEI,23118.599609375,24127.1840234375,24535.336787109376,BEARISH,1,-1,-1,BLOCKED,WEEKLY_SIGNAL_NOT_BUY; WEEKLY_RETURN_BELOW_COST_ERROR_BUFFER; MONTHLY_FORECAST_BEARISH; MARKET_REGIME_BEARISH,1089.300048828125,1036.1875300231954,53.11251880492955,91,99126.30444335938,1000000.0,0.0,UNKNOWN,0.0,xgboost_direct_horizon,v1
BALKRISIND.NS,2026-08-14,0.007412058766931295,-0.006739482283592224,-0.09410009533166885,2363.60009765625,2217.5157055664063,88.27470228065704,1736960347.1767821,^NSEI,23118.599609375,24127.1840234375,24535.336787109376,BEARISH,1,-1,-1,BLOCKED,WEEKLY_SIGNAL_NOT_BUY; WEEKLY_RETURN_BELOW_COST_ERROR_BUFFER; MONTHLY_FORECAST_BEARISH; MARKET_REGIME_BEARISH,2363.60009765625,2187.050693094936,176.54940456131408,42,99271.2041015625,1000000.0,0.0,UNKNOWN,0.0,xgboost_direct_horizon,v1
BALRAMCHIN.NS,2026-08-17,-0.006207440979778767,0.06454917788505554,0.0417548269033432,655.75,584.2369995117188,24.526092175154456,5537729363.475024,^NSEI,23118.599609375,24127.1840234375,24535.336787109376,BEARISH,-1,1,1,BLOCKED,MARKET_REGIME_BEARISH,655.75,606.697815649691,49.05218435030895,152,99674.0,1000000.0,0.0,UNKNOWN,0.0,xgboost_direct_horizon,v1
BANDHANBNK.NS,2026-08-17,-0.005875607021152973,0.00397335272282362,-0.017270026728510857,173.25,192.35034240722655,5.294839692181301,1428628687.312683,^NSEI,23118.599609375,24127.1840234375,24535.336787109376,BEARISH,-1,0,-1,BLOCKED,WEEKLY_SIGNAL_NOT_BUY; WEEKLY_RETURN_BELOW_COST_ERROR_BUFFER; MONTHLY_FORECAST_BEARISH; CLOSE_NOT_ABOVE_SMA_50; MARKET_REGIME_BEARISH,173.25,162.6603206156374,10.589679384362597,577,99965.25,1000000.0,0.0,UNKNOWN,0.0,xgboost_direct_horizon,v1
BANKBARODA.NS,2026-08-17,-0.0040726978331804276,-0.018093163147568703,-0.04248699173331261,246.5500030517578,257.28759826660155,5.087625353389116,1927757022.7458808,^NSEI,23118.599609375,24127.1840234375,24535.336787109376,BEARISH,-1,-1,-1,BLOCKED,WEEKLY_SIGNAL_NOT_BUY; WEEKLY_RETURN_BELOW_COST_ERROR_BUFFER; MONTHLY_FORECAST_BEARISH; CLOSE_NOT_ABOVE_SMA_50; MARKET_REGIME_BEARISH,246.5500030517578,236.37475234497958,10.175250706778229,405,99852.75123596191,1000000.0,0.0,UNKNOWN,0.0,xgboost_direct_horizon,v1
BANKINDIA.NS,2026-08-17,-0.005223596468567848,-0.004721651319414377,-0.018524901941418648,143.75,143.044599609375,3.354157208954994,773817086.1383804,^NSEI,23118.599609375,24127.1840234375,24535.336787109376,BEARISH,-1,0,-1,BLOCKED,WEEKLY_SIGNAL_NOT_BUY; WEEKLY_RETURN_BELOW_COST_ERROR_BUFFER; MONTHLY_FORECAST_BEARISH; MARKET_REGIME_BEARISH,143.75,137.04168558209003,6.708314417909975,695,99906.25,1000000.0,0.0,UNKNOWN,0.0,xgboost_direct_horizon,v1
BASF.NS,2026-08-17,-0.007848734967410564,-0.036205634474754333,-0.09123577922582626,4041.199951171875,3672.8330126953124,127.98378525227723,70155486.74106446,^NSEI,23118.599609375,24127.1840234375,24535.336787109376,BEARISH,-1,-1,-1,BLOCKED,WEEKLY_SIGNAL_NOT_BUY; WEEKLY_RETURN_BELOW_COST_ERROR_BUFFER; MONTHLY_FORECAST_BEARISH; MARKET_REGIME_BEARISH,4041.199951171875,3785.2323806673207,255.96757050455426,24,96988.798828125,1000000.0,0.0,UNKNOWN,0.0,xgboost_direct_horizon,v1
BATAINDIA.NS,2026-08-17,-0.003726379480212927,-0.04759899154305458,-0.11825228482484818,732.9339599609375,671.2759802246094,22.750761887304375,145229828.3433319,^NSEI,23118.599609375,24127.1840234375,24535.336787109376,BEARISH,-1,-1,-1,BLOCKED,WEEKLY_SIGNAL_NOT_BUY; WEEKLY_RETURN_BELOW_COST_ERROR_BUFFER; MONTHLY_FORECAST_BEARISH; MARKET_REGIME_BEARISH,732.9339599609375,687.4324361863288,45.5015237746087,136,99679.0185546875,1000000.0,0.0,UNKNOWN,0.0,xgboost_direct_horizon,v1
BAYERCROP.NS,2026-08-14,0.00044053790043108165,-0.0026249734219163656,-0.023795999586582184,4045.800048828125,4151.682163085938,75.06322885657202,67108417.03930664,^NSEI,23118.599609375,24127.1840234375,24535.336787109376,BEARISH,0,0,-1,BLOCKED,WEEKLY_SIGNAL_NOT_BUY; WEEKLY_RETURN_BELOW_COST_ERROR_BUFFER; MONTHLY_FORECAST_BEARISH; CLOSE_NOT_ABOVE_SMA_50; MARKET_REGIME_BEARISH,4045.800048828125,3895.673591114981,150.1264577131442,24,97099.201171875,1000000.0,0.0,UNKNOWN,0.0,xgboost_direct_horizon,v1
BBTC.NS,2026-08-14,-0.004985058680176735,-0.015753477811813354,-0.006320720538496971,1468.199951171875,1514.8819897460937,32.10610668809504,1279844946.9729981,^NSEI,23118.599609375,24127.1840234375,24535.336787109376,BEARISH,-1,-1,0,BLOCKED,WEEKLY_SIGNAL_NOT_BUY; WEEKLY_RETURN_BELOW_COST_ERROR_BUFFER; MONTHLY_FORECAST_BEARISH; CLOSE_NOT_ABOVE_SMA_50; MARKET_REGIME_BEARISH,1468.199951171875,1403.987737795685,64.21221337619,68,99837.5966796875,1000000.0,0.0,UNKNOWN,0.0,xgboost_direct_horizon,v1
BDL.NS,2026-08-14,-0.00608349172398448,-0.05281888693571091,-0.14076252281665802,1398.0,1299.5400048828126,36.93991113636619,1929404584.9638734,^NSEI,23118.599609375,24127.1840234375,24535.336787109376,BEARISH,-1,-1,-1,BLOCKED,WEEKLY_SIGNAL_NOT_BUY; WEEKLY_RETURN_BELOW_COST_ERROR_BUFFER; MONTHLY_FORECAST_BEARISH; MARKET_REGIME_BEARISH,1398.0,1324.1201777272677,73.87982227273233,71,99258.0,1000000.0,0.0,UNKNOWN,0.0,xgboost_direct_horizon,v1
BEL.NS,2026-08-17,0.0005773528246209025,-0.004694970324635506,-0.03551892563700676,412.45001220703125,407.69703002929685,6.8312469290212166,4149749428.3981857,^NSEI,23118.599609375,24127.1840234375,24535.336787109376,BEARISH,0,0,-1,BLOCKED,WEEKLY_SIGNAL_NOT_BUY; WEEKLY_RETURN_BELOW_COST_ERROR_BUFFER; MONTHLY_FORECAST_BEARISH; MARKET_REGIME_BEARISH,412.45001220703125,398.78751834898884,13.66249385804241,242,99812.90295410156,1000000.0,0.0,UNKNOWN,0.0,xgboost_direct_horizon,v1
BEML.NS,2026-08-17,0.00881560705602169,0.00013109603605698794,0.030373113229870796,1908.5,1792.7299926757812,61.167356319152894,941594114.946405,^NSEI,23118.599609375,24127.1840234375,24535.336787109376,BEARISH,1,0,1,BLOCKED,WEEKLY_SIGNAL_NOT_BUY; WEEKLY_RETURN_BELOW_COST_ERROR_BUFFER; MARKET_REGIME_BEARISH,1908.5,1786.1652873616943,122.33471263830575,52,99242.0,1000000.0,0.0,UNKNOWN,0.0,xgboost_direct_horizon,v1
BERGEPAINT.NS,2026-08-14,0.0024230938870459795,-0.03421459347009659,-0.14001572132110596,545.0999755859375,514.0941729736328,17.08778501517827,135344415.9066162,^NSEI,23118.599609375,24127.1840234375,24535.336787109376,BEARISH,0,-1,-1,BLOCKED,WEEKLY_SIGNAL_NOT_BUY; WEEKLY_RETURN_BELOW_COST_ERROR_BUFFER; MONTHLY_FORECAST_BEARISH; MARKET_REGIME_BEARISH,545.0999755859375,510.92440555558096,34.17557003035654,183,99753.29553222656,1000000.0,0.0,UNKNOWN,0.0,xgboost_direct_horizon,v1
BHARATFORG.NS,2026-08-17,0.0013519482454285026,-0.007553370203822851,-0.05495397001504898,2093.0,2115.40357421875,59.88016282945106,1874520013.1528993,^NSEI,23118.599609375,24127.1840234375,24535.336787109376,BEARISH,0,-1,-1,BLOCKED,WEEKLY_SIGNAL_NOT_BUY; WEEKLY_RETURN_BELOW_COST_ERROR_BUFFER; MONTHLY_FORECAST_BEARISH; CLOSE_NOT_ABOVE_SMA_50; MARKET_REGIME_BEARISH,2093.0,1973.239674341098,119.76032565890205,47,98371.0,1000000.0,0.0,UNKNOWN,0.0,xgboost_direct_horizon,v1
BHARTIARTL.NS,2026-08-17,-0.006989169400185347,-0.010617944411933422,-0.06867922842502594,1969.300048828125,1891.3815893554688,36.55369374076437,10536200328.405268,^NSEI,23118.599609375,24127.1840234375,24535.336787109376,BEARISH,-1,-1,-1,BLOCKED,WEEKLY_SIGNAL_NOT_BUY; WEEKLY_RETURN_BELOW_COST_ERROR_BUFFER; MONTHLY_FORECAST_BEARISH; MARKET_REGIME_BEARISH,1969.300048828125,1896.1926613465962,73.1073874815288,50,98465.00244140625,1000000.0,0.0,UNKNOWN,0.0,xgboost_direct_horizon,v1
BHARTIHEXA.NS,2026-08-17,-0.01784011907875538,-0.013500271365046501,-0.07948185503482819,1641.0,1529.9680737304689,52.62503508629936,109893942.12475586,^NSEI,23118.599609375,24127.1840234375,24535.336787109376,BEARISH,-1,-1,-1,BLOCKED,WEEKLY_SIGNAL_NOT_BUY; WEEKLY_RETURN_BELOW_COST_ERROR_BUFFER; MONTHLY_FORECAST_BEARISH; MARKET_REGIME_BEARISH,1641.0,1535.7499298274013,105.25007017259873,60,98460.0,1000000.0,0.0,UNKNOWN,0.0,xgboost_direct_horizon,v1
BHEL.NS,2026-08-17,-0.02218363620340824,-0.059520650655031204,-0.04014098271727562,435.95001220703125,403.8089404296875,12.225051976445226,2740233286.106224,^NSEI,23118.599609375,24127.1840234375,24535.336787109376,BEARISH,-1,-1,-1,BLOCKED,WEEKLY_SIGNAL_NOT_BUY; WEEKLY_RETURN_BELOW_COST_ERROR_BUFFER; MONTHLY_FORECAST_BEARISH; MARKET_REGIME_BEARISH,435.95001220703125,411.4999082541408,24.45010395289046,229,99832.55279541016,1000000.0,0.0,UNKNOWN,0.0,xgboost_direct_horizon,v1
BIKAJI.NS,2026-08-14,0.0016206973232328892,-0.009297999553382397,-0.08639349043369293,613.2999877929688,644.1542980957031,14.125956867502051,111121635.26983337,^NSEI,23118.599609375,24127.1840234375,24535.336787109376,BEARISH,0,-1,-1,BLOCKED,WEEKLY_SIGNAL_NOT_BUY; WEEKLY_RETURN_BELOW_COST_ERROR_BUFFER; MONTHLY_FORECAST_BEARISH; CLOSE_NOT_ABOVE_SMA_50; MARKET_REGIME_BEARISH,613.2999877929688,585.0480740579646,28.25191373500411,163,99967.8980102539,1000000.0,0.0,UNKNOWN,0.0,xgboost_direct_horizon,v1
BIOCON.NS,2026-08-17,0.008793103508651257,0.0028111375868320465,-0.05071384087204933,412.0,422.7236584472656,9.71628917197052,1161334837.7627854,^NSEI,23118.599609375,24127.1840234375,24535.336787109376,BEARISH,1,0,-1,BLOCKED,WEEKLY_SIGNAL_NOT_BUY; WEEKLY_RETURN_BELOW_COST_ERROR_BUFFER; MONTHLY_FORECAST_BEARISH; CLOSE_NOT_ABOVE_SMA_50; MARKET_REGIME_BEARISH,412.0,392.56742165605897,19.43257834394103,242,99704.0,1000000.0,0.0,UNKNOWN,0.0,xgboost_direct_horizon,v1
BLS.NS,2026-08-17,-0.013148033060133457,-0.06028106063604355,-0.13048556447029114,272.55999755859375,250.91679992675782,8.61808140688932,696503896.0754128,^NSEI,23118.599609375,24127.1840234375,24535.336787109376,BEARISH,-1,-1,-1,BLOCKED,WEEKLY_SIGNAL_NOT_BUY; WEEKLY_RETURN_BELOW_COST_ERROR_BUFFER; MONTHLY_FORECAST_BEARISH; MARKET_REGIME_BEARISH,272.55999755859375,255.32383474481512,17.236162813778634,366,99756.95910644531,1000000.0,0.0,UNKNOWN,0.0,xgboost_direct_horizon,v1
BLUEDART.NS,2026-08-14,-0.0006901411688886583,-0.01023516058921814,-0.048120178282260895,5141.0,4959.1559765625,149.26847366683722,40788156.24157715,^NSEI,23118.599609375,24127.1840234375,24535.336787109376,BEARISH,0,-1,-1,BLOCKED,WEEKLY_SIGNAL_NOT_BUY; WEEKLY_RETURN_BELOW_COST_ERROR_BUFFER; MONTHLY_FORECAST_BEARISH; MARKET_REGIME_BEARISH; INSUFFICIENT_LIQUIDITY,5141.0,4842.463052666326,298.5369473336741,19,97679.0,1000000.0,0.0,UNKNOWN,0.0,xgboost_direct_horizon,v1
BLUESTARCO.NS,2026-08-14,0.0013501757057383657,0.011765186674892902,0.009671613574028015,1508.0,1625.918837890625,50.82456777652238,781735559.4481446,^NSEI,23118.599609375,24127.1840234375,24535.336787109376,BEARISH,0,1,0,BLOCKED,CLOSE_NOT_ABOVE_SMA_50; MARKET_REGIME_BEARISH,1508.0,1406.3508644469553,101.64913555304474,66,99528.0,1000000.0,0.0,UNKNOWN,0.0,xgboost_direct_horizon,v1
BOSCHLTD.NS,2026-08-17,0.01987067423760891,0.024578291922807693,0.009575031697750092,46970.0,41223.401484375,1055.4991058794433,1853163906.5,^NSEI,23118.599609375,24127.1840234375,24535.336787109376,BEARISH,1,1,0,BLOCKED,MARKET_REGIME_BEARISH,46970.0,44859.00178824111,2110.998211758888,2,93940.0,1000000.0,0.0,UNKNOWN,0.0,xgboost_direct_horizon,v1
BPCL.NS,2026-08-17,-0.0035296317655593157,-0.006469763349741697,-0.05156923830509186,316.6499938964844,311.8400006103516,6.635837107935154,1488522305.9993637,^NSEI,23118.599609375,24127.1840234375,24535.336787109376,BEARISH,-1,-1,-1,BLOCKED,WEEKLY_SIGNAL_NOT_BUY; WEEKLY_RETURN_BELOW_COST_ERROR_BUFFER; MONTHLY_FORECAST_BEARISH; MARKET_REGIME_BEARISH,316.6499938964844,303.3783196806141,13.271674215870291,315,99744.74807739258,1000000.0,0.0,UNKNOWN,0.0,xgboost_direct_horizon,v1
BRIGADE.NS,2026-08-14,-0.00407853489741683,0.02735114097595215,0.07288958132266998,591.5499877929688,543.1349475097657,18.675270788934547,553562973.8110412,^NSEI,23118.599609375,24127.1840234375,24535.336787109376,BEARISH,-1,1,1,BLOCKED,MARKET_REGIME_BEARISH,591.5499877929688,554.1994462150997,37.35054157786908,169,99971.94793701172,1000000.0,0.0,UNKNOWN,0.0,xgboost_direct_horizon,v1
BRITANNIA.NS,2026-08-17,0.0014657715801149607,-0.015609418973326683,-0.07903196662664413,5521.0,5297.01865234375,104.92540052155684,1435040601.8,^NSEI,23118.599609375,24127.1840234375,24535.336787109376,BEARISH,0,-1,-1,BLOCKED,WEEKLY_SIGNAL_NOT_BUY; WEEKLY_RETURN_BELOW_COST_ERROR_BUFFER; MONTHLY_FORECAST_BEARISH; MARKET_REGIME_BEARISH,5521.0,5311.149198956887,209.85080104311328,18,99378.0,1000000.0,0.0,UNKNOWN,0.0,xgboost_direct_horizon,v1
BSE.NS,2026-08-14,-0.018847277387976646,-0.02760380133986473,-0.04195086285471916,3447.0,3746.337412109375,101.90342966220155,15964169414.995203,^NSEI,23118.599609375,24127.1840234375,24535.336787109376,BEARISH,-1,-1,-1,BLOCKED,WEEKLY_SIGNAL_NOT_BUY; WEEKLY_RETURN_BELOW_COST_ERROR_BUFFER; MONTHLY_FORECAST_BEARISH; CLOSE_NOT_ABOVE_SMA_50; MARKET_REGIME_BEARISH,3447.0,3243.193140675597,203.80685932440292,29,99963.0,1000000.0,0.0,UNKNOWN,0.0,xgboost_direct_horizon,v1
BSOFT.NS,2026-08-17,-0.004855685867369175,-0.016156641766428947,-0.061847951263189316,310.79998779296875,300.4357257080078,10.612455876942494,463615152.63881075,^NSEI,23118.599609375,24127.1840234375,24535.336787109376,BEARISH,-1,-1,-1,BLOCKED,WEEKLY_SIGNAL_NOT_BUY; WEEKLY_RETURN_BELOW_COST_ERROR_BUFFER; MONTHLY_FORECAST_BEARISH; MARKET_REGIME_BEARISH,310.79998779296875,289.57507603908374,21.22491175388501,321,99766.79608154297,1000000.0,0.0,UNKNOWN,0.0,xgboost_direct_horizon,v1
CAMPUS.NS,2026-08-14,0.00025491369888186455,0.01727309264242649,-0.02323138155043125,218.39999389648438,227.43350555419923,6.019881068218428,104634486.9361473,^NSEI,23118.599609375,24127.1840234375,24535.336787109376,BEARISH,0,1,-1,BLOCKED,MONTHLY_FORECAST_BEARISH; CLOSE_NOT_ABOVE_SMA_50; MARKET_REGIME_BEARISH,218.39999389648438,206.36023176004753,12.039762136436849,457,99808.79721069336,1000000.0,0.0,UNKNOWN,0.0,xgboost_direct_horizon,v1
CAMS.NS,2026-08-14,0.010344992391765118,-0.007944593206048012,-0.040647853165864944,762.25,778.3296887207031,19.541079432488434,1037946534.1863525,^NSEI,23118.599609375,24127.1840234375,24535.336787109376,BEARISH,1,-1,-1,BLOCKED,WEEKLY_SIGNAL_NOT_BUY; WEEKLY_RETURN_BELOW_COST_ERROR_BUFFER; MONTHLY_FORECAST_BEARISH; CLOSE_NOT_ABOVE_SMA_50; MARKET_REGIME_BEARISH,762.25,723.1678411350231,39.08215886497692,131,99854.75,1000000.0,0.0,UNKNOWN,0.0,xgboost_direct_horizon,v1
CANBK.NS,2026-08-17,-0.0032072493340820074,-0.024738313630223274,-0.04963478073477745,131.10000610351562,128.5189358520508,2.927877252396405,1504841607.3889828,^NSEI,23118.599609375,24127.1840234375,24535.336787109376,BEARISH,-1,-1,-1,BLOCKED,WEEKLY_SIGNAL_NOT_BUY; WEEKLY_RETURN_BELOW_COST_ERROR_BUFFER; MONTHLY_FORECAST_BEARISH; MARKET_REGIME_BEARISH,131.10000610351562,125.24425159872281,5.855754504792813,762,99898.2046508789,1000000.0,0.0,UNKNOWN,0.0,xgboost_direct_horizon,v1
CANFINHOME.NS,2026-08-14,-0.002985564526170492,0.011248007416725159,-0.022797321900725365,820.7999877929688,854.6228491210937,18.122345372844403,190584622.74450073,^NSEI,23118.599609375,24127.1840234375,24535.336787109376,BEARISH,-1,1,-1,BLOCKED,MONTHLY_FORECAST_BEARISH; CLOSE_NOT_ABOVE_SMA_50; MARKET_REGIME_BEARISH,820.7999877929688,784.55529704728,36.244690745688786,121,99316.79852294922,1000000.0,0.0,UNKNOWN,0.0,xgboost_direct_horizon,v1
CAPLIPOINT.NS,2026-08-14,0.009586138650774956,0.02346659079194069,0.04480533301830292,2480.5,2519.69599609375,93.13605736171871,686427580.9277344,^NSEI,23118.599609375,24127.1840234375,24535.336787109376,BEARISH,1,1,1,BLOCKED,CLOSE_NOT_ABOVE_SMA_50; MARKET_REGIME_BEARISH,2480.5,2294.2278852765626,186.27211472343743,40,99220.0,1000000.0,0.0,UNKNOWN,0.0,xgboost_direct_horizon,v1
CARBORUNIV.NS,2026-08-17,0.0018223169026896358,0.0030598100274801254,-0.06958000361919403,1122.699951171875,1105.3052319335939,43.87186886068883,242689634.0406189,^NSEI,23118.599609375,24127.1840234375,24535.336787109376,BEARISH,0,0,-1,BLOCKED,WEEKLY_SIGNAL_NOT_BUY; WEEKLY_RETURN_BELOW_COST_ERROR_BUFFER; MONTHLY_FORECAST_BEARISH; MARKET_REGIME_BEARISH,1122.699951171875,1034.9562134504974,87.74373772137756,85,95429.49584960938,1000000.0,0.0,UNKNOWN,0.0,xgboost_direct_horizon,v1
CASTROLIND.NS,2026-08-17,-0.0028522564098238945,0.003602927550673485,0.001336178625933826,187.5500030517578,180.16089630126953,2.2515431416842535,352578376.82028735,^NSEI,23118.599609375,24127.1840234375,24535.336787109376,BEARISH,-1,0,0,BLOCKED,WEEKLY_SIGNAL_NOT_BUY; WEEKLY_RETURN_BELOW_COST_ERROR_BUFFER; MARKET_REGIME_BEARISH,187.5500030517578,183.0469167683893,4.5030862833685035,533,99964.15162658691,1000000.0,0.0,UNKNOWN,0.0,xgboost_direct_horizon,v1
CCL.NS,2026-08-14,-0.0011355100432410836,-0.018999040126800537,-0.03084365837275982,1130.2510986328125,1164.2363940429686,29.55760829868089,170927267.2772705,^NSEI,23118.599609375,24127.1840234375,24535.336787109376,BEARISH,0,-1,-1,BLOCKED,WEEKLY_SIGNAL_NOT_BUY; WEEKLY_RETURN_BELOW_COST_ERROR_BUFFER; MONTHLY_FORECAST_BEARISH; CLOSE_NOT_ABOVE_SMA_50; MARKET_REGIME_BEARISH,1130.2510986328125,1071.1358820354508,59.11521659736172,88,99462.0966796875,1000000.0,0.0,UNKNOWN,0.0,xgboost_direct_horizon,v1
CDSL.NS,2026-08-14,0.003402718808501959,0.01988559402525425,0.008802870288491249,1344.4000244140625,1325.9014770507813,26.681712158135692,1872636324.3365357,^NSEI,23118.599609375,24127.1840234375,24535.336787109376,BEARISH,1,1,0,BLOCKED,MARKET_REGIME_BEARISH,1344.4000244140625,1291.036600097791,53.36342431627145,74,99485.60180664062,1000000.0,0.0,UNKNOWN,0.0,xgboost_direct_horizon,v1
CEATLTD.NS,2026-08-17,0.004685728345066309,0.0013045839732512832,-0.04122524335980415,3608.5,3537.6406494140624,99.44672688006588,172856980.37877196,^NSEI,23118.599609375,24127.1840234375,24535.336787109376,BEARISH,1,0,-1,BLOCKED,WEEKLY_SIGNAL_NOT_BUY; WEEKLY_RETURN_BELOW_COST_ERROR_BUFFER; MONTHLY_FORECAST_BEARISH; MARKET_REGIME_BEARISH,3608.5,3409.6065462398683,198.8934537601317,27,97429.5,1000000.0,0.0,UNKNOWN,0.0,xgboost_direct_horizon,v1
CELLO.NS,2026-08-17,-0.011353310197591782,-0.02917174994945526,-0.10748818516731262,369.6000061035156,366.6377471923828,13.853049688996883,77527421.56455079,^NSEI,23118.599609375,24127.1840234375,24535.336787109376,BEARISH,-1,-1,-1,BLOCKED,WEEKLY_SIGNAL_NOT_BUY; WEEKLY_RETURN_BELOW_COST_ERROR_BUFFER; MONTHLY_FORECAST_BEARISH; MARKET_REGIME_BEARISH,369.6000061035156,341.89390672552184,27.70609937799378,270,99792.00164794922,1000000.0,0.0,UNKNOWN,0.0,xgboost_direct_horizon,v1
CENTRALBK.NS,2026-08-17,-0.0005657073925249279,-0.0035831693094223738,-0.015048734843730927,31.270000457763672,31.849199981689452,0.5149655377720727,173252495.41156024,^NSEI,23118.599609375,24127.1840234375,24535.336787109376,BEARISH,0,0,-1,BLOCKED,WEEKLY_SIGNAL_NOT_BUY; WEEKLY_RETURN_BELOW_COST_ERROR_BUFFER; MONTHLY_FORECAST_BEARISH; CLOSE_NOT_ABOVE_SMA_50; MARKET_REGIME_BEARISH,31.270000457763672,30.240069382219527,1.0299310755441446,3197,99970.19146347046,1000000.0,0.0,UNKNOWN,0.0,xgboost_direct_horizon,v1
CENTURYPLY.NS,2026-08-14,-0.00474189780652523,-0.0007271246868185699,-0.031169956550002098,755.5332641601562,768.3639978027344,20.904106940743247,39063697.42622681,^NSEI,23118.599609375,24127.1840234375,24535.336787109376,BEARISH,-1,0,-1,BLOCKED,WEEKLY_SIGNAL_NOT_BUY; WEEKLY_RETURN_BELOW_COST_ERROR_BUFFER; MONTHLY_FORECAST_BEARISH; CLOSE_NOT_ABOVE_SMA_50; MARKET_REGIME_BEARISH; INSUFFICIENT_LIQUIDITY,755.5332641601562,713.7250502786698,41.808213881486495,132,99730.39086914062,1000000.0,0.0,UNKNOWN,0.0,xgboost_direct_horizon,v1
CERA.NS,2026-08-14,-0.00807078368961811,-0.006560680456459522,-0.03422360494732857,5872.0,6161.982939453125,167.4727529111664,34615697.475,^NSEI,23118.599609375,24127.1840234375,24535.336787109376,BEARISH,-1,-1,-1,BLOCKED,WEEKLY_SIGNAL_NOT_BUY; WEEKLY_RETURN_BELOW_COST_ERROR_BUFFER; MONTHLY_FORECAST_BEARISH; CLOSE_NOT_ABOVE_SMA_50; MARKET_REGIME_BEARISH; INSUFFICIENT_LIQUIDITY,5872.0,5537.054494177667,334.94550582233296,17,99824.0,1000000.0,0.0,UNKNOWN,0.0,xgboost_direct_horizon,v1
CESC.NS,2026-08-14,0.0009595412411727011,-0.029999839141964912,-0.12312789261341095,161.83535766601562,160.4641436767578,3.6542611871668775,291455582.02704924,^NSEI,23118.599609375,24127.1840234375,24535.336787109376,BEARISH,0,-1,-1,BLOCKED,WEEKLY_SIGNAL_NOT_BUY; WEEKLY_RETURN_BELOW_COST_ERROR_BUFFER; MONTHLY_FORECAST_BEARISH; MARKET_REGIME_BEARISH,161.83535766601562,154.52683529168186,7.308522374333762,617,99852.41567993164,1000000.0,0.0,UNKNOWN,0.0,xgboost_direct_horizon,v1
CGCL.NS,2026-08-17,-0.0003710555611178279,0.015470937825739384,0.14597256481647491,226.07347106933594,230.96825500488282,8.871597548127957,1983273174.2678046,^NSEI,23118.599609375,24127.1840234375,24535.336787109376,BEARISH,0,1,1,BLOCKED,CLOSE_NOT_ABOVE_SMA_50; MARKET_REGIME_BEARISH,226.07347106933594,208.33027597308003,17.743195096255903,422,95403.00479125977,1000000.0,0.0,UNKNOWN,0.0,xgboost_direct_horizon,v1
CGPOWER.NS,2026-08-17,-0.0002566039329394698,-0.02065608836710453,-0.02517911233007908,898.7999877929688,908.1209973144531,23.271140282141516,2279625289.8840117,^NSEI,23118.599609375,24127.1840234375,24535.336787109376,BEARISH,0,-1,-1,BLOCKED,WEEKLY_SIGNAL_NOT_BUY; WEEKLY_RETURN_BELOW_COST_ERROR_BUFFER; MONTHLY_FORECAST_BEARISH; CLOSE_NOT_ABOVE_SMA_50; MARKET_REGIME_BEARISH,898.7999877929688,852.2577072286857,46.54228056428303,111,99766.79864501953,1000000.0,0.0,UNKNOWN,0.0,xgboost_direct_horizon,v1
CHALET.NS,2026-08-14,0.010739847086369991,0.024529417976737022,0.05684121698141098,824.1575927734375,815.6733203125,22.83857432938904,203182784.85455626,^NSEI,23118.599609375,24127.1840234375,24535.336787109376,BEARISH,1,1,1,BLOCKED,MARKET_REGIME_BEARISH,824.1575927734375,778.4804441146595,45.67714865877804,121,99723.06872558594,1000000.0,0.0,UNKNOWN,0.0,xgboost_direct_horizon,v1
CHAMBLFERT.NS,2026-08-14,-0.0035517930518835783,-0.015614436008036137,-0.055286552757024765,442.70001220703125,453.5793096923828,8.598825332893854,263574482.83081514,^NSEI,23118.599609375,24127.1840234375,24535.336787109376,BEARISH,-1,-1,-1,BLOCKED,WEEKLY_SIGNAL_NOT_BUY; WEEKLY_RETURN_BELOW_COST_ERROR_BUFFER; MONTHLY_FORECAST_BEARISH; CLOSE_NOT_ABOVE_SMA_50; MARKET_REGIME_BEARISH,442.70001220703125,425.50236154124354,17.197650665787705,225,99607.50274658203,1000000.0,0.0,UNKNOWN,0.0,xgboost_direct_horizon,v1
CHENNPETRO.NS,2026-08-17,0.003934183157980442,0.01433370541781187,0.07680585235357285,1382.4000244140625,1160.70166015625,69.58816286831843,3202014386.4153075,^NSEI,23118.599609375,24127.1840234375,24535.336787109376,BEARISH,1,1,1,BLOCKED,MARKET_REGIME_BEARISH,1382.4000244140625,1243.2236986774255,139.17632573663695,53,73267.20129394531,1000000.0,0.0,UNKNOWN,0.0,xgboost_direct_horizon,v1
CHOLAFIN.NS,2026-08-14,-0.0010390979005023837,-0.009415403008460999,-0.04074454307556152,1894.4000244140625,1767.1202270507813,52.250067051733595,1964373901.0593019,^NSEI,23118.599609375,24127.1840234375,24535.336787109376,BEARISH,0,-1,-1,BLOCKED,WEEKLY_SIGNAL_NOT_BUY; WEEKLY_RETURN_BELOW_COST_ERROR_BUFFER; MONTHLY_FORECAST_BEARISH; MARKET_REGIME_BEARISH,1894.4000244140625,1789.8998903105953,104.50013410346719,52,98508.80126953125,1000000.0,0.0,UNKNOWN,0.0,xgboost_direct_horizon,v1
CHOLAHLDNG.NS,2026-08-14,-0.0074307844042778015,-0.01959615759551525,-0.033530738204717636,1597.199951171875,1582.0925048828126,58.214975342351394,164915285.8041687,^NSEI,23118.599609375,24127.1840234375,24535.336787109376,BEARISH,-1,-1,-1,BLOCKED,WEEKLY_SIGNAL_NOT_BUY; WEEKLY_RETURN_BELOW_COST_ERROR_BUFFER; MONTHLY_FORECAST_BEARISH; MARKET_REGIME_BEARISH,1597.199951171875,1480.7700004871722,116.42995068470282,62,99026.39697265625,1000000.0,0.0,UNKNOWN,0.0,xgboost_direct_horizon,v1
CIPLA.NS,2026-08-14,-0.004635191056877375,-0.007041173055768013,-0.039701081812381744,1450.0,1431.3760034179688,24.92214225688403,1139514086.2972107,^NSEI,23118.599609375,24127.1840234375,24535.336787109376,BEARISH,-1,-1,-1,BLOCKED,WEEKLY_SIGNAL_NOT_BUY; WEEKLY_RETURN_BELOW_COST_ERROR_BUFFER; MONTHLY_FORECAST_BEARISH; MARKET_REGIME_BEARISH,1450.0,1400.1557154862319,49.844284513768116,68,98600.0,1000000.0,0.0,UNKNOWN,0.0,xgboost_direct_horizon,v1
CLEAN.NS,2026-08-14,0.016108177602291107,0.015599329955875874,0.012582439929246902,817.6474609375,766.815966796875,25.283944701303383,293285462.1741974,^NSEI,23118.599609375,24127.1840234375,24535.336787109376,BEARISH,1,1,1,BLOCKED,MARKET_REGIME_BEARISH,817.6474609375,767.0795715348933,50.56788940260674,122,99752.990234375,1000000.0,0.0,UNKNOWN,0.0,xgboost_direct_horizon,v1
COALINDIA.NS,2026-08-17,-0.005343971308320761,-0.013772686943411827,0.037981066852808,403.3450012207031,420.6711047363281,5.640521234980024,4568453093.856867,^NSEI,23118.599609375,24127.1840234375,24535.336787109376,BEARISH,-1,-1,1,BLOCKED,WEEKLY_SIGNAL_NOT_BUY; WEEKLY_RETURN_BELOW_COST_ERROR_BUFFER; CLOSE_NOT_ABOVE_SMA_50; MARKET_REGIME_BEARISH,403.3450012207031,392.0639587507431,11.281042469960028,247,99626.21530151367,1000000.0,0.0,UNKNOWN,0.0,xgboost_direct_horizon,v1
COCHINSHIP.NS,2026-08-17,0.006568465381860733,0.028709199279546738,-0.017432088032364845,1457.800048828125,1444.677998046875,36.39091411902111,1687347229.7518127,^NSEI,23118.599609375,24127.1840234375,24535.336787109376,BEARISH,1,1,-1,BLOCKED,MONTHLY_FORECAST_BEARISH; MARKET_REGIME_BEARISH,1457.800048828125,1385.0182205900828,72.78182823804218,68,99130.4033203125,1000000.0,0.0,UNKNOWN,0.0,xgboost_direct_horizon,v1
COFORGE.NS,2026-08-17,-0.006257413886487484,0.028048234060406685,0.0002601169398985803,1806.0,1557.0440454101563,47.894381563942574,5129054014.823529,^NSEI,23118.599609375,24127.1840234375,24535.336787109376,BEARISH,-1,1,0,BLOCKED,MARKET_REGIME_BEARISH,1806.0,1710.2112368721148,95.7887631278852,55,99330.0,1000000.0,0.0,UNKNOWN,0.0,xgboost_direct_horizon,v1
COLPAL.NS,2026-08-17,-0.015221710316836834,-0.027360515668988228,-0.03969496116042137,1964.0,2042.3840063476562,40.57163125251358,759754874.7884766,^NSEI,23118.599609375,24127.1840234375,24535.336787109376,BEARISH,-1,-1,-1,BLOCKED,WEEKLY_SIGNAL_NOT_BUY; WEEKLY_RETURN_BELOW_COST_ERROR_BUFFER; MONTHLY_FORECAST_BEARISH; CLOSE_NOT_ABOVE_SMA_50; MARKET_REGIME_BEARISH,1964.0,1882.8567374949728,81.14326250502722,50,98200.0,1000000.0,0.0,UNKNOWN,0.0,xgboost_direct_horizon,v1
CONCOR.NS,2026-08-17,-0.002807610435411334,-0.0026929015293717384,-0.051743898540735245,524.5,485.9050628662109,13.333167802731776,580407658.5918167,^NSEI,23118.599609375,24127.1840234375,24535.336787109376,BEARISH,-1,0,-1,BLOCKED,WEEKLY_SIGNAL_NOT_BUY; WEEKLY_RETURN_BELOW_COST_ERROR_BUFFER; MONTHLY_FORECAST_BEARISH; MARKET_REGIME_BEARISH,524.5,497.83366439453647,26.66633560546353,190,99655.0,1000000.0,0.0,UNKNOWN,0.0,xgboost_direct_horizon,v1
CONCORDBIO.NS,2026-08-14,0.023573897778987885,0.07021947205066681,0.017454426735639572,1451.300048828125,1324.9313842773438,48.47159800142015,269878647.01494753,^NSEI,23118.599609375,24127.1840234375,24535.336787109376,BEARISH,1,1,1,BLOCKED,MARKET_REGIME_BEARISH,1451.300048828125,1354.3568528252847,96.9431960028403,68,98688.4033203125,1000000.0,0.0,UNKNOWN,0.0,xgboost_direct_horizon,v1
COROMANDEL.NS,2026-08-17,-0.007503320928663015,-0.041905466467142105,-0.06854210793972015,2097.89990234375,2025.7522534179689,46.45247566082456,253731539.10578004,^NSEI,23118.599609375,24127.1840234375,24535.336787109376,BEARISH,-1,-1,-1,BLOCKED,WEEKLY_SIGNAL_NOT_BUY; WEEKLY_RETURN_BELOW_COST_ERROR_BUFFER; MONTHLY_FORECAST_BEARISH; MARKET_REGIME_BEARISH,2097.89990234375,2004.9949510221008,92.90495132164915,47,98601.29541015625,1000000.0,0.0,UNKNOWN,0.0,xgboost_direct_horizon,v1
CRAFTSMAN.NS,2026-08-14,0.008931645192205906,0.03297147527337074,0.10517968237400055,10251.0,9523.28806640625,328.95827838330615,623072838.95,^NSEI,23118.599609375,24127.1840234375,24535.336787109376,BEARISH,1,1,1,BLOCKED,MARKET_REGIME_BEARISH,10251.0,9593.083443233387,657.9165567666132,9,92259.0,1000000.0,0.0,UNKNOWN,0.0,xgboost_direct_horizon,v1
CREDITACC.NS,2026-08-14,-0.0017714628484100103,-0.022115454077720642,-0.08404255658388138,1549.4000244140625,1485.2800048828126,43.14914948120896,357856325.1220459,^NSEI,23118.599609375,24127.1840234375,24535.336787109376,BEARISH,0,-1,-1,BLOCKED,WEEKLY_SIGNAL_NOT_BUY; WEEKLY_RETURN_BELOW_COST_ERROR_BUFFER; MONTHLY_FORECAST_BEARISH; MARKET_REGIME_BEARISH,1549.4000244140625,1463.1017254516446,86.2982989624179,64,99161.6015625,1000000.0,0.0,UNKNOWN,0.0,xgboost_direct_horizon,v1
CRISIL.NS,2026-08-17,-0.003093893174082041,0.0021062311716377735,0.04406140372157097,4488.2998046875,4217.606206054687,113.24367000038008,253378422.9850586,^NSEI,23118.599609375,24127.1840234375,24535.336787109376,BEARISH,-1,0,1,BLOCKED,WEEKLY_SIGNAL_NOT_BUY; WEEKLY_RETURN_BELOW_COST_ERROR_BUFFER; MARKET_REGIME_BEARISH,4488.2998046875,4261.81246468674,226.48734000076,22,98742.595703125,1000000.0,0.0,UNKNOWN,0.0,xgboost_direct_horizon,v1
CROMPTON.NS,2026-08-14,-0.004390632268041372,0.010737566277384758,-0.06989836692810059,248.3000030517578,260.0488735961914,7.4354203129023295,975359853.3005241,^NSEI,23118.599609375,24127.1840234375,24535.336787109376,BEARISH,-1,1,-1,BLOCKED,MONTHLY_FORECAST_BEARISH; CLOSE_NOT_ABOVE_SMA_50; MARKET_REGIME_BEARISH,248.3000030517578,233.42916242595317,14.870840625804647,402,99816.60122680664,1000000.0,0.0,UNKNOWN,0.0,xgboost_direct_horizon,v1
CUB.NS,2026-08-17,0.014305862598121166,0.00013322950690053403,0.035525452345609665,215.1999969482422,210.87781463623048,7.875523273120543,585382041.4031471,^NSEI,23118.599609375,24127.1840234375,24535.336787109376,BEARISH,1,0,1,BLOCKED,WEEKLY_SIGNAL_NOT_BUY; WEEKLY_RETURN_BELOW_COST_ERROR_BUFFER; MARKET_REGIME_BEARISH,215.1999969482422,199.4489504020011,15.7510465462411,464,99852.79858398438,1000000.0,0.0,UNKNOWN,0.0,xgboost_direct_horizon,v1
CUMMINSIND.NS,2026-08-14,0.007043145131319761,-0.03542710095643997,-0.059624601155519485,5400.0,5537.13701171875,129.04094912810135,2357687560.25,^NSEI,23118.599609375,24127.1840234375,24535.336787109376,BEARISH,1,-1,-1,BLOCKED,WEEKLY_SIGNAL_NOT_BUY; WEEKLY_RETURN_BELOW_COST_ERROR_BUFFER; MONTHLY_FORECAST_BEARISH; CLOSE_NOT_ABOVE_SMA_50; MARKET_REGIME_BEARISH,5400.0,5141.918101743798,258.0818982562023,18,97200.0,1000000.0,0.0,UNKNOWN,0.0,xgboost_direct_horizon,v1
CYIENT.NS,2026-08-17,-0.005806259345263243,0.02591526322066784,0.22232657670974731,868.0,861.301005859375,23.78427645782121,1822199950.1710632,^NSEI,23118.599609375,24127.1840234375,24535.336787109376,BEARISH,-1,1,1,BLOCKED,MARKET_REGIME_BEARISH,868.0,820.4314470843576,47.568552915642385,115,99820.0,1000000.0,0.0,UNKNOWN,0.0,xgboost_direct_horizon,v1
DABUR.NS,2026-08-17,-0.003948537167161703,-0.007870912551879883,-0.050613611936569214,406.79998779296875,423.37488342285155,7.538678003807514,827819910.6204087,^NSEI,23118.599609375,24127.1840234375,24535.336787109376,BEARISH,-1,-1,-1,BLOCKED,WEEKLY_SIGNAL_NOT_BUY; WEEKLY_RETURN_BELOW_COST_ERROR_BUFFER; MONTHLY_FORECAST_BEARISH; CLOSE_NOT_ABOVE_SMA_50; MARKET_REGIME_BEARISH,406.79998779296875,391.7226317853537,15.077356007615037,245,99665.99700927734,1000000.0,0.0,UNKNOWN,0.0,xgboost_direct_horizon,v1
DALBHARAT.NS,2026-08-14,0.0013147968566045165,0.014334782026708126,-0.06436129659414291,1842.0,1768.25708984375,41.27963982945788,540997432.7903259,^NSEI,23118.599609375,24127.1840234375,24535.336787109376,BEARISH,0,1,-1,BLOCKED,MONTHLY_FORECAST_BEARISH; MARKET_REGIME_BEARISH,1842.0,1759.4407203410842,82.55927965891578,54,99468.0,1000000.0,0.0,UNKNOWN,0.0,xgboost_direct_horizon,v1
DATAPATTNS.NS,2026-08-14,0.009332421235740185,0.0645100548863411,0.011312496848404408,4455.7998046875,4448.913315429688,182.8535233635314,4304582388.108252,^NSEI,23118.599609375,24127.1840234375,24535.336787109376,BEARISH,1,1,0,BLOCKED,MARKET_REGIME_BEARISH,4455.7998046875,4090.092757960437,365.7070467270628,20,89115.99609375,1000000.0,0.0,UNKNOWN,0.0,xgboost_direct_horizon,v1
DBREALTY.NS,2026-08-17,-0.008294176310300827,-0.016248997300863266,-0.08552668988704681,108.51000213623047,114.07740005493164,4.165853186785175,153491396.81892318,^NSEI,23118.599609375,24127.1840234375,24535.336787109376,BEARISH,-1,-1,-1,BLOCKED,WEEKLY_SIGNAL_NOT_BUY; WEEKLY_RETURN_BELOW_COST_ERROR_BUFFER; MONTHLY_FORECAST_BEARISH; CLOSE_NOT_ABOVE_SMA_50; MARKET_REGIME_BEARISH,108.51000213623047,100.17829576266011,8.331706373570356,900,97659.00192260742,1000000.0,0.0,UNKNOWN,0.0,xgboost_direct_horizon,v1
DCMSHRIRAM.NS,2026-08-17,0.004720354452729225,0.03173061087727547,-0.0036016504745930433,1018.4000244140625,1026.4524230957031,29.55521204929172,110692141.19888306,^NSEI,23118.599609375,24127.1840234375,24535.336787109376,BEARISH,1,1,0,BLOCKED,CLOSE_NOT_ABOVE_SMA_50; MARKET_REGIME_BEARISH,1018.4000244140625,959.2896003154791,59.110424098583394,98,99803.20239257812,1000000.0,0.0,UNKNOWN,0.0,xgboost_direct_horizon,v1
DEEPAKFERT.NS,2026-08-14,0.006261799484491348,-0.0139780193567276,-0.10595299303531647,1486.262451171875,1549.05220703125,55.40901154500457,352300134.6636475,^NSEI,23118.599609375,24127.1840234375,24535.336787109376,BEARISH,1,-1,-1,BLOCKED,WEEKLY_SIGNAL_NOT_BUY; WEEKLY_RETURN_BELOW_COST_ERROR_BUFFER; MONTHLY_FORECAST_BEARISH; CLOSE_NOT_ABOVE_SMA_50; MARKET_REGIME_BEARISH,1486.262451171875,1375.444428081866,110.81802309000909,67,99579.58422851562,1000000.0,0.0,UNKNOWN,0.0,xgboost_direct_horizon,v1
DEEPAKNTR.NS,2026-08-14,0.02031540311872959,0.013036748394370079,-0.05633039399981499,1723.199951171875,1658.1911352539062,54.39960942619021,605835670.3788025,^NSEI,23118.599609375,24127.1840234375,24535.336787109376,BEARISH,1,1,-1,BLOCKED,MONTHLY_FORECAST_BEARISH; MARKET_REGIME_BEARISH,1723.199951171875,1614.4007323194946,108.79921885238036,58,99945.59716796875,1000000.0,0.0,UNKNOWN,0.0,xgboost_direct_horizon,v1
DELHIVERY.NS,2026-08-14,-0.0027279192581772804,-0.015338614583015442,-0.05573200806975365,459.70001220703125,476.2929998779297,13.926068284032745,813090910.3636001,^NSEI,23118.599609375,24127.1840234375,24535.336787109376,BEARISH,-1,-1,-1,BLOCKED,WEEKLY_SIGNAL_NOT_BUY; WEEKLY_RETURN_BELOW_COST_ERROR_BUFFER; MONTHLY_FORECAST_BEARISH; CLOSE_NOT_ABOVE_SMA_50; MARKET_REGIME_BEARISH,459.70001220703125,431.8478756389658,27.852136568065475,217,99754.90264892578,1000000.0,0.0,UNKNOWN,0.0,xgboost_direct_horizon,v1
DEVYANI.NS,2026-08-14,-0.004456810653209686,0.008641756139695644,-0.04515574127435684,143.75999450683594,116.74139984130859,5.6729445057788395,420001410.087104,^NSEI,23118.599609375,24127.1840234375,24535.336787109376,BEARISH,-1,1,-1,BLOCKED,WEEKLY_RETURN_BELOW_COST_ERROR_BUFFER; MONTHLY_FORECAST_BEARISH; MARKET_REGIME_BEARISH,143.75999450683594,132.41410549527825,11.345889011557688,661,95025.35636901855,1000000.0,0.0,UNKNOWN,0.0,xgboost_direct_horizon,v1
DIVISLAB.NS,2026-08-17,0.01501138973981142,0.016518427059054375,0.09872174263000488,8481.5,7281.948525390625,179.85830373008244,4150081390.0,^NSEI,23118.599609375,24127.1840234375,24535.336787109376,BEARISH,1,1,1,BLOCKED,MARKET_REGIME_BEARISH,8481.5,8121.783392539835,359.7166074601646,11,93296.5,1000000.0,0.0,UNKNOWN,0.0,xgboost_direct_horizon,v1
DIXON.NS,2026-08-17,0.004145395942032337,0.04620739817619324,-0.02954002283513546,14025.0,13203.8,373.39922628074544,5620453658.05,^NSEI,23118.599609375,24127.1840234375,24535.336787109376,BEARISH,1,1,-1,BLOCKED,MONTHLY_FORECAST_BEARISH; MARKET_REGIME_BEARISH,14025.0,13278.20154743851,746.7984525614902,7,98175.0,1000000.0,0.0,UNKNOWN,0.0,xgboost_direct_horizon,v1
DLF.NS,2026-08-14,0.003309437772259116,0.02437605708837509,-0.037601321935653687,665.0,635.6355102539062,16.974279760097307,2488853955.567331,^NSEI,23118.599609375,24127.1840234375,24535.336787109376,BEARISH,1,1,-1,BLOCKED,MONTHLY_FORECAST_BEARISH; MARKET_REGIME_BEARISH,665.0,631.0514404798054,33.948559520194635,150,99750.0,1000000.0,0.0,UNKNOWN,0.0,xgboost_direct_horizon,v1
DMART.NS,2026-08-17,0.0001236062526004389,-0.009013894014060497,-0.06909381598234177,3995.0,4077.6500048828125,87.4865906161297,1705811296.1554687,^NSEI,23118.599609375,24127.1840234375,24535.336787109376,BEARISH,0,-1,-1,BLOCKED,WEEKLY_SIGNAL_NOT_BUY; WEEKLY_RETURN_BELOW_COST_ERROR_BUFFER; MONTHLY_FORECAST_BEARISH; CLOSE_NOT_ABOVE_SMA_50; MARKET_REGIME_BEARISH,3995.0,3820.0268187677407,174.97318123225932,25,99875.0,1000000.0,0.0,UNKNOWN,0.0,xgboost_direct_horizon,v1
DRREDDY.NS,2026-08-17,-0.004080003593116999,-0.0021900562569499016,-0.018295258283615112,1192.0,1241.92232421875,25.47602593047753,1352433106.4788756,^NSEI,23118.599609375,24127.1840234375,24535.336787109376,BEARISH,-1,0,-1,BLOCKED,WEEKLY_SIGNAL_NOT_BUY; WEEKLY_RETURN_BELOW_COST_ERROR_BUFFER; MONTHLY_FORECAST_BEARISH; CLOSE_NOT_ABOVE_SMA_50; MARKET_REGIME_BEARISH,1192.0,1141.047948139045,50.95205186095495,83,98936.0,1000000.0,0.0,UNKNOWN,0.0,xgboost_direct_horizon,v1
EASEMYTRIP.NS,2026-08-14,-0.01388656347990036,0.03252502158284187,-0.054518066346645355,6.400000095367432,7.112399988174438,0.19448496078530558,102476310.19532692,^NSEI,23118.599609375,24127.1840234375,24535.336787109376,BEARISH,-1,1,-1,BLOCKED,MONTHLY_FORECAST_BEARISH; CLOSE_NOT_ABOVE_SMA_50; MARKET_REGIME_BEARISH,6.400000095367432,6.01103017379682,0.3889699215706113,15624,99993.60149002075,1000000.0,0.0,UNKNOWN,0.0,xgboost_direct_horizon,v1
ECLERX.NS,2026-08-14,-0.013521264307200909,-0.01998319663107395,0.01827307417988777,1895.9488525390625,1637.5081860351563,88.30718902105767,440132649.7880127,^NSEI,23118.599609375,24127.1840234375,24535.336787109376,BEARISH,-1,-1,1,BLOCKED,WEEKLY_SIGNAL_NOT_BUY; WEEKLY_RETURN_BELOW_COST_ERROR_BUFFER; MARKET_REGIME_BEARISH,1895.9488525390625,1719.3344744969472,176.61437804211528,42,79629.85180664062,1000000.0,0.0,UNKNOWN,0.0,xgboost_direct_horizon,v1
EICHERMOT.NS,2026-08-14,0.0012728205183520913,-0.009302699007093906,-0.05909787490963936,8066.5,7533.79404296875,142.80818428633071,3304191480.725,^NSEI,23118.599609375,24127.1840234375,24535.336787109376,BEARISH,0,-1,-1,BLOCKED,WEEKLY_SIGNAL_NOT_BUY; WEEKLY_RETURN_BELOW_COST_ERROR_BUFFER; MONTHLY_FORECAST_BEARISH; MARKET_REGIME_BEARISH,8066.5,7780.8836314273385,285.6163685726615,12,96798.0,1000000.0,0.0,UNKNOWN,0.0,xgboost_direct_horizon,v1
EIDPARRY.NS,2026-08-17,-0.0018142727203667164,0.030893784016370773,-0.058741409331560135,792.0499877929688,753.7300036621094,22.75512301416594,686919601.1459777,^NSEI,23118.599609375,24127.1840234375,24535.336787109376,BEARISH,0,1,-1,BLOCKED,MONTHLY_FORECAST_BEARISH; MARKET_REGIME_BEARISH,792.0499877929688,746.5397417646369,45.510246028331835,126,99798.29846191406,1000000.0,0.0,UNKNOWN,0.0,xgboost_direct_horizon,v1
EIHOTEL.NS,2026-08-17,3.2041993108578026e-05,0.017732001841068268,-0.005980544723570347,296.0,320.0565435791016,7.859173386615227,69500925.34774932,^NSEI,23118.599609375,24127.1840234375,24535.336787109376,BEARISH,0,1,0,BLOCKED,MONTHLY_FORECAST_BEARISH; CLOSE_NOT_ABOVE_SMA_50; MARKET_REGIME_BEARISH,296.0,280.28165322676955,15.71834677323045,337,99752.0,1000000.0,0.0,UNKNOWN,0.0,xgboost_direct_horizon,v1
ELECON.NS,2026-08-17,-0.0063865105621516705,0.012788878753781319,-0.03148231282830238,438.25,485.2350189208984,15.605618383921268,292520292.6458969,^NSEI,23118.599609375,24127.1840234375,24535.336787109376,BEARISH,-1,1,-1,BLOCKED,MONTHLY_FORECAST_BEARISH; CLOSE_NOT_ABOVE_SMA_50; MARKET_REGIME_BEARISH,438.25,407.03876323215746,31.211236767842536,228,99921.0,1000000.0,0.0,UNKNOWN,0.0,xgboost_direct_horizon,v1
ELGIEQUIP.NS,2026-08-14,0.011339367367327213,0.015579980798065662,-0.002832897240296006,609.5,588.8419201660156,16.987361254170967,390611035.3548492,^NSEI,23118.599609375,24127.1840234375,24535.336787109376,BEARISH,1,1,0,BLOCKED,MARKET_REGIME_BEARISH,609.5,575.525277491658,33.97472250834198,164,99958.0,1000000.0,0.0,UNKNOWN,0.0,xgboost_direct_horizon,v1
EMAMILTD.NS,2026-08-17,-0.004196032881736755,-0.0022285867016762495,-0.07767587155103683,404.5,406.24699951171874,10.215000091794753,636016824.490187,^NSEI,23118.599609375,24127.1840234375,24535.336787109376,BEARISH,-1,0,-1,BLOCKED,WEEKLY_SIGNAL_NOT_BUY; WEEKLY_RETURN_BELOW_COST_ERROR_BUFFER; MONTHLY_FORECAST_BEARISH; CLOSE_NOT_ABOVE_SMA_50; MARKET_REGIME_BEARISH,404.5,384.0699998164105,20.430000183589527,247,99911.5,1000000.0,0.0,UNKNOWN,0.0,xgboost_direct_horizon,v1
EMCURE.NS,2026-08-17,0.002928541274741292,0.002350814873352647,0.060373567044734955,1870.2626953125,1851.6089770507813,56.87348173375387,250880794.98713988,^NSEI,23118.599609375,24127.1840234375,24535.336787109376,BEARISH,1,0,1,BLOCKED,WEEKLY_SIGNAL_NOT_BUY; WEEKLY_RETURN_BELOW_COST_ERROR_BUFFER; MARKET_REGIME_BEARISH,1870.2626953125,1756.5157318449922,113.74696346750784,53,99123.9228515625,1000000.0,0.0,UNKNOWN,0.0,xgboost_direct_horizon,v1
ENDURANCE.NS,2026-08-14,0.014591226354241371,0.028188051655888557,-0.055384598672389984,2899.0,2707.770126953125,82.47404594593658,341283874.02851564,^NSEI,23118.599609375,24127.1840234375,24535.336787109376,BEARISH,1,1,-1,BLOCKED,MONTHLY_FORECAST_BEARISH; MARKET_REGIME_BEARISH,2899.0,2734.051908108127,164.948091891873,34,98566.0,1000000.0,0.0,UNKNOWN,0.0,xgboost_direct_horizon,v1
ENGINERSIN.NS,2026-08-14,-0.013903990387916565,-0.004804368130862713,0.06691626459360123,243.67999267578125,236.98760009765624,7.591342990489942,1584674563.5645988,^NSEI,23118.599609375,24127.1840234375,24535.336787109376,BEARISH,-1,0,1,BLOCKED,WEEKLY_SIGNAL_NOT_BUY; WEEKLY_RETURN_BELOW_COST_ERROR_BUFFER; MARKET_REGIME_BEARISH,243.67999267578125,228.49730669480135,15.182685980979898,410,99908.79699707031,1000000.0,0.0,UNKNOWN,0.0,xgboost_direct_horizon,v1
ERIS.NS,2026-08-17,-0.00067191943526268,-0.015232175588607788,-0.020082781091332436,1348.9000244140625,1414.3579956054687,37.891915587593836,85359888.31100464,^NSEI,23118.599609375,24127.1840234375,24535.336787109376,BEARISH,0,-1,-1,BLOCKED,WEEKLY_SIGNAL_NOT_BUY; WEEKLY_RETURN_BELOW_COST_ERROR_BUFFER; MONTHLY_FORECAST_BEARISH; CLOSE_NOT_ABOVE_SMA_50; MARKET_REGIME_BEARISH,1348.9000244140625,1273.1161932388748,75.78383117518774,74,99818.60180664062,1000000.0,0.0,UNKNOWN,0.0,xgboost_direct_horizon,v1
ESCORTS.NS,2026-08-14,0.0027620994951575994,0.00035475209006108344,-0.05824245512485504,3113.699951171875,2938.8617333984375,58.875827500576136,184459568.55462646,^NSEI,23118.599609375,24127.1840234375,24535.336787109376,BEARISH,1,0,-1,BLOCKED,WEEKLY_SIGNAL_NOT_BUY; WEEKLY_RETURN_BELOW_COST_ERROR_BUFFER; MONTHLY_FORECAST_BEARISH; MARKET_REGIME_BEARISH,3113.699951171875,2995.9482961707226,117.75165500115236,32,99638.3984375,1000000.0,0.0,UNKNOWN,0.0,xgboost_direct_horizon,v1
ETERNAL.NS,2026-08-14,0.0009075836860574782,0.020381132140755653,0.01039456482976675,318.5,282.64300048828125,8.626493230152379,11767147413.220892,^NSEI,23118.599609375,24127.1840234375,24535.336787109376,BEARISH,0,1,0,BLOCKED,MARKET_REGIME_BEARISH,318.5,301.2470135396952,17.252986460304783,313,99690.5,1000000.0,0.0,UNKNOWN,0.0,xgboost_direct_horizon,v1
EXIDEIND.NS,2026-08-17,-0.011188770644366741,-0.03237992152571678,-0.11502686142921448,475.70001220703125,425.0156188964844,14.692579908377478,951470937.2418305,^NSEI,23118.599609375,24127.1840234375,24535.336787109376,BEARISH,-1,-1,-1,BLOCKED,WEEKLY_SIGNAL_NOT_BUY; WEEKLY_RETURN_BELOW_COST_ERROR_BUFFER; MONTHLY_FORECAST_BEARISH; MARKET_REGIME_BEARISH,475.70001220703125,446.3148523902763,29.385159816754935,210,99897.00256347656,1000000.0,0.0,UNKNOWN,0.0,xgboost_direct_horizon,v1
FACT.NS,2026-08-14,-0.01273573748767376,-0.012352298013865948,-0.035185303539037704,807.7000122070312,860.8889953613282,19.62653215313863,1702183081.0854614,^NSEI,23118.599609375,24127.1840234375,24535.336787109376,BEARISH,-1,-1,-1,BLOCKED,WEEKLY_SIGNAL_NOT_BUY; WEEKLY_RETURN_BELOW_COST_ERROR_BUFFER; MONTHLY_FORECAST_BEARISH; CLOSE_NOT_ABOVE_SMA_50; MARKET_REGIME_BEARISH,807.7000122070312,768.446947900754,39.253064306277224,123,99347.10150146484,1000000.0,0.0,UNKNOWN,0.0,xgboost_direct_horizon,v1
FEDERALBNK.NS,2026-08-17,0.0062540615908801556,0.01857304945588112,-0.020291849970817566,354.1000061035156,337.07163696289064,6.6083342083943934,1751829984.4071076,^NSEI,23118.599609375,24127.1840234375,24535.336787109376,BEARISH,1,1,-1,BLOCKED,MONTHLY_FORECAST_BEARISH; MARKET_REGIME_BEARISH,354.1000061035156,340.88333768672686,13.216668416788764,282,99856.2017211914,1000000.0,0.0,UNKNOWN,0.0,xgboost_direct_horizon,v1
FINCABLES.NS,2026-08-17,0.003989449702203274,-0.030367668718099594,0.028499512001872063,1311.510986328125,1069.67701171875,52.75045981795125,1544732197.5980957,^NSEI,23118.599609375,24127.1840234375,24535.336787109376,BEARISH,1,-1,1,BLOCKED,WEEKLY_SIGNAL_NOT_BUY; WEEKLY_RETURN_BELOW_COST_ERROR_BUFFER; MARKET_REGIME_BEARISH,1311.510986328125,1206.0100666922226,105.50091963590239,71,93117.28002929688,1000000.0,0.0,UNKNOWN,0.0,xgboost_direct_horizon,v1
FINPIPE.NS,2026-08-14,0.0010380764724686742,0.007878384552896023,-0.0035602031275629997,156.4521942138672,166.06450134277344,3.7931290200749515,74659271.37314835,^NSEI,23118.599609375,24127.1840234375,24535.336787109376,BEARISH,0,1,0,BLOCKED,WEEKLY_RETURN_BELOW_COST_ERROR_BUFFER; CLOSE_NOT_ABOVE_SMA_50; MARKET_REGIME_BEARISH,156.4521942138672,148.86593617371727,7.5862580401499145,639,99972.95210266113,1000000.0,0.0,UNKNOWN,0.0,xgboost_direct_horizon,v1
FIRSTCRY.NS,2026-08-17,-0.012476478703320026,-0.060873229056596756,-0.1684195101261139,208.41000366210938,215.1207989501953,5.631417277129514,804959279.6638801,^NSEI,23118.599609375,24127.1840234375,24535.336787109376,BEARISH,-1,-1,-1,BLOCKED,WEEKLY_SIGNAL_NOT_BUY; WEEKLY_RETURN_BELOW_COST_ERROR_BUFFER; MONTHLY_FORECAST_BEARISH; CLOSE_NOT_ABOVE_SMA_50; MARKET_REGIME_BEARISH,208.41000366210938,197.14716910785035,11.26283455425903,479,99828.39175415039,1000000.0,0.0,UNKNOWN,0.0,xgboost_direct_horizon,v1
FIVESTAR.NS,2026-08-14,-0.010786497965455055,-0.03750359266996384,-0.03004932776093483,550.2000122070312,522.0230010986328,17.111625402612685,321343040.0445221,^NSEI,23118.599609375,24127.1840234375,24535.336787109376,BEARISH,-1,-1,-1,BLOCKED,WEEKLY_SIGNAL_NOT_BUY; WEEKLY_RETURN_BELOW_COST_ERROR_BUFFER; MONTHLY_FORECAST_BEARISH; MARKET_REGIME_BEARISH,550.2000122070312,515.9767614018059,34.22325080522535,181,99586.20220947266,1000000.0,0.0,UNKNOWN,0.0,xgboost_direct_horizon,v1
FLUOROCHEM.NS,2026-08-14,-0.00445631192997098,-0.0179266557097435,-0.015566286630928516,4737.7998046875,4126.9280078125,170.098369440343,721491329.9679444,^NSEI,23118.599609375,24127.1840234375,24535.336787109376,BEARISH,-1,-1,-1,BLOCKED,WEEKLY_SIGNAL_NOT_BUY; WEEKLY_RETURN_BELOW_COST_ERROR_BUFFER; MONTHLY_FORECAST_BEARISH; MARKET_REGIME_BEARISH,4737.7998046875,4397.603065806814,340.1967388806861,21,99493.7958984375,1000000.0,0.0,UNKNOWN,0.0,xgboost_direct_horizon,v1
FORTIS.NS,2026-08-14,-0.010014849714934826,-0.02386222407221794,-0.03840162605047226,929.0,955.9295471191406,25.608377650942703,934985200.7230438,^NSEI,23118.599609375,24127.1840234375,24535.336787109376,BEARISH,-1,-1,-1,BLOCKED,WEEKLY_SIGNAL_NOT_BUY; WEEKLY_RETURN_BELOW_COST_ERROR_BUFFER; MONTHLY_FORECAST_BEARISH; CLOSE_NOT_ABOVE_SMA_50; MARKET_REGIME_BEARISH,929.0,877.7832446981146,51.21675530188543,107,99403.0,1000000.0,0.0,UNKNOWN,0.0,xgboost_direct_horizon,v1
FSL.NS,2026-08-17,-0.003784715663641691,0.02356654405593872,0.005428641568869352,267.75,261.9168014526367,13.144295793446048,696264733.1325653,^NSEI,23118.599609375,24127.1840234375,24535.336787109376,BEARISH,-1,1,0,BLOCKED,MARKET_REGIME_BEARISH,267.75,241.4614084131079,26.288591586892096,285,76308.75,1000000.0,0.0,UNKNOWN,0.0,xgboost_direct_horizon,v1
GAIL.NS,2026-08-17,0.003506007371470332,0.001946985605172813,0.003848848631605506,171.60171508789062,173.07602783203126,3.957405649171703,1126284804.836081,^NSEI,23118.599609375,24127.1840234375,24535.336787109376,BEARISH,1,0,0,BLOCKED,WEEKLY_SIGNAL_NOT_BUY; WEEKLY_RETURN_BELOW_COST_ERROR_BUFFER; CLOSE_NOT_ABOVE_SMA_50; MARKET_REGIME_BEARISH,171.60171508789062,163.68690378954722,7.914811298343409,582,99872.19818115234,1000000.0,0.0,UNKNOWN,0.0,xgboost_direct_horizon,v1
GESHIP.NS,2026-08-17,0.01244494877755642,0.027220232412219048,0.0815492495894432,1274.9000244140625,1386.8467822265625,48.69843732771131,1336803277.3304505,^NSEI,23118.599609375,24127.1840234375,24535.336787109376,BEARISH,1,1,1,BLOCKED,CLOSE_NOT_ABOVE_SMA_50; MARKET_REGIME_BEARISH,1274.9000244140625,1177.50314975864,97.39687465542261,77,98167.30187988281,1000000.0,0.0,UNKNOWN,0.0,xgboost_direct_horizon,v1
GICRE.NS,2026-08-14,0.007996227592229843,0.015932179987430573,0.024775411933660507,339.00067138671875,349.22075805664065,5.551606854866834,398517848.99514616,^NSEI,23118.599609375,24127.1840234375,24535.336787109376,BEARISH,1,1,1,BLOCKED,CLOSE_NOT_ABOVE_SMA_50; MARKET_REGIME_BEARISH,339.00067138671875,327.8974576769851,11.103213709733666,294,99666.19738769531,1000000.0,0.0,UNKNOWN,0.0,xgboost_direct_horizon,v1
GILLETTE.NS,2026-08-17,-0.0018164449138566852,-0.0023381069768220186,-0.01094702910631895,7508.931640625,7681.3806640625,122.26705665382177,114476828.8793457,^NSEI,23118.599609375,24127.1840234375,24535.336787109376,BEARISH,0,0,0,BLOCKED,WEEKLY_SIGNAL_NOT_BUY; WEEKLY_RETURN_BELOW_COST_ERROR_BUFFER; MONTHLY_FORECAST_BEARISH; CLOSE_NOT_ABOVE_SMA_50; MARKET_REGIME_BEARISH,7508.931640625,7264.397527317356,244.53411330764357,13,97616.111328125,1000000.0,0.0,UNKNOWN,0.0,xgboost_direct_horizon,v1
GLAND.NS,2026-08-17,-0.011057808995246887,-0.0376383475959301,0.005264727398753166,2910.199951171875,2452.7573974609377,100.3993335490155,1719283273.3134522,^NSEI,23118.599609375,24127.1840234375,24535.336787109376,BEARISH,-1,-1,0,BLOCKED,WEEKLY_SIGNAL_NOT_BUY; WEEKLY_RETURN_BELOW_COST_ERROR_BUFFER; MARKET_REGIME_BEARISH,2910.199951171875,2709.401284073844,200.79866709803082,34,98946.79833984375,1000000.0,0.0,UNKNOWN,0.0,xgboost_direct_horizon,v1
GLAXO.NS,2026-08-14,-0.002952047623693943,0.07118955254554749,0.050843916833400726,2688.800048828125,2442.21599609375,64.12151011674554,554548423.7600342,^NSEI,23118.599609375,24127.1840234375,24535.336787109376,BEARISH,-1,1,1,BLOCKED,MARKET_REGIME_BEARISH,2688.800048828125,2560.5570285946337,128.24302023349128,37,99485.60180664062,1000000.0,0.0,UNKNOWN,0.0,xgboost_direct_horizon,v1
GLENMARK.NS,2026-08-17,-0.004475225228816271,0.007932341657578945,0.02259468287229538,2326.684814453125,2222.568505859375,50.23853415698547,1223030900.027649,^NSEI,23118.599609375,24127.1840234375,24535.336787109376,BEARISH,-1,1,1,BLOCKED,WEEKLY_RETURN_BELOW_COST_ERROR_BUFFER; MARKET_REGIME_BEARISH,2326.684814453125,2226.207746139154,100.4770683139709,42,97720.76220703125,1000000.0,0.0,UNKNOWN,0.0,xgboost_direct_horizon,v1
GMDCLTD.NS,2026-08-17,-0.006589293014258146,-0.009809926152229309,-0.0186836626380682,574.0,589.1609985351563,18.090875419868066,603240678.1345825,^NSEI,23118.599609375,24127.1840234375,24535.336787109376,BEARISH,-1,-1,-1,BLOCKED,WEEKLY_SIGNAL_NOT_BUY; WEEKLY_RETURN_BELOW_COST_ERROR_BUFFER; MONTHLY_FORECAST_BEARISH; CLOSE_NOT_ABOVE_SMA_50; MARKET_REGIME_BEARISH,574.0,537.8182491602639,36.18175083973608,174,99876.0,1000000.0,0.0,UNKNOWN,0.0,xgboost_direct_horizon,v1
GMRAIRPORT.NS,2026-08-17,-0.004726598504930735,-0.02007315866649151,-0.057714641094207764,101.30999755859375,108.21340072631835,2.4312078874116794,1239868943.2356975,^NSEI,23118.599609375,24127.1840234375,24535.336787109376,BEARISH,-1,-1,-1,BLOCKED,WEEKLY_SIGNAL_NOT_BUY; WEEKLY_RETURN_BELOW_COST_ERROR_BUFFER; MONTHLY_FORECAST_BEARISH; CLOSE_NOT_ABOVE_SMA_50; MARKET_REGIME_BEARISH,101.30999755859375,96.44758178377039,4.862415774823361,987,99992.96759033203,1000000.0,0.0,UNKNOWN,0.0,xgboost_direct_horizon,v1
GNFC.NS,2026-08-17,0.005128280259668827,-0.023236388340592384,-0.07035718858242035,579.23828125,508.6466961669922,14.97417454947209,362134174.8395111,^NSEI,23118.599609375,24127.1840234375,24535.336787109376,BEARISH,1,-1,-1,BLOCKED,WEEKLY_SIGNAL_NOT_BUY; WEEKLY_RETURN_BELOW_COST_ERROR_BUFFER; MONTHLY_FORECAST_BEARISH; MARKET_REGIME_BEARISH,579.23828125,549.2899321510558,29.948349098944163,172,99628.984375,1000000.0,0.0,UNKNOWN,0.0,xgboost_direct_horizon,v1
GODFRYPHLP.NS,2026-08-14,-0.0001068451238097623,-0.006000320892781019,-0.08237439393997192,2149.0,2155.9878173828124,66.85990204122321,392600454.3376282,^NSEI,23118.599609375,24127.1840234375,24535.336787109376,BEARISH,0,-1,-1,BLOCKED,WEEKLY_SIGNAL_NOT_BUY; WEEKLY_RETURN_BELOW_COST_ERROR_BUFFER; MONTHLY_FORECAST_BEARISH; CLOSE_NOT_ABOVE_SMA_50; MARKET_REGIME_BEARISH,2149.0,2015.2801959175536,133.71980408244644,46,98854.0,1000000.0,0.0,UNKNOWN,0.0,xgboost_direct_horizon,v1
GODIGIT.NS,2026-08-17,0.0036732496228069067,0.016396276652812958,-0.013277719728648663,254.85000610351562,288.6999978637695,9.003449145460566,47972976.13126831,^NSEI,23118.599609375,24127.1840234375,24535.336787109376,BEARISH,1,1,-1,BLOCKED,MONTHLY_FORECAST_BEARISH; CLOSE_NOT_ABOVE_SMA_50; MARKET_REGIME_BEARISH; INSUFFICIENT_LIQUIDITY,254.85000610351562,236.8431078125945,18.00689829092113,392,99901.20239257812,1000000.0,0.0,UNKNOWN,0.0,xgboost_direct_horizon,v1
GODREJAGRO.NS,2026-08-14,0.013780742883682251,-0.015200619585812092,0.1138569712638855,580.5,556.2535974121093,13.584561840965565,687712519.9309143,^NSEI,23118.599609375,24127.1840234375,24535.336787109376,BEARISH,1,-1,1,BLOCKED,WEEKLY_SIGNAL_NOT_BUY; WEEKLY_RETURN_BELOW_COST_ERROR_BUFFER; MARKET_REGIME_BEARISH,580.5,553.3308763180688,27.169123681931183,172,99846.0,1000000.0,0.0,UNKNOWN,0.0,xgboost_direct_horizon,v1
GODREJCP.NS,2026-08-17,0.003570401342585683,0.005583999212831259,-0.03785332292318344,928.0,1036.14669921875,29.172355337818704,1416093319.1846833,^NSEI,23118.599609375,24127.1840234375,24535.336787109376,BEARISH,1,1,-1,BLOCKED,WEEKLY_RETURN_BELOW_COST_ERROR_BUFFER; MONTHLY_FORECAST_BEARISH; CLOSE_NOT_ABOVE_SMA_50; MARKET_REGIME_BEARISH,928.0,869.6552893243626,58.34471067563743,107,99296.0,1000000.0,0.0,UNKNOWN,0.0,xgboost_direct_horizon,v1
GODREJIND.NS,2026-08-14,-0.0077582155354321,-0.016079789027571678,-0.0704328715801239,1252.5,1230.6599963378906,46.00485154482736,142857765.5126831,^NSEI,23118.599609375,24127.1840234375,24535.336787109376,BEARISH,-1,-1,-1,BLOCKED,WEEKLY_SIGNAL_NOT_BUY; WEEKLY_RETURN_BELOW_COST_ERROR_BUFFER; MONTHLY_FORECAST_BEARISH; MARKET_REGIME_BEARISH,1252.5,1160.4902969103453,92.00970308965475,79,98947.5,1000000.0,0.0,UNKNOWN,0.0,xgboost_direct_horizon,v1
GODREJPROP.NS,2026-08-17,-0.012477589771151543,-0.0020732327830046415,-0.13264600932598114,2054.0,1968.4950512695314,63.59751845335351,1358450450.41427,^NSEI,23118.599609375,24127.1840234375,24535.336787109376,BEARISH,-1,0,-1,BLOCKED,WEEKLY_SIGNAL_NOT_BUY; WEEKLY_RETURN_BELOW_COST_ERROR_BUFFER; MONTHLY_FORECAST_BEARISH; MARKET_REGIME_BEARISH,2054.0,1926.804963093293,127.19503690670695,48,98592.0,1000000.0,0.0,UNKNOWN,0.0,xgboost_direct_horizon,v1
GPIL.NS,2026-08-17,0.004412864800542593,-0.01130221039056778,-0.03484990447759628,250.82000732421875,253.1545816040039,9.132364930707594,380987654.88603514,^NSEI,23118.599609375,24127.1840234375,24535.336787109376,BEARISH,1,-1,-1,BLOCKED,WEEKLY_SIGNAL_NOT_BUY; WEEKLY_RETURN_BELOW_COST_ERROR_BUFFER; MONTHLY_FORECAST_BEARISH; CLOSE_NOT_ABOVE_SMA_50; MARKET_REGIME_BEARISH,250.82000732421875,232.55527746280356,18.26472986141519,398,99826.36291503906,1000000.0,0.0,UNKNOWN,0.0,xgboost_direct_horizon,v1
GPPL.NS,2026-08-14,0.003888396080583334,0.009765233844518661,0.01799534447491169,153.98587036132812,147.74997283935548,3.366001459216631,367884614.68918455,^NSEI,23118.599609375,24127.1840234375,24535.336787109376,BEARISH,1,1,1,BLOCKED,WEEKLY_RETURN_BELOW_COST_ERROR_BUFFER; MARKET_REGIME_BEARISH,153.98587036132812,147.25386744289486,6.732002918433267,649,99936.82986450195,1000000.0,0.0,UNKNOWN,0.0,xgboost_direct_horizon,v1
GRANULES.NS,2026-08-17,-0.0004950317670591176,-0.0018712604651227593,0.021778956055641174,861.5499877929688,828.6668969726562,25.59260156477821,1161588552.7551086,^NSEI,23118.599609375,24127.1840234375,24535.336787109376,BEARISH,0,0,1,BLOCKED,WEEKLY_SIGNAL_NOT_BUY; WEEKLY_RETURN_BELOW_COST_ERROR_BUFFER; MARKET_REGIME_BEARISH,861.5499877929688,810.3647846634124,51.185203129556385,116,99939.79858398438,1000000.0,0.0,UNKNOWN,0.0,xgboost_direct_horizon,v1
GRAPHITE.NS,2026-08-14,0.0002658482117112726,-0.01712127774953842,0.0705789178609848,721.5999755859375,647.0411071777344,25.323178034040666,2885661270.966974,^NSEI,23118.599609375,24127.1840234375,24535.336787109376,BEARISH,0,-1,1,BLOCKED,WEEKLY_SIGNAL_NOT_BUY; WEEKLY_RETURN_BELOW_COST_ERROR_BUFFER; MARKET_REGIME_BEARISH,721.5999755859375,670.9536195178562,50.64635606808133,138,99580.79663085938,1000000.0,0.0,UNKNOWN,0.0,xgboost_direct_horizon,v1
GRASIM.NS,2026-08-14,0.0009792376076802611,0.012864947319030762,-0.004927135072648525,3248.699951171875,3149.905302734375,80.29360442665293,3799444684.6591554,^NSEI,23118.599609375,24127.1840234375,24535.336787109376,BEARISH,0,1,0,BLOCKED,MARKET_REGIME_BEARISH,3248.699951171875,3088.112742318569,160.58720885330604,30,97460.99853515625,1000000.0,0.0,UNKNOWN,0.0,xgboost_direct_horizon,v1
GRAVITA.NS,2026-08-17,0.005753095727413893,-0.02716304548084736,-0.09242865443229675,1821.699951171875,1723.5079956054688,57.113311266228735,302879741.67819214,^NSEI,23118.599609375,24127.1840234375,24535.336787109376,BEARISH,1,-1,-1,BLOCKED,WEEKLY_SIGNAL_NOT_BUY; WEEKLY_RETURN_BELOW_COST_ERROR_BUFFER; MONTHLY_FORECAST_BEARISH; MARKET_REGIME_BEARISH,1821.699951171875,1707.4733286394176,114.22662253245744,54,98371.79736328125,1000000.0,0.0,UNKNOWN,0.0,xgboost_direct_horizon,v1
GRSE.NS,2026-08-14,-0.0018151215044781566,-0.006925787776708603,-0.0625588595867157,2618.60009765625,2652.612001953125,65.45672927450705,1039413642.444751,^NSEI,23118.599609375,24127.1840234375,24535.336787109376,BEARISH,0,-1,-1,BLOCKED,WEEKLY_SIGNAL_NOT_BUY; WEEKLY_RETURN_BELOW_COST_ERROR_BUFFER; MONTHLY_FORECAST_BEARISH; CLOSE_NOT_ABOVE_SMA_50; MARKET_REGIME_BEARISH,2618.60009765625,2487.686639107236,130.9134585490142,38,99506.8037109375,1000000.0,0.0,UNKNOWN,0.0,xgboost_direct_horizon,v1
GVT&D.NS,2026-08-17,-0.017319785431027412,-0.032685842365026474,0.027903202921152115,4279.40771484375,4615.651469726563,176.28513195490416,4588610174.607007,^NSEI,23118.599609375,24127.1840234375,24535.336787109376,BEARISH,-1,-1,1,BLOCKED,WEEKLY_SIGNAL_NOT_BUY; WEEKLY_RETURN_BELOW_COST_ERROR_BUFFER; CLOSE_NOT_ABOVE_SMA_50; MARKET_REGIME_BEARISH,4279.40771484375,3926.837450933942,352.5702639098081,21,89867.56201171875,1000000.0,0.0,UNKNOWN,0.0,xgboost_direct_horizon,v1
HAL.NS,2026-08-14,0.001927157281897962,-0.00887587945908308,-0.05572940409183502,5029.89990234375,4509.236484375,111.65450072674459,4338919202.21875,^NSEI,23118.599609375,24127.1840234375,24535.336787109376,BEARISH,0,-1,-1,BLOCKED,WEEKLY_SIGNAL_NOT_BUY; WEEKLY_RETURN_BELOW_COST_ERROR_BUFFER; MONTHLY_FORECAST_BEARISH; MARKET_REGIME_BEARISH,5029.89990234375,4806.590900890261,223.30900145348915,19,95568.09814453125,1000000.0,0.0,UNKNOWN,0.0,xgboost_direct_horizon,v1
HAPPSTMNDS.NS,2026-08-17,-0.015216507017612457,0.0039828382432460785,-0.1981348991394043,426.79998779296875,368.62192687988284,16.5908706963363,1147188488.153006,^NSEI,23118.599609375,24127.1840234375,24535.336787109376,BEARISH,-1,0,-1,BLOCKED,WEEKLY_SIGNAL_NOT_BUY; WEEKLY_RETURN_BELOW_COST_ERROR_BUFFER; MONTHLY_FORECAST_BEARISH; MARKET_REGIME_BEARISH,426.79998779296875,393.61824640029613,33.18174139267262,226,96456.79724121094,1000000.0,0.0,UNKNOWN,0.0,xgboost_direct_horizon,v1
HAVELLS.NS,2026-08-14,0.002457080641761422,-0.014069956727325916,-0.11957650631666183,1298.0,1208.7120092773437,23.98319790206783,1057785860.8109986,^NSEI,23118.599609375,24127.1840234375,24535.336787109376,BEARISH,0,-1,-1,BLOCKED,WEEKLY_SIGNAL_NOT_BUY; WEEKLY_RETURN_BELOW_COST_ERROR_BUFFER; MONTHLY_FORECAST_BEARISH; MARKET_REGIME_BEARISH,1298.0,1250.0336041958644,47.96639580413557,77,99946.0,1000000.0,0.0,UNKNOWN,0.0,xgboost_direct_horizon,v1
HBLENGINE.NS,2026-08-17,-0.00044537478243000805,0.010103782638907433,0.06647665053606033,673.6641845703125,754.4400073242188,19.917200470545286,1381656580.0749695,^NSEI,23118.599609375,24127.1840234375,24535.336787109376,BEARISH,0,1,1,BLOCKED,CLOSE_NOT_ABOVE_SMA_50; MARKET_REGIME_BEARISH,673.6641845703125,633.8297836292219,39.83440094109062,148,99702.29931640625,1000000.0,0.0,UNKNOWN,0.0,xgboost_direct_horizon,v1
HCLTECH.NS,2026-08-17,-0.005632475018501282,0.01300748810172081,-0.026772743090987206,1325.0,1208.208009033203,32.60822108694121,2923493951.063379,^NSEI,23118.599609375,24127.1840234375,24535.336787109376,BEARISH,-1,1,-1,BLOCKED,MONTHLY_FORECAST_BEARISH; MARKET_REGIME_BEARISH,1325.0,1259.7835578261177,65.21644217388234,75,99375.0,1000000.0,0.0,UNKNOWN,0.0,xgboost_direct_horizon,v1
HDFCAMC.NS,2026-08-14,0.009550080634653568,0.04518940672278404,0.02262311987578869,2485.0,2611.60599609375,55.4899755115422,2048623997.6046264,^NSEI,23118.599609375,24127.1840234375,24535.336787109376,BEARISH,1,1,1,BLOCKED,CLOSE_NOT_ABOVE_SMA_50; MARKET_REGIME_BEARISH,2485.0,2374.0200489769154,110.9799510230846,40,99400.0,1000000.0,0.0,UNKNOWN,0.0,xgboost_direct_horizon,v1
HDFCBANK.NS,2026-08-17,-0.0022123041562736034,-0.001455760793760419,-0.01431629341095686,729.0,770.4515539550781,10.56559791845244,20546690095.877083,^NSEI,23118.599609375,24127.1840234375,24535.336787109376,BEARISH,0,0,-1,BLOCKED,WEEKLY_SIGNAL_NOT_BUY; WEEKLY_RETURN_BELOW_COST_ERROR_BUFFER; MONTHLY_FORECAST_BEARISH; CLOSE_NOT_ABOVE_SMA_50; MARKET_REGIME_BEARISH,729.0,707.8688041630951,21.131195836904908,137,99873.0,1000000.0,0.0,Banking,0.0,xgboost_direct_horizon,v1
HDFCLIFE.NS,2026-08-17,-0.0007929331040941179,0.012174589559435844,-0.016060909256339073,543.0,561.488564453125,9.877743031776557,1704724895.8838897,^NSEI,23118.599609375,24127.1840234375,24535.336787109376,BEARISH,0,1,-1,BLOCKED,MONTHLY_FORECAST_BEARISH; CLOSE_NOT_ABOVE_SMA_50; MARKET_REGIME_BEARISH,543.0,523.2445139364469,19.75548606355312,184,99912.0,1000000.0,0.0,UNKNOWN,0.0,xgboost_direct_horizon,v1
HEG.NS,2026-08-17,0.02401193603873253,0.01959289237856865,-0.6328461766242981,698.2999877929688,587.695595703125,22.50717757578081,1139445217.1679626,^NSEI,23118.599609375,24127.1840234375,24535.336787109376,BEARISH,1,1,-1,BLOCKED,MONTHLY_FORECAST_BEARISH; MARKET_REGIME_BEARISH,698.2999877929688,653.2856326414071,45.01435515156163,143,99856.89825439453,1000000.0,0.0,UNKNOWN,0.0,xgboost_direct_horizon,v1
HEROMOTOCO.NS,2026-08-17,-0.0029103022534400225,-0.01324999239295721,-0.0945301279425621,5745.0,5090.30740234375,124.97574130286735,2992261154.375,^NSEI,23118.599609375,24127.1840234375,24535.336787109376,BEARISH,-1,-1,-1,BLOCKED,WEEKLY_SIGNAL_NOT_BUY; WEEKLY_RETURN_BELOW_COST_ERROR_BUFFER; MONTHLY_FORECAST_BEARISH; MARKET_REGIME_BEARISH,5745.0,5495.048517394265,249.95148260573478,17,97665.0,1000000.0,0.0,UNKNOWN,0.0,xgboost_direct_horizon,v1
HFCL.NS,2026-08-17,0.015482733026146889,0.043224841356277466,0.015453046187758446,219.5,205.74719940185548,9.870407021912483,3225614313.341844,^NSEI,23118.599609375,24127.1840234375,24535.336787109376,BEARISH,1,1,1,BLOCKED,MARKET_REGIME_BEARISH,219.5,199.75918595617503,19.74081404382497,379,83190.5,1000000.0,0.0,UNKNOWN,0.0,xgboost_direct_horizon,v1
HINDALCO.NS,2026-08-14,0.008753097616136074,0.008432948961853981,-0.0369647778570652,1029.5,987.1689599609375,25.107795660487646,3117257580.3499665,^NSEI,23118.599609375,24127.1840234375,24535.336787109376,BEARISH,1,1,-1,BLOCKED,WEEKLY_RETURN_BELOW_COST_ERROR_BUFFER; MONTHLY_FORECAST_BEARISH; MARKET_REGIME_BEARISH,1029.5,979.2844086790248,50.21559132097525,97,99861.5,1000000.0,0.0,UNKNOWN,0.0,xgboost_direct_horizon,v1
HINDCOPPER.NS,2026-08-17,-0.009022864513099194,0.015453049913048744,-0.0811220109462738,572.6500244140625,504.02800048828124,21.92892163366627,8114350876.774261,^NSEI,23118.599609375,24127.1840234375,24535.336787109376,BEARISH,-1,1,-1,BLOCKED,MONTHLY_FORECAST_BEARISH; MARKET_REGIME_BEARISH,572.6500244140625,528.79218114673,43.857843267332555,171,97923.15417480469,1000000.0,0.0,UNKNOWN,0.0,xgboost_direct_horizon,v1
HINDPETRO.NS,2026-08-17,-0.007381798699498177,-0.006009964272379875,-0.030375082045793533,371.0,375.0290643310547,7.740953342430619,1481031198.9679184,^NSEI,23118.599609375,24127.1840234375,24535.336787109376,BEARISH,-1,-1,-1,BLOCKED,WEEKLY_SIGNAL_NOT_BUY; WEEKLY_RETURN_BELOW_COST_ERROR_BUFFER; MONTHLY_FORECAST_BEARISH; CLOSE_NOT_ABOVE_SMA_50; MARKET_REGIME_BEARISH,371.0,355.51809331513874,15.481906684861258,269,99799.0,1000000.0,0.0,UNKNOWN,0.0,xgboost_direct_horizon,v1
HINDUNILVR.NS,2026-08-14,-0.0014655208215117455,-0.016943257302045822,-0.05963654816150665,2077.0,2134.92849609375,38.50052885269662,2527098637.135437,^NSEI,23118.599609375,24127.1840234375,24535.336787109376,BEARISH,0,-1,-1,BLOCKED,WEEKLY_SIGNAL_NOT_BUY; WEEKLY_RETURN_BELOW_COST_ERROR_BUFFER; MONTHLY_FORECAST_BEARISH; CLOSE_NOT_ABOVE_SMA_50; MARKET_REGIME_BEARISH,2077.0,1999.9989422946069,77.00105770539312,48,99696.0,1000000.0,0.0,UNKNOWN,0.0,xgboost_direct_horizon,v1
HINDZINC.NS,2026-08-17,-0.00589219992980361,0.042967889457941055,0.014715611934661865,567.5,547.8360046386719,16.12698248048118,4120753948.048703,^NSEI,23118.599609375,24127.1840234375,24535.336787109376,BEARISH,-1,1,1,BLOCKED,MARKET_REGIME_BEARISH,567.5,535.2460350390377,32.25396496096232,176,99880.0,1000000.0,0.0,UNKNOWN,0.0,xgboost_direct_horizon,v1
HOMEFIRST.NS,2026-08-14,0.001258291769772768,0.00231443764641881,0.01173944678157568,1176.5,1176.8259912109374,33.16977281286318,204720100.55774537,^NSEI,23118.599609375,24127.1840234375,24535.336787109376,BEARISH,0,0,0,BLOCKED,WEEKLY_SIGNAL_NOT_BUY; WEEKLY_RETURN_BELOW_COST_ERROR_BUFFER; CLOSE_NOT_ABOVE_SMA_50; MARKET_REGIME_BEARISH,1176.5,1110.1604543742737,66.33954562572626,84,98826.0,1000000.0,0.0,UNKNOWN,0.0,xgboost_direct_horizon,v1
HONASA.NS,2026-08-17,-0.009095115587115288,0.01777874119579792,-0.0375751331448555,478.6697998046875,446.83201599121094,17.05802200517597,415034850.8648758,^NSEI,23118.599609375,24127.1840234375,24535.336787109376,BEARISH,-1,1,-1,BLOCKED,MONTHLY_FORECAST_BEARISH; MARKET_REGIME_BEARISH,478.6697998046875,444.55375579433553,34.11604401035197,208,99563.318359375,1000000.0,0.0,UNKNOWN,0.0,xgboost_direct_horizon,v1
HONAUT.NS,2026-08-14,-0.009284337982535362,-0.012169353663921356,-0.07251198589801788,37205.0,37928.46890625,877.4805052001767,101316359.75,^NSEI,23118.599609375,24127.1840234375,24535.336787109376,BEARISH,-1,-1,-1,BLOCKED,WEEKLY_SIGNAL_NOT_BUY; WEEKLY_RETURN_BELOW_COST_ERROR_BUFFER; MONTHLY_FORECAST_BEARISH; CLOSE_NOT_ABOVE_SMA_50; MARKET_REGIME_BEARISH,37205.0,35450.03898959965,1754.9610104003514,2,74410.0,1000000.0,0.0,UNKNOWN,0.0,xgboost_direct_horizon,v1
HSCL.NS,2026-08-17,-0.002640786115080118,-0.12207020819187164,-0.15277287364006042,787.4000244140625,713.9700036621093,25.386521948977254,5380895883.795431,^NSEI,23118.599609375,24127.1840234375,24535.336787109376,BEARISH,-1,-1,-1,BLOCKED,WEEKLY_SIGNAL_NOT_BUY; WEEKLY_RETURN_BELOW_COST_ERROR_BUFFER; MONTHLY_FORECAST_BEARISH; MARKET_REGIME_BEARISH,787.4000244140625,736.626980516108,50.773043897954494,127,99999.80310058594,1000000.0,0.0,UNKNOWN,0.0,xgboost_direct_horizon,v1
HUDCO.NS,2026-08-17,-0.0029114617500454187,-0.003198967780917883,-0.07705055177211761,189.00999450683594,201.13502197265626,4.867523693507956,293396371.41660464,^NSEI,23118.599609375,24127.1840234375,24535.336787109376,BEARISH,-1,0,-1,BLOCKED,WEEKLY_SIGNAL_NOT_BUY; WEEKLY_RETURN_BELOW_COST_ERROR_BUFFER; MONTHLY_FORECAST_BEARISH; CLOSE_NOT_ABOVE_SMA_50; MARKET_REGIME_BEARISH,189.00999450683594,179.27494711982,9.735047387015925,529,99986.28709411621,1000000.0,0.0,UNKNOWN,0.0,xgboost_direct_horizon,v1
ICICIBANK.NS,2026-08-17,-0.0033071539364755154,-0.003928361460566521,-0.03176380321383476,1415.300048828125,1390.8840380859374,23.06246268347017,12942841205.384705,^NSEI,23118.599609375,24127.1840234375,24535.336787109376,BEARISH,-1,0,-1,BLOCKED,WEEKLY_SIGNAL_NOT_BUY; WEEKLY_RETURN_BELOW_COST_ERROR_BUFFER; MONTHLY_FORECAST_BEARISH; MARKET_REGIME_BEARISH,1415.300048828125,1369.1751234611847,46.12492536694026,70,99071.00341796875,1000000.0,0.0,Banking,0.0,xgboost_direct_horizon,v1
ICICIGI.NS,2026-08-14,-0.0012069866061210632,-0.002611089264973998,-0.09943559020757675,1630.0,1722.3579956054687,43.689185634503716,1463593117.439099,^NSEI,23118.599609375,24127.1840234375,24535.336787109376,BEARISH,0,0,-1,BLOCKED,WEEKLY_SIGNAL_NOT_BUY; WEEKLY_RETURN_BELOW_COST_ERROR_BUFFER; MONTHLY_FORECAST_BEARISH; CLOSE_NOT_ABOVE_SMA_50; MARKET_REGIME_BEARISH,1630.0,1542.6216287309926,87.3783712690074,61,99430.0,1000000.0,0.0,UNKNOWN,0.0,xgboost_direct_horizon,v1
ICICIPRULI.NS,2026-08-14,0.0007764998590573668,0.003174998564645648,-0.06521353125572205,509.1499938964844,498.6629986572266,11.50116095063219,644264196.9522232,^NSEI,23118.599609375,24127.1840234375,24535.336787109376,BEARISH,0,0,-1,BLOCKED,WEEKLY_SIGNAL_NOT_BUY; WEEKLY_RETURN_BELOW_COST_ERROR_BUFFER; MONTHLY_FORECAST_BEARISH; MARKET_REGIME_BEARISH,509.1499938964844,486.14767199522,23.002321901264395,196,99793.39880371094,1000000.0,0.0,UNKNOWN,0.0,xgboost_direct_horizon,v1
IDBI.NS,2026-08-17,-0.004046144895255566,0.03136026859283447,0.023303372785449028,82.18000030517578,83.4584001159668,1.7884561986890117,1766659058.8295102,^NSEI,23118.599609375,24127.1840234375,24535.336787109376,BEARISH,-1,1,1,BLOCKED,CLOSE_NOT_ABOVE_SMA_50; MARKET_REGIME_BEARISH,82.18000030517578,78.60308790779776,3.576912397378024,1216,99930.88037109375,1000000.0,0.0,UNKNOWN,0.0,xgboost_direct_horizon,v1
IDEA.NS,2026-08-17,0.01846780627965927,0.023652028292417526,0.04837729409337044,13.710000038146973,13.820600032806396,0.4144045882477321,6634053734.625034,^NSEI,23118.599609375,24127.1840234375,24535.336787109376,BEARISH,1,1,1,BLOCKED,CLOSE_NOT_ABOVE_SMA_50; MARKET_REGIME_BEARISH,13.710000038146973,12.881190861651508,0.828809176495465,7293,99987.03027820587,1000000.0,0.0,UNKNOWN,0.0,xgboost_direct_horizon,v1
IDFCFIRSTB.NS,2026-08-17,-0.001709235948510468,-0.004107892047613859,0.00891922228038311,85.05000305175781,80.75963409423828,1.602553194731817,1332825302.5839372,^NSEI,23118.599609375,24127.1840234375,24535.336787109376,BEARISH,0,0,0,BLOCKED,WEEKLY_SIGNAL_NOT_BUY; WEEKLY_RETURN_BELOW_COST_ERROR_BUFFER; MARKET_REGIME_BEARISH,85.05000305175781,81.84489666229418,3.205106389463637,1175,99933.75358581543,1000000.0,0.0,UNKNOWN,0.0,xgboost_direct_horizon,v1
IEX.NS,2026-08-17,0.002139217220246792,-0.016546281054615974,-0.08217892050743103,125.30000305175781,124.3295997619629,2.8257937445476458,419161424.1806625,^NSEI,23118.599609375,24127.1840234375,24535.336787109376,BEARISH,0,-1,-1,BLOCKED,WEEKLY_SIGNAL_NOT_BUY; WEEKLY_RETURN_BELOW_COST_ERROR_BUFFER; MONTHLY_FORECAST_BEARISH; MARKET_REGIME_BEARISH,125.30000305175781,119.64841556266252,5.6515874890952915,798,99989.40243530273,1000000.0,0.0,UNKNOWN,0.0,xgboost_direct_horizon,v1
IFCI.NS,2026-08-17,0.013622201979160309,0.019114216789603233,-0.031210264191031456,78.93000030517578,76.46900024414063,2.7819840101430535,11257154143.856655,^NSEI,23118.599609375,24127.1840234375,24535.336787109376,BEARISH,1,1,-1,BLOCKED,MONTHLY_FORECAST_BEARISH; MARKET_REGIME_BEARISH,78.93000030517578,73.36603228488967,5.5639680202861115,1266,99925.38038635254,1000000.0,0.0,UNKNOWN,0.0,xgboost_direct_horizon,v1
IGL.NS,2026-08-14,-0.0014392987359315157,-0.008852796629071236,0.0009599493350833654,151.6999969482422,157.56320037841797,3.1627470708369265,379305892.5248909,^NSEI,23118.599609375,24127.1840234375,24535.336787109376,BEARISH,0,-1,0,BLOCKED,WEEKLY_SIGNAL_NOT_BUY; WEEKLY_RETURN_BELOW_COST_ERROR_BUFFER; CLOSE_NOT_ABOVE_SMA_50; MARKET_REGIME_BEARISH,151.6999969482422,145.37450280656833,6.3254941416738575,659,99970.2979888916,1000000.0,0.0,UNKNOWN,0.0,xgboost_direct_horizon,v1
IIFL.NS,2026-08-17,0.0060898796655237675,0.05896800383925438,-0.04369625076651573,630.0499877929688,557.0749987792968,16.891163435103067,2322338470.4986815,^NSEI,23118.599609375,24127.1840234375,24535.336787109376,BEARISH,1,1,-1,BLOCKED,MONTHLY_FORECAST_BEARISH; MARKET_REGIME_BEARISH,630.0499877929688,596.2676609227626,33.782326870206134,158,99547.89807128906,1000000.0,0.0,UNKNOWN,0.0,xgboost_direct_horizon,v1
INDGN.NS,2026-08-17,0.010638878680765629,0.004644043277949095,0.021053846925497055,561.75,520.3053161621094,18.273650874865048,409096239.2830078,^NSEI,23118.599609375,24127.1840234375,24535.336787109376,BEARISH,1,0,1,BLOCKED,WEEKLY_SIGNAL_NOT_BUY; WEEKLY_RETURN_BELOW_COST_ERROR_BUFFER; MARKET_REGIME_BEARISH,561.75,525.2026982502699,36.54730174973008,178,99991.5,1000000.0,0.0,UNKNOWN,0.0,xgboost_direct_horizon,v1
INDHOTEL.NS,2026-08-17,-0.00103169830981642,0.017086949199438095,-0.0018473286181688309,720.0,722.1914282226562,13.004161234964739,1134406070.308307,^NSEI,23118.599609375,24127.1840234375,24535.336787109376,BEARISH,0,1,0,BLOCKED,CLOSE_NOT_ABOVE_SMA_50; MARKET_REGIME_BEARISH,720.0,693.9916775300705,26.008322469929453,138,99360.0,1000000.0,0.0,UNKNOWN,0.0,xgboost_direct_horizon,v1
INDIACEM.NS,2026-08-14,0.004222041927278042,0.0026489340234547853,-0.0714603066444397,375.29998779296875,387.4679998779297,10.033016261520002,34704107.403858945,^NSEI,23118.599609375,24127.1840234375,24535.336787109376,BEARISH,1,0,-1,BLOCKED,WEEKLY_SIGNAL_NOT_BUY; WEEKLY_RETURN_BELOW_COST_ERROR_BUFFER; MONTHLY_FORECAST_BEARISH; CLOSE_NOT_ABOVE_SMA_50; MARKET_REGIME_BEARISH; INSUFFICIENT_LIQUIDITY,375.29998779296875,355.23395526992874,20.066032523040008,266,99829.79675292969,1000000.0,0.0,UNKNOWN,0.0,xgboost_direct_horizon,v1
INDIAMART.NS,2026-08-14,-0.007776567712426186,-0.02123347669839859,-0.05228784307837486,1789.9000244140625,1888.4596264648437,43.558095771923895,125855719.08626099,^NSEI,23118.599609375,24127.1840234375,24535.336787109376,BEARISH,-1,-1,-1,BLOCKED,WEEKLY_SIGNAL_NOT_BUY; WEEKLY_RETURN_BELOW_COST_ERROR_BUFFER; MONTHLY_FORECAST_BEARISH; CLOSE_NOT_ABOVE_SMA_50; MARKET_REGIME_BEARISH,1789.9000244140625,1702.7838328702146,87.11619154384789,55,98444.50134277344,1000000.0,0.0,UNKNOWN,0.0,xgboost_direct_horizon,v1
INDIANB.NS,2026-08-14,-0.014616812579333782,-0.02784605883061886,-0.06029761582612991,894.9500122070312,841.4853308105469,20.562666148257026,877513072.5491607,^NSEI,23118.599609375,24127.1840234375,24535.336787109376,BEARISH,-1,-1,-1,BLOCKED,WEEKLY_SIGNAL_NOT_BUY; WEEKLY_RETURN_BELOW_COST_ERROR_BUFFER; MONTHLY_FORECAST_BEARISH; MARKET_REGIME_BEARISH,894.9500122070312,853.8246799105171,41.1253322965141,111,99339.45135498047,1000000.0,0.0,UNKNOWN,0.0,xgboost_direct_horizon,v1
INDIGO.NS,2026-08-14,-0.0006872948724776506,-0.022998785600066185,-0.06838664412498474,5310.0,5161.57400390625,118.29521595984897,3119452677.375,^NSEI,23118.599609375,24127.1840234375,24535.336787109376,BEARISH,0,-1,-1,BLOCKED,WEEKLY_SIGNAL_NOT_BUY; WEEKLY_RETURN_BELOW_COST_ERROR_BUFFER; MONTHLY_FORECAST_BEARISH; MARKET_REGIME_BEARISH,5310.0,5073.409568080302,236.59043191969795,18,95580.0,1000000.0,0.0,UNKNOWN,0.0,xgboost_direct_horizon,v1
INDUSINDBK.NS,2026-08-17,0.005393441300839186,0.005017843563109636,-0.023062368854880333,1010.5999755859375,982.1996691894532,20.93833744581551,1305428904.3215241,^NSEI,23118.599609375,24127.1840234375,24535.336787109376,BEARISH,1,1,-1,BLOCKED,WEEKLY_RETURN_BELOW_COST_ERROR_BUFFER; MONTHLY_FORECAST_BEARISH; MARKET_REGIME_BEARISH,1010.5999755859375,968.7233006943064,41.87667489163107,98,99038.79760742188,1000000.0,0.0,UNKNOWN,0.0,xgboost_direct_horizon,v1
INDUSTOWER.NS,2026-08-17,-0.010620040819048882,-0.0071408492513000965,-0.0013774720719084144,380.0,383.27402954101564,9.526735771956027,1773152805.2689652,^NSEI,23118.599609375,24127.1840234375,24535.336787109376,BEARISH,-1,-1,0,BLOCKED,WEEKLY_SIGNAL_NOT_BUY; WEEKLY_RETURN_BELOW_COST_ERROR_BUFFER; CLOSE_NOT_ABOVE_SMA_50; MARKET_REGIME_BEARISH,380.0,360.94652845608795,19.053471543912053,263,99940.0,1000000.0,0.0,UNKNOWN,0.0,xgboost_direct_horizon,v1
INFY.NS,2026-08-17,-0.01613173633813858,-0.007935658097267151,-0.055620644241571426,1139.9000244140625,1101.3179968261718,29.20138863361077,9496096037.424427,^NSEI,23118.599609375,24127.1840234375,24535.336787109376,BEARISH,-1,-1,-1,BLOCKED,WEEKLY_SIGNAL_NOT_BUY; WEEKLY_RETURN_BELOW_COST_ERROR_BUFFER; MONTHLY_FORECAST_BEARISH; MARKET_REGIME_BEARISH,1139.9000244140625,1081.497247146841,58.40277726722161,87,99171.30212402344,1000000.0,0.0,Information Technology,0.0,xgboost_direct_horizon,v1
INOXINDIA.NS,2026-08-17,0.005484547931700945,-0.0001616191293578595,0.059538573026657104,1950.800048828125,1920.85400390625,76.13645378269663,1109644796.3726869,^NSEI,23118.599609375,24127.1840234375,24535.336787109376,BEARISH,1,0,1,BLOCKED,WEEKLY_SIGNAL_NOT_BUY; WEEKLY_RETURN_BELOW_COST_ERROR_BUFFER; MARKET_REGIME_BEARISH,1950.800048828125,1798.5271412627317,152.27290756539333,49,95589.20239257812,1000000.0,0.0,UNKNOWN,0.0,xgboost_direct_horizon,v1
INOXWIND.NS,2026-08-17,-0.02427130565047264,-0.03782990574836731,-0.04595267027616501,78.12999725341797,82.38240020751954,2.5006714902750398,940402761.84968,^NSEI,23118.599609375,24127.1840234375,24535.336787109376,BEARISH,-1,-1,-1,BLOCKED,WEEKLY_SIGNAL_NOT_BUY; WEEKLY_RETURN_BELOW_COST_ERROR_BUFFER; MONTHLY_FORECAST_BEARISH; CLOSE_NOT_ABOVE_SMA_50; MARKET_REGIME_BEARISH,78.12999725341797,73.12865427286789,5.001342980550078,1279,99928.26648712158,1000000.0,0.0,UNKNOWN,0.0,xgboost_direct_horizon,v1
INTELLECT.NS,2026-08-17,-0.0016160118393599987,-0.0032809299882501364,-0.01970214769244194,695.4500122070312,736.7398461914063,23.11056338185122,215093234.9640747,^NSEI,23118.599609375,24127.1840234375,24535.336787109376,BEARISH,0,0,-1,BLOCKED,WEEKLY_SIGNAL_NOT_BUY; WEEKLY_RETURN_BELOW_COST_ERROR_BUFFER; MONTHLY_FORECAST_BEARISH; CLOSE_NOT_ABOVE_SMA_50; MARKET_REGIME_BEARISH,695.4500122070312,649.2288854433289,46.22112676370239,143,99449.35174560547,1000000.0,0.0,UNKNOWN,0.0,xgboost_direct_horizon,v1
IOB.NS,2026-08-17,-0.0006172707653604448,-0.0032967724837362766,-0.022218381986021996,33.65999984741211,34.1457999420166,0.6237497242371194,69427540.67350082,^NSEI,23118.599609375,24127.1840234375,24535.336787109376,BEARISH,0,0,-1,BLOCKED,WEEKLY_SIGNAL_NOT_BUY; WEEKLY_RETURN_BELOW_COST_ERROR_BUFFER; MONTHLY_FORECAST_BEARISH; CLOSE_NOT_ABOVE_SMA_50; MARKET_REGIME_BEARISH,33.65999984741211,32.41250039893787,1.2474994484742368,2970,99970.19954681396,1000000.0,0.0,UNKNOWN,0.0,xgboost_direct_horizon,v1
IOC.NS,2026-08-17,-0.004883632063865662,0.003159688087180257,-0.010195334441959858,138.61000061035156,140.08086090087892,2.500180457706699,1012481879.0091789,^NSEI,23118.599609375,24127.1840234375,24535.336787109376,BEARISH,-1,0,0,BLOCKED,WEEKLY_SIGNAL_NOT_BUY; WEEKLY_RETURN_BELOW_COST_ERROR_BUFFER; MONTHLY_FORECAST_BEARISH; CLOSE_NOT_ABOVE_SMA_50; MARKET_REGIME_BEARISH,138.61000061035156,133.60963969493815,5.00036091541341,721,99937.81044006348,1000000.0,0.0,UNKNOWN,0.0,xgboost_direct_horizon,v1
IPCALAB.NS,2026-08-17,-0.003995248582214117,0.016039453446865082,0.023154018446803093,1884.5999755859375,1718.5989868164063,74.19012490170586,551221788.900769,^NSEI,23118.599609375,24127.1840234375,24535.336787109376,BEARISH,-1,1,1,BLOCKED,MARKET_REGIME_BEARISH,1884.5999755859375,1736.2197257825258,148.38024980341174,50,94229.99877929688,1000000.0,0.0,UNKNOWN,0.0,xgboost_direct_horizon,v1
IRB.NS,2026-08-17,-0.004722520709037781,-0.015420028939843178,0.008838342502713203,19.170000076293945,20.339905471801757,0.349649098525787,309557926.8435394,^NSEI,23118.599609375,24127.1840234375,24535.336787109376,BEARISH,-1,-1,0,BLOCKED,WEEKLY_SIGNAL_NOT_BUY; WEEKLY_RETURN_BELOW_COST_ERROR_BUFFER; CLOSE_NOT_ABOVE_SMA_50; MARKET_REGIME_BEARISH,19.170000076293945,18.47070187924237,0.6992981970515757,5216,99990.72039794922,1000000.0,0.0,UNKNOWN,0.0,xgboost_direct_horizon,v1
IRCON.NS,2026-08-17,-0.0005298096220940351,0.0013330642832443118,-0.06752181798219681,124.56999969482422,131.36439987182618,2.828386999358313,162512942.48181075,^NSEI,23118.599609375,24127.1840234375,24535.336787109376,BEARISH,0,0,-1,BLOCKED,WEEKLY_SIGNAL_NOT_BUY; WEEKLY_RETURN_BELOW_COST_ERROR_BUFFER; MONTHLY_FORECAST_BEARISH; CLOSE_NOT_ABOVE_SMA_50; MARKET_REGIME_BEARISH,124.56999969482422,118.91322569610759,5.656773998716631,802,99905.13975524902,1000000.0,0.0,UNKNOWN,0.0,xgboost_direct_horizon,v1
IRCTC.NS,2026-08-14,-0.00041370897088199854,-0.017450353130698204,-0.06194811686873436,497.5,507.8669970703125,9.868606178319988,333422290.32454985,^NSEI,23118.599609375,24127.1840234375,24535.336787109376,BEARISH,0,-1,-1,BLOCKED,WEEKLY_SIGNAL_NOT_BUY; WEEKLY_RETURN_BELOW_COST_ERROR_BUFFER; MONTHLY_FORECAST_BEARISH; CLOSE_NOT_ABOVE_SMA_50; MARKET_REGIME_BEARISH,497.5,477.76278764336,19.737212356639986,201,99997.5,1000000.0,0.0,UNKNOWN,0.0,xgboost_direct_horizon,v1
IREDA.NS,2026-08-17,-0.005776884034276009,-0.009142155759036541,-0.040051884949207306,116.0766372680664,122.09613037109375,2.2187475379117654,460650061.04161566,^NSEI,23118.599609375,24127.1840234375,24535.336787109376,BEARISH,-1,-1,-1,BLOCKED,WEEKLY_SIGNAL_NOT_BUY; WEEKLY_RETURN_BELOW_COST_ERROR_BUFFER; MONTHLY_FORECAST_BEARISH; CLOSE_NOT_ABOVE_SMA_50; MARKET_REGIME_BEARISH,116.0766372680664,111.63914219224287,4.437495075823534,861,99941.98468780518,1000000.0,0.0,UNKNOWN,0.0,xgboost_direct_horizon,v1
IRFC.NS,2026-08-14,-0.003818565048277378,-0.011155801825225353,-0.06749831140041351,87.56999969482422,91.15220016479492,1.3193752647799093,632315456.6733494,^NSEI,23118.599609375,24127.1840234375,24535.336787109376,BEARISH,-1,-1,-1,BLOCKED,WEEKLY_SIGNAL_NOT_BUY; WEEKLY_RETURN_BELOW_COST_ERROR_BUFFER; MONTHLY_FORECAST_BEARISH; CLOSE_NOT_ABOVE_SMA_50; MARKET_REGIME_BEARISH,87.56999969482422,84.9312491652644,2.6387505295598146,1141,99917.36965179443,1000000.0,0.0,UNKNOWN,0.0,xgboost_direct_horizon,v1
ITC.NS,2026-08-17,-0.003312471555545926,-0.0032853311859071255,-0.04034864529967308,273.04998779296875,284.64799926757814,4.309165150420063,3716014499.4045243,^NSEI,23118.599609375,24127.1840234375,24535.336787109376,BEARISH,-1,0,-1,BLOCKED,WEEKLY_SIGNAL_NOT_BUY; WEEKLY_RETURN_BELOW_COST_ERROR_BUFFER; MONTHLY_FORECAST_BEARISH; CLOSE_NOT_ABOVE_SMA_50; MARKET_REGIME_BEARISH,273.04998779296875,264.43165749212864,8.618330300840114,366,99936.29553222656,1000000.0,0.0,UNKNOWN,0.0,xgboost_direct_horizon,v1
ITI.NS,2026-08-14,-0.006205289158970118,-0.0022040680050849915,-0.04179932922124863,276.75,290.55300048828127,7.975125312939716,60008239.8494812,^NSEI,23118.599609375,24127.1840234375,24535.336787109376,BEARISH,-1,0,-1,BLOCKED,WEEKLY_SIGNAL_NOT_BUY; WEEKLY_RETURN_BELOW_COST_ERROR_BUFFER; MONTHLY_FORECAST_BEARISH; CLOSE_NOT_ABOVE_SMA_50; MARKET_REGIME_BEARISH,276.75,260.79974937412055,15.950250625879448,361,99906.75,1000000.0,0.0,UNKNOWN,0.0,xgboost_direct_horizon,v1
J&KBANK.NS,2026-08-14,-0.021634303033351898,-0.03291534259915352,-0.06624564528465271,155.47999572753906,164.49460021972655,6.313587760702499,308270102.07802737,^NSEI,23118.599609375,24127.1840234375,24535.336787109376,BEARISH,-1,-1,-1,BLOCKED,WEEKLY_SIGNAL_NOT_BUY; WEEKLY_RETURN_BELOW_COST_ERROR_BUFFER; MONTHLY_FORECAST_BEARISH; CLOSE_NOT_ABOVE_SMA_50; MARKET_REGIME_BEARISH,155.47999572753906,142.85282020613406,12.627175521405007,593,92199.63746643066,1000000.0,0.0,UNKNOWN,0.0,xgboost_direct_horizon,v1
JBMA.NS,2026-08-17,-0.002919177059084177,0.037008583545684814,-0.03450438007712364,620.49169921875,673.8139428710938,16.281913146744788,615351339.8261932,^NSEI,23118.599609375,24127.1840234375,24535.336787109376,BEARISH,-1,1,-1,BLOCKED,MONTHLY_FORECAST_BEARISH; CLOSE_NOT_ABOVE_SMA_50; MARKET_REGIME_BEARISH,620.49169921875,587.9278729252604,32.56382629348957,161,99899.16357421875,1000000.0,0.0,UNKNOWN,0.0,xgboost_direct_horizon,v1
JINDALSAW.NS,2026-08-17,-0.006789674051105976,0.0466889813542366,0.10328386723995209,270.3999938964844,259.78679931640625,8.318328814659719,1047976380.1974227,^NSEI,23118.599609375,24127.1840234375,24535.336787109376,BEARISH,-1,1,1,BLOCKED,MARKET_REGIME_BEARISH,270.3999938964844,253.76333626716493,16.636657629319444,369,99777.59774780273,1000000.0,0.0,UNKNOWN,0.0,xgboost_direct_horizon,v1
JINDALSTEL.NS,2026-08-14,0.01252274215221405,0.024593396112322807,0.025271819904446602,1089.5489501953125,1080.2057006835937,23.878565109630134,903960508.4623535,^NSEI,23118.599609375,24127.1840234375,24535.336787109376,BEARISH,1,1,1,BLOCKED,MARKET_REGIME_BEARISH,1089.5489501953125,1041.7918199760522,47.75713021926026,91,99148.95446777344,1000000.0,0.0,UNKNOWN,0.0,xgboost_direct_horizon,v1
JIOFIN.NS,2026-08-14,-0.0036060577258467674,-0.014332234859466553,-0.08932756632566452,249.0500030517578,242.0397280883789,6.2993463848604945,2573731687.170085,^NSEI,23118.599609375,24127.1840234375,24535.336787109376,BEARISH,-1,-1,-1,BLOCKED,WEEKLY_SIGNAL_NOT_BUY; WEEKLY_RETURN_BELOW_COST_ERROR_BUFFER; MONTHLY_FORECAST_BEARISH; MARKET_REGIME_BEARISH,249.0500030517578,236.45131028203681,12.598692769720998,401,99869.05122375488,1000000.0,0.0,UNKNOWN,0.0,xgboost_direct_horizon,v1
JKCEMENT.NS,2026-08-14,-1.286560291191563e-05,0.0008727475069463253,-0.06422878056764603,5306.5,5392.6021484375,132.12490377413238,173509064.95,^NSEI,23118.599609375,24127.1840234375,24535.336787109376,BEARISH,0,0,-1,BLOCKED,WEEKLY_SIGNAL_NOT_BUY; WEEKLY_RETURN_BELOW_COST_ERROR_BUFFER; MONTHLY_FORECAST_BEARISH; CLOSE_NOT_ABOVE_SMA_50; MARKET_REGIME_BEARISH,5306.5,5042.2501924517355,264.24980754826447,18,95517.0,1000000.0,0.0,UNKNOWN,0.0,xgboost_direct_horizon,v1
JKTYRE.NS,2026-08-14,-0.0029534120112657547,-0.018671449273824692,-0.08909936994314194,384.1000061035156,394.00177307128905,10.933396108918627,144791517.96521455,^NSEI,23118.599609375,24127.1840234375,24535.336787109376,BEARISH,-1,-1,-1,BLOCKED,WEEKLY_SIGNAL_NOT_BUY; WEEKLY_RETURN_BELOW_COST_ERROR_BUFFER; MONTHLY_FORECAST_BEARISH; CLOSE_NOT_ABOVE_SMA_50; MARKET_REGIME_BEARISH,384.1000061035156,362.23321388567837,21.866792217837258,260,99866.00158691406,1000000.0,0.0,UNKNOWN,0.0,xgboost_direct_horizon,v1
JMFINANCIL.NS,2026-08-14,0.0012269968865439296,0.009167175740003586,-0.01139595452696085,126.43000030517578,124.75760971069336,3.9974302491035294,339328830.78407633,^NSEI,23118.599609375,24127.1840234375,24535.336787109376,BEARISH,0,1,0,BLOCKED,WEEKLY_RETURN_BELOW_COST_ERROR_BUFFER; MONTHLY_FORECAST_BEARISH; MARKET_REGIME_BEARISH,126.43000030517578,118.43513980696872,7.994860498207061,790,99879.70024108887,1000000.0,0.0,UNKNOWN,0.0,xgboost_direct_horizon,v1
JPPOWER.NS,2026-08-17,-0.00127615116070956,-0.01185839343816042,-0.07547563314437866,17.389999389648438,17.66120002746582,0.5467270587720082,541641788.620706,^NSEI,23118.599609375,24127.1840234375,24535.336787109376,BEARISH,0,-1,-1,BLOCKED,WEEKLY_SIGNAL_NOT_BUY; WEEKLY_RETURN_BELOW_COST_ERROR_BUFFER; MONTHLY_FORECAST_BEARISH; CLOSE_NOT_ABOVE_SMA_50; MARKET_REGIME_BEARISH,17.389999389648438,16.29654527210442,1.0934541175440167,5750,99992.49649047852,1000000.0,0.0,UNKNOWN,0.0,xgboost_direct_horizon,v1
JSL.NS,2026-08-14,0.0048736887983977795,-0.030137065798044205,0.005022553727030754,734.7687377929688,709.8582373046875,16.20062759166259,657480498.1461853,^NSEI,23118.599609375,24127.1840234375,24535.336787109376,BEARISH,1,-1,0,BLOCKED,WEEKLY_SIGNAL_NOT_BUY; WEEKLY_RETURN_BELOW_COST_ERROR_BUFFER; MARKET_REGIME_BEARISH,734.7687377929688,702.3674826096436,32.401255183325134,136,99928.54833984375,1000000.0,0.0,UNKNOWN,0.0,xgboost_direct_horizon,v1
JSWENERGY.NS,2026-08-17,-0.00272109336219728,-0.02082783170044422,-0.061959560960531235,555.5,560.431005859375,12.263968382267343,1054601886.3272431,^NSEI,23118.599609375,24127.1840234375,24535.336787109376,BEARISH,-1,-1,-1,BLOCKED,WEEKLY_SIGNAL_NOT_BUY; WEEKLY_RETURN_BELOW_COST_ERROR_BUFFER; MONTHLY_FORECAST_BEARISH; CLOSE_NOT_ABOVE_SMA_50; MARKET_REGIME_BEARISH,555.5,530.9720632354653,24.52793676453473,180,99990.0,1000000.0,0.0,UNKNOWN,0.0,xgboost_direct_horizon,v1
JSWHL.NS,2026-08-14,-0.0034039216116070747,-0.028605440631508827,-0.0586453340947628,11874.0,11801.36,372.25101753548245,83333814.7,^NSEI,23118.599609375,24127.1840234375,24535.336787109376,BEARISH,-1,-1,-1,BLOCKED,WEEKLY_SIGNAL_NOT_BUY; WEEKLY_RETURN_BELOW_COST_ERROR_BUFFER; MONTHLY_FORECAST_BEARISH; MARKET_REGIME_BEARISH,11874.0,11129.497964929034,744.5020350709656,8,94992.0,1000000.0,0.0,UNKNOWN,0.0,xgboost_direct_horizon,v1
JSWINFRA.NS,2026-08-17,-0.01894487254321575,-0.002016662620007992,-0.011030510067939758,335.3999938964844,323.3047937011719,10.44513168840637,754030717.3536637,^NSEI,23118.599609375,24127.1840234375,24535.336787109376,BEARISH,-1,0,0,BLOCKED,WEEKLY_SIGNAL_NOT_BUY; WEEKLY_RETURN_BELOW_COST_ERROR_BUFFER; MONTHLY_FORECAST_BEARISH; MARKET_REGIME_BEARISH,335.3999938964844,314.5097305196716,20.890263376812754,298,99949.19818115234,1000000.0,0.0,UNKNOWN,0.0,xgboost_direct_horizon,v1
JSWSTEEL.NS,2026-08-17,-0.0034121405333280563,0.014571809209883213,-0.017214063555002213,1277.800048828125,1257.9923608398437,25.733695793495443,2149917580.621985,^NSEI,23118.599609375,24127.1840234375,24535.336787109376,BEARISH,-1,1,-1,BLOCKED,MONTHLY_FORECAST_BEARISH; MARKET_REGIME_BEARISH,1277.800048828125,1226.332657241134,51.46739158699097,78,99668.40380859375,1000000.0,0.0,UNKNOWN,0.0,xgboost_direct_horizon,v1
JUBLFOOD.NS,2026-08-17,-0.012236145325005054,0.006710672285407782,-0.04989618808031082,511.5,438.92522094726564,15.826793109422043,542180441.6374161,^NSEI,23118.599609375,24127.1840234375,24535.336787109376,BEARISH,-1,1,-1,BLOCKED,WEEKLY_RETURN_BELOW_COST_ERROR_BUFFER; MONTHLY_FORECAST_BEARISH; MARKET_REGIME_BEARISH,511.5,479.8464137811559,31.65358621884411,195,99742.5,1000000.0,0.0,UNKNOWN,0.0,xgboost_direct_horizon,v1
JUBLINGREA.NS,2026-08-17,-0.008319241926074028,-0.04698893800377846,-0.12313051521778107,732.7999877929688,694.2664465332032,24.532428921177274,187260117.43792725,^NSEI,23118.599609375,24127.1840234375,24535.336787109376,BEARISH,-1,-1,-1,BLOCKED,WEEKLY_SIGNAL_NOT_BUY; WEEKLY_RETURN_BELOW_COST_ERROR_BUFFER; MONTHLY_FORECAST_BEARISH; MARKET_REGIME_BEARISH,732.7999877929688,683.7351299506142,49.06485784235451,136,99660.79833984375,1000000.0,0.0,UNKNOWN,0.0,xgboost_direct_horizon,v1
JUBLPHARMA.NS,2026-08-17,-0.0019510731799528003,0.02848830632865429,0.15102702379226685,866.9500122070312,960.39650390625,34.541869729237085,369164047.61456907,^NSEI,23118.599609375,24127.1840234375,24535.336787109376,BEARISH,0,1,1,BLOCKED,CLOSE_NOT_ABOVE_SMA_50; MARKET_REGIME_BEARISH,866.9500122070312,797.8662727485571,69.08373945847416,108,93630.60131835938,1000000.0,0.0,UNKNOWN,0.0,xgboost_direct_horizon,v1
JUSTDIAL.NS,2026-08-14,-0.0034844365436583757,-0.01446516066789627,-0.026847608387470245,681.0,632.0580017089844,27.117359018296977,191312896.0125702,^NSEI,23118.599609375,24127.1840234375,24535.336787109376,BEARISH,-1,-1,-1,BLOCKED,WEEKLY_SIGNAL_NOT_BUY; WEEKLY_RETURN_BELOW_COST_ERROR_BUFFER; MONTHLY_FORECAST_BEARISH; MARKET_REGIME_BEARISH,681.0,626.7652819634061,54.234718036593904,138,93978.0,1000000.0,0.0,UNKNOWN,0.0,xgboost_direct_horizon,v1
JWL.NS,2026-08-17,-0.005768963135778904,-0.005424967966973782,-0.05258240923285484,252.64999389648438,261.42399993896487,7.099380181412957,152257910.73087388,^NSEI,23118.599609375,24127.1840234375,24535.336787109376,BEARISH,-1,-1,-1,BLOCKED,WEEKLY_SIGNAL_NOT_BUY; WEEKLY_RETURN_BELOW_COST_ERROR_BUFFER; MONTHLY_FORECAST_BEARISH; CLOSE_NOT_ABOVE_SMA_50; MARKET_REGIME_BEARISH,252.64999389648438,238.45123353365847,14.198760362825908,395,99796.74758911133,1000000.0,0.0,UNKNOWN,0.0,xgboost_direct_horizon,v1
JYOTHYLAB.NS,2026-08-17,-0.005438418593257666,0.0022983690723776817,-0.060916345566511154,213.92999267578125,199.51556396484375,6.3004172955521565,257499264.11274034,^NSEI,23118.599609375,24127.1840234375,24535.336787109376,BEARISH,-1,0,-1,BLOCKED,WEEKLY_SIGNAL_NOT_BUY; WEEKLY_RETURN_BELOW_COST_ERROR_BUFFER; MONTHLY_FORECAST_BEARISH; MARKET_REGIME_BEARISH,213.92999267578125,201.32915808467695,12.600834591104302,467,99905.30657958984,1000000.0,0.0,UNKNOWN,0.0,xgboost_direct_horizon,v1
JYOTICNC.NS,2026-08-17,0.06034901738166809,0.14006654918193817,0.13185496628284454,857.9500122070312,776.0440002441406,33.14936188092126,1319688766.3151977,^NSEI,23118.599609375,24127.1840234375,24535.336787109376,BEARISH,1,1,1,BLOCKED,MARKET_REGIME_BEARISH,857.9500122070312,791.6512884451887,66.29872376184255,113,96948.35137939453,1000000.0,0.0,UNKNOWN,0.0,xgboost_direct_horizon,v1
KAJARIACER.NS,2026-08-17,-0.007396307308226824,-0.019337443634867668,-0.02411123737692833,1251.5999755859375,1195.9060009765626,32.88363190264721,221992013.0498413,^NSEI,23118.599609375,24127.1840234375,24535.336787109376,BEARISH,-1,-1,-1,BLOCKED,WEEKLY_SIGNAL_NOT_BUY; WEEKLY_RETURN_BELOW_COST_ERROR_BUFFER; MONTHLY_FORECAST_BEARISH; MARKET_REGIME_BEARISH,1251.5999755859375,1185.832711780643,65.76726380529453,79,98876.39807128906,1000000.0,0.0,UNKNOWN,0.0,xgboost_direct_horizon,v1
KALYANKJIL.NS,2026-08-14,0.00568602979183197,-0.002700704149901867,0.003281111130490899,605.7782592773438,480.4416455078125,24.825218299015056,5245707222.110117,^NSEI,23118.599609375,24127.1840234375,24535.336787109376,BEARISH,1,0,0,BLOCKED,WEEKLY_SIGNAL_NOT_BUY; WEEKLY_RETURN_BELOW_COST_ERROR_BUFFER; MARKET_REGIME_BEARISH,605.7782592773438,556.1278226793137,49.65043659803007,151,91472.5171508789,1000000.0,0.0,UNKNOWN,0.0,xgboost_direct_horizon,v1
KANSAINER.NS,2026-08-14,0.004421836230903864,0.003766450798138976,-0.07603997737169266,204.75,206.26043426513672,6.3854056723611805,55007058.71940384,^NSEI,23118.599609375,24127.1840234375,24535.336787109376,BEARISH,1,0,-1,BLOCKED,WEEKLY_SIGNAL_NOT_BUY; WEEKLY_RETURN_BELOW_COST_ERROR_BUFFER; MONTHLY_FORECAST_BEARISH; CLOSE_NOT_ABOVE_SMA_50; MARKET_REGIME_BEARISH,204.75,191.97918865527765,12.770811344722347,488,99918.0,1000000.0,0.0,UNKNOWN,0.0,xgboost_direct_horizon,v1
KARURVYSYA.NS,2026-08-17,0.004092704504728317,0.015666093677282333,-0.017880065366625786,334.0,311.1577618408203,8.655560770434823,548192250.6380752,^NSEI,23118.599609375,24127.1840234375,24535.336787109376,BEARISH,1,1,-1,BLOCKED,MONTHLY_FORECAST_BEARISH; MARKET_REGIME_BEARISH,334.0,316.68887845913036,17.311121540869635,299,99866.0,1000000.0,0.0,UNKNOWN,0.0,xgboost_direct_horizon,v1
KAYNES.NS,2026-08-14,-0.004948860500007868,0.04945863038301468,-0.06260664761066437,3660.199951171875,3374.004013671875,143.16487219347357,3941926994.9683104,^NSEI,23118.599609375,24127.1840234375,24535.336787109376,BEARISH,-1,1,-1,BLOCKED,MONTHLY_FORECAST_BEARISH; MARKET_REGIME_BEARISH,3660.199951171875,3373.870206784928,286.3297443869469,26,95165.19873046875,1000000.0,0.0,UNKNOWN,0.0,xgboost_direct_horizon,v1
KEC.NS,2026-08-17,-0.004951277282088995,-0.0014431326417252421,-0.058892473578453064,436.3500061035156,488.266875,11.83788305582812,523931344.7332718,^NSEI,23118.599609375,24127.1840234375,24535.336787109376,BEARISH,-1,0,-1,BLOCKED,WEEKLY_SIGNAL_NOT_BUY; WEEKLY_RETURN_BELOW_COST_ERROR_BUFFER; MONTHLY_FORECAST_BEARISH; CLOSE_NOT_ABOVE_SMA_50; MARKET_REGIME_BEARISH,436.3500061035156,412.6742399918594,23.67576611165623,229,99924.15139770508,1000000.0,0.0,UNKNOWN,0.0,xgboost_direct_horizon,v1
KEI.NS,2026-08-17,-0.00926778744906187,-0.05373920500278473,-0.20842377841472626,5873.0,5283.8219921875,151.28757268185765,3190325616.2213135,^NSEI,23118.599609375,24127.1840234375,24535.336787109376,BEARISH,-1,-1,-1,BLOCKED,WEEKLY_SIGNAL_NOT_BUY; WEEKLY_RETURN_BELOW_COST_ERROR_BUFFER; MONTHLY_FORECAST_BEARISH; MARKET_REGIME_BEARISH,5873.0,5570.424854636285,302.5751453637149,17,99841.0,1000000.0,0.0,UNKNOWN,0.0,xgboost_direct_horizon,v1
KFINTECH.NS,2026-08-17,-0.008307237178087234,-0.0013573563192039728,-0.07889416813850403,973.0,890.7788452148437,27.47210476360522,904827863.547992,^NSEI,23118.599609375,24127.1840234375,24535.336787109376,BEARISH,-1,0,-1,BLOCKED,WEEKLY_SIGNAL_NOT_BUY; WEEKLY_RETURN_BELOW_COST_ERROR_BUFFER; MONTHLY_FORECAST_BEARISH; MARKET_REGIME_BEARISH,973.0,918.0557904727896,54.94420952721043,102,99246.0,1000000.0,0.0,UNKNOWN,0.0,xgboost_direct_horizon,v1
KIMS.NS,2026-08-14,0.0010971121955662966,-0.0162776168435812,-0.04200512543320656,809.0999755859375,802.1050012207031,20.084704835484928,399056927.01128846,^NSEI,23118.599609375,24127.1840234375,24535.336787109376,BEARISH,0,-1,-1,BLOCKED,WEEKLY_SIGNAL_NOT_BUY; WEEKLY_RETURN_BELOW_COST_ERROR_BUFFER; MONTHLY_FORECAST_BEARISH; MARKET_REGIME_BEARISH,809.0999755859375,768.9305659149677,40.1694096709698,123,99519.29699707031,1000000.0,0.0,UNKNOWN,0.0,xgboost_direct_horizon,v1
KIRLOSBROS.NS,2026-08-14,0.008610867895185947,0.0035558321978896856,-0.06948356330394745,1905.5,1886.7583715820313,68.40125089420054,69329255.87342529,^NSEI,23118.599609375,24127.1840234375,24535.336787109376,BEARISH,1,0,-1,BLOCKED,WEEKLY_SIGNAL_NOT_BUY; WEEKLY_RETURN_BELOW_COST_ERROR_BUFFER; MONTHLY_FORECAST_BEARISH; MARKET_REGIME_BEARISH,1905.5,1768.697498211599,136.80250178840106,52,99086.0,1000000.0,0.0,UNKNOWN,0.0,xgboost_direct_horizon,v1
KIRLOSENG.NS,2026-08-14,-0.003351372666656971,0.010158571414649487,-0.0020447273273020983,2100.10009765625,2202.646818847656,100.46409268939202,931506352.3445251,^NSEI,23118.599609375,24127.1840234375,24535.336787109376,BEARISH,-1,1,0,BLOCKED,CLOSE_NOT_ABOVE_SMA_50; MARKET_REGIME_BEARISH,2100.10009765625,1899.171912277466,200.92818537878406,37,77703.70361328125,1000000.0,0.0,UNKNOWN,0.0,xgboost_direct_horizon,v1
KNRCON.NS,2026-08-17,-0.01767800748348236,-0.043372392654418945,-0.08357373625040054,134.60000610351562,129.4122004699707,5.393835745412405,207517969.79446906,^NSEI,23118.599609375,24127.1840234375,24535.336787109376,BEARISH,-1,-1,-1,BLOCKED,WEEKLY_SIGNAL_NOT_BUY; WEEKLY_RETURN_BELOW_COST_ERROR_BUFFER; MONTHLY_FORECAST_BEARISH; MARKET_REGIME_BEARISH,134.60000610351562,123.81233461269082,10.787671490824806,695,93547.00424194336,1000000.0,0.0,UNKNOWN,0.0,xgboost_direct_horizon,v1
KOTAKBANK.NS,2026-08-17,-0.0013459458714351058,0.01868617534637451,0.053706858307123184,392.70001220703125,391.3386511230469,6.710925002289619,5273290369.102865,^NSEI,23118.599609375,24127.1840234375,24535.336787109376,BEARISH,0,1,1,BLOCKED,MARKET_REGIME_BEARISH,392.70001220703125,379.278162202452,13.421850004579255,254,99745.80310058594,1000000.0,0.0,UNKNOWN,0.0,xgboost_direct_horizon,v1
KPIL.NS,2026-08-14,0.0173055287450552,0.018810397014021873,0.01823725923895836,1352.199951171875,1330.2231494140624,43.259882391881064,226658111.21367797,^NSEI,23118.599609375,24127.1840234375,24535.336787109376,BEARISH,1,1,1,BLOCKED,MARKET_REGIME_BEARISH,1352.199951171875,1265.6801863881128,86.51976478376218,73,98710.59643554688,1000000.0,0.0,UNKNOWN,0.0,xgboost_direct_horizon,v1
KPITTECH.NS,2026-08-17,-0.010682924650609493,-0.03234533593058586,-0.07495582103729248,609.0,630.1453210449218,20.162540926683988,898981307.7569824,^NSEI,23118.599609375,24127.1840234375,24535.336787109376,BEARISH,-1,-1,-1,BLOCKED,WEEKLY_SIGNAL_NOT_BUY; WEEKLY_RETURN_BELOW_COST_ERROR_BUFFER; MONTHLY_FORECAST_BEARISH; CLOSE_NOT_ABOVE_SMA_50; MARKET_REGIME_BEARISH,609.0,568.6749181466321,40.32508185336792,164,99876.0,1000000.0,0.0,UNKNOWN,0.0,xgboost_direct_horizon,v1
KPRMILL.NS,2026-08-14,0.015600211918354034,0.03870758041739464,0.01070244051516056,1110.0,1102.9569702148438,35.26127600877809,279801626.3904785,^NSEI,23118.599609375,24127.1840234375,24535.336787109376,BEARISH,1,1,0,BLOCKED,MARKET_REGIME_BEARISH,1110.0,1039.477447982444,70.52255201755611,90,99900.0,1000000.0,0.0,UNKNOWN,0.0,xgboost_direct_horizon,v1
LALPATHLAB.NS,2026-08-14,-0.00947764702141285,-0.009915901347994804,0.008148180320858955,1916.300048828125,1731.8555859375,56.287880987317344,351133815.1194092,^NSEI,23118.599609375,24127.1840234375,24535.336787109376,BEARISH,-1,-1,0,BLOCKED,WEEKLY_SIGNAL_NOT_BUY; WEEKLY_RETURN_BELOW_COST_ERROR_BUFFER; MARKET_REGIME_BEARISH,1916.300048828125,1803.7242868534904,112.57576197463459,52,99647.6025390625,1000000.0,0.0,UNKNOWN,0.0,xgboost_direct_horizon,v1
LATENTVIEW.NS,2026-08-14,-0.0010347201023250818,-0.02004178985953331,-0.09233006834983826,285.20001220703125,297.5649981689453,10.085838594959883,155190112.96744156,^NSEI,23118.599609375,24127.1840234375,24535.336787109376,BEARISH,0,-1,-1,BLOCKED,WEEKLY_SIGNAL_NOT_BUY; WEEKLY_RETURN_BELOW_COST_ERROR_BUFFER; MONTHLY_FORECAST_BEARISH; CLOSE_NOT_ABOVE_SMA_50; MARKET_REGIME_BEARISH,285.20001220703125,265.0283350171115,20.171677189919762,350,99820.00427246094,1000000.0,0.0,UNKNOWN,0.0,xgboost_direct_horizon,v1
LAURUSLABS.NS,2026-08-14,0.01056116633117199,0.018159642815589905,0.0856752097606659,1787.300048828125,1583.470009765625,40.940375138683684,6778250864.065735,^NSEI,23118.599609375,24127.1840234375,24535.336787109376,BEARISH,1,1,1,BLOCKED,MARKET_REGIME_BEARISH,1787.300048828125,1705.4192985507577,81.88075027736727,55,98301.50268554688,1000000.0,0.0,UNKNOWN,0.0,xgboost_direct_horizon,v1
LEMONTREE.NS,2026-08-14,0.00016454534488730133,-0.008607964031398296,-0.04506910219788551,108.91999816894531,112.9634002685547,2.5216196024952526,308278439.8770298,^NSEI,23118.599609375,24127.1840234375,24535.336787109376,BEARISH,0,-1,-1,BLOCKED,WEEKLY_SIGNAL_NOT_BUY; WEEKLY_RETURN_BELOW_COST_ERROR_BUFFER; MONTHLY_FORECAST_BEARISH; CLOSE_NOT_ABOVE_SMA_50; MARKET_REGIME_BEARISH,108.91999816894531,103.87675896395481,5.043239204990499,918,99988.5583190918,1000000.0,0.0,UNKNOWN,0.0,xgboost_direct_horizon,v1
LICHSGFIN.NS,2026-08-14,-0.002129271160811186,0.01493215560913086,0.11421218514442444,490.158447265625,528.6927374267578,9.607045047985576,2227002115.724983,^NSEI,23118.599609375,24127.1840234375,24535.336787109376,BEARISH,0,1,1,BLOCKED,CLOSE_NOT_ABOVE_SMA_50; MARKET_REGIME_BEARISH,490.158447265625,470.94435716965387,19.21409009597113,204,99992.3232421875,1000000.0,0.0,UNKNOWN,0.0,xgboost_direct_horizon,v1
LICI.NS,2026-08-17,-0.001871231710538268,0.021488508209586143,-0.02764713577926159,410.0,419.35399047851564,9.773360832437094,3531536780.996358,^NSEI,23118.599609375,24127.1840234375,24535.336787109376,BEARISH,0,1,-1,BLOCKED,MONTHLY_FORECAST_BEARISH; CLOSE_NOT_ABOVE_SMA_50; MARKET_REGIME_BEARISH,410.0,390.4532783351258,19.546721664874212,243,99630.0,1000000.0,0.0,UNKNOWN,0.0,xgboost_direct_horizon,v1
LINDEINDIA.NS,2026-08-14,-0.002618614351376891,-0.0011967469472438097,-0.06702760607004166,6696.0,6990.548037109375,184.43615890828298,150476965.7,^NSEI,23118.599609375,24127.1840234375,24535.336787109376,BEARISH,-1,0,-1,BLOCKED,WEEKLY_SIGNAL_NOT_BUY; WEEKLY_RETURN_BELOW_COST_ERROR_BUFFER; MONTHLY_FORECAST_BEARISH; CLOSE_NOT_ABOVE_SMA_50; MARKET_REGIME_BEARISH,6696.0,6327.127682183434,368.87231781656556,14,93744.0,1000000.0,0.0,UNKNOWN,0.0,xgboost_direct_horizon,v1
LLOYDSME.NS,2026-08-17,-0.00084543542470783,-0.037832655012607574,-0.07675642520189285,1942.0,1862.41513671875,63.83694824181581,605839607.88396,^NSEI,23118.599609375,24127.1840234375,24535.336787109376,BEARISH,0,-1,-1,BLOCKED,WEEKLY_SIGNAL_NOT_BUY; WEEKLY_RETURN_BELOW_COST_ERROR_BUFFER; MONTHLY_FORECAST_BEARISH; MARKET_REGIME_BEARISH,1942.0,1814.3261035163684,127.67389648363155,51,99042.0,1000000.0,0.0,UNKNOWN,0.0,xgboost_direct_horizon,v1
LODHA.NS,2026-08-14,0.00586313521489501,0.0008803581004031003,-0.07583850622177124,1243.9000244140625,1090.18201171875,40.636496347872026,1888938361.6455994,^NSEI,23118.599609375,24127.1840234375,24535.336787109376,BEARISH,1,0,-1,BLOCKED,WEEKLY_SIGNAL_NOT_BUY; WEEKLY_RETURN_BELOW_COST_ERROR_BUFFER; MONTHLY_FORECAST_BEARISH; MARKET_REGIME_BEARISH,1243.9000244140625,1162.6270317183184,81.27299269574405,80,99512.001953125,1000000.0,0.0,UNKNOWN,0.0,xgboost_direct_horizon,v1
LT.NS,2026-08-17,-0.004296419210731983,0.005966286640614271,-0.037489667534828186,4086.699951171875,4003.029990234375,61.58212246566517,5376147341.104907,^NSEI,23118.599609375,24127.1840234375,24535.336787109376,BEARISH,-1,1,-1,BLOCKED,WEEKLY_RETURN_BELOW_COST_ERROR_BUFFER; MONTHLY_FORECAST_BEARISH; MARKET_REGIME_BEARISH,4086.699951171875,3963.5357062405446,123.16424493133036,24,98080.798828125,1000000.0,0.0,UNKNOWN,0.0,xgboost_direct_horizon,v1
LTF.NS,2026-08-17,0.015787923708558083,-0.0003672972379717976,-0.03553834185004234,315.0,305.66999877929686,8.550860532770695,1470874831.9955947,^NSEI,23118.599609375,24127.1840234375,24535.336787109376,BEARISH,1,0,-1,BLOCKED,WEEKLY_SIGNAL_NOT_BUY; WEEKLY_RETURN_BELOW_COST_ERROR_BUFFER; MONTHLY_FORECAST_BEARISH; MARKET_REGIME_BEARISH,315.0,297.89827893445863,17.10172106554137,317,99855.0,1000000.0,0.0,UNKNOWN,0.0,xgboost_direct_horizon,v1
LTFOODS.NS,2026-08-17,0.00704093836247921,0.04099825397133827,0.018437325954437256,417.1499938964844,389.9259985351562,10.821206286071794,1258178430.3249176,^NSEI,23118.599609375,24127.1840234375,24535.336787109376,BEARISH,1,1,1,BLOCKED,MARKET_REGIME_BEARISH,417.1499938964844,395.5075813243408,21.6424125721436,239,99698.84854125977,1000000.0,0.0,UNKNOWN,0.0,xgboost_direct_horizon,v1
LTTS.NS,2026-08-14,0.010194036178290844,0.01595131866633892,-0.04247661307454109,3476.800048828125,3384.2179931640626,111.96032323639147,324042945.001355,^NSEI,23118.599609375,24127.1840234375,24535.336787109376,BEARISH,1,1,-1,BLOCKED,MONTHLY_FORECAST_BEARISH; MARKET_REGIME_BEARISH,3476.800048828125,3252.879402355342,223.92064647278312,28,97350.4013671875,1000000.0,0.0,UNKNOWN,0.0,xgboost_direct_horizon,v1
LUPIN.NS,2026-08-17,-0.0012858211994171143,-0.022225482389330864,-0.06643866002559662,2259.0,2371.8185302734373,51.865110920715715,1580183596.1856322,^NSEI,23118.599609375,24127.1840234375,24535.336787109376,BEARISH,0,-1,-1,BLOCKED,WEEKLY_SIGNAL_NOT_BUY; WEEKLY_RETURN_BELOW_COST_ERROR_BUFFER; MONTHLY_FORECAST_BEARISH; CLOSE_NOT_ABOVE_SMA_50; MARKET_REGIME_BEARISH,2259.0,2155.2697781585684,103.73022184143156,44,99396.0,1000000.0,0.0,UNKNOWN,0.0,xgboost_direct_horizon,v1
M&M.NS,2026-08-17,0.0033165528438985348,0.007189908530563116,-0.07211510092020035,3390.39990234375,3194.1437548828126,72.25794545733866,5593784067.400818,^NSEI,23118.599609375,24127.1840234375,24535.336787109376,BEARISH,1,1,-1,BLOCKED,WEEKLY_RETURN_BELOW_COST_ERROR_BUFFER; MONTHLY_FORECAST_BEARISH; MARKET_REGIME_BEARISH,3390.39990234375,3245.884011429073,144.51589091467713,29,98321.59716796875,1000000.0,0.0,UNKNOWN,0.0,xgboost_direct_horizon,v1
M&MFIN.NS,2026-08-17,-0.0018039020942524076,-0.013162865303456783,-0.10011148452758789,388.8999938964844,339.4070837402344,14.866095602307698,696225414.3147552,^NSEI,23118.599609375,24127.1840234375,24535.336787109376,BEARISH,0,-1,-1,BLOCKED,WEEKLY_SIGNAL_NOT_BUY; WEEKLY_RETURN_BELOW_COST_ERROR_BUFFER; MONTHLY_FORECAST_BEARISH; MARKET_REGIME_BEARISH,388.8999938964844,359.167802691869,29.73219120461539,252,98002.79846191406,1000000.0,0.0,UNKNOWN,0.0,xgboost_direct_horizon,v1
MAHABANK.NS,2026-08-17,-0.00406261021271348,0.00031659859814681113,0.01535660121589899,81.0999984741211,83.60860000610352,2.0622111572059794,1413578177.937793,^NSEI,23118.599609375,24127.1840234375,24535.336787109376,BEARISH,-1,0,1,BLOCKED,WEEKLY_SIGNAL_NOT_BUY; WEEKLY_RETURN_BELOW_COST_ERROR_BUFFER; CLOSE_NOT_ABOVE_SMA_50; MARKET_REGIME_BEARISH,81.0999984741211,76.97557615970914,4.124422314411959,1233,99996.29811859131,1000000.0,0.0,UNKNOWN,0.0,xgboost_direct_horizon,v1
MAHSEAMLES.NS,2026-08-14,0.006208653096109629,0.014424323104321957,0.14311200380325317,603.2152099609375,590.8465710449219,15.255128056696968,299691841.3441223,^NSEI,23118.599609375,24127.1840234375,24535.336787109376,BEARISH,1,1,1,BLOCKED,MARKET_REGIME_BEARISH,603.2152099609375,572.7049538475436,30.510256113393893,165,99530.50964355469,1000000.0,0.0,UNKNOWN,0.0,xgboost_direct_horizon,v1
MANAPPURAM.NS,2026-08-17,-0.005879807751625776,0.018593506887555122,-0.07269132882356644,348.6000061035156,336.04639099121096,10.94371015858811,1828735272.9864151,^NSEI,23118.599609375,24127.1840234375,24535.336787109376,BEARISH,-1,1,-1,BLOCKED,MONTHLY_FORECAST_BEARISH; MARKET_REGIME_BEARISH,348.6000061035156,326.7125857863394,21.887420317176236,286,99699.60174560547,1000000.0,0.0,UNKNOWN,0.0,xgboost_direct_horizon,v1
MANKIND.NS,2026-08-14,-0.014007585123181343,-0.010282770730555058,-0.05443760007619858,2425.199951171875,2479.2220068359375,58.50513880133967,779584825.0488403,^NSEI,23118.599609375,24127.1840234375,24535.336787109376,BEARISH,-1,-1,-1,BLOCKED,WEEKLY_SIGNAL_NOT_BUY; WEEKLY_RETURN_BELOW_COST_ERROR_BUFFER; MONTHLY_FORECAST_BEARISH; CLOSE_NOT_ABOVE_SMA_50; MARKET_REGIME_BEARISH,2425.199951171875,2308.1896735691957,117.01027760267925,41,99433.19799804688,1000000.0,0.0,UNKNOWN,0.0,xgboost_direct_horizon,v1
MANYAVAR.NS,2026-08-14,0.0112180570140481,0.023634953424334526,0.07972941547632217,528.75,425.43400146484373,18.427669390614867,304834063.39038694,^NSEI,23118.599609375,24127.1840234375,24535.336787109376,BEARISH,1,1,1,BLOCKED,MARKET_REGIME_BEARISH,528.75,491.89466121877024,36.85533878122976,189,99933.75,1000000.0,0.0,UNKNOWN,0.0,xgboost_direct_horizon,v1
MAPMYINDIA.NS,2026-08-14,-0.004299493972212076,-0.01517854630947113,-0.08430757373571396,989.7000122070312,994.4452185058594,50.966686961221896,194451431.8350525,^NSEI,23118.599609375,24127.1840234375,24535.336787109376,BEARISH,-1,-1,-1,BLOCKED,WEEKLY_SIGNAL_NOT_BUY; WEEKLY_RETURN_BELOW_COST_ERROR_BUFFER; MONTHLY_FORECAST_BEARISH; CLOSE_NOT_ABOVE_SMA_50; MARKET_REGIME_BEARISH,989.7000122070312,887.7666382845874,101.93337392244382,73,72248.10089111328,1000000.0,0.0,UNKNOWN,0.0,xgboost_direct_horizon,v1
MARICO.NS,2026-08-14,-0.006528951693326235,-0.013670417480170727,-0.055308546870946884,865.2000122070312,841.3098767089843,16.36741967917873,1358173638.562558,^NSEI,23118.599609375,24127.1840234375,24535.336787109376,BEARISH,-1,-1,-1,BLOCKED,WEEKLY_SIGNAL_NOT_BUY; WEEKLY_RETURN_BELOW_COST_ERROR_BUFFER; MONTHLY_FORECAST_BEARISH; MARKET_REGIME_BEARISH,865.2000122070312,832.4651728486738,32.734839358357476,115,99498.0014038086,1000000.0,0.0,UNKNOWN,0.0,xgboost_direct_horizon,v1
MARUTI.NS,2026-08-17,-0.00071106874383986,-0.010907165706157684,-0.08834577351808548,13760.0,13667.8566015625,239.12757041449763,4735390019.4,^NSEI,23118.599609375,24127.1840234375,24535.336787109376,BEARISH,0,-1,-1,BLOCKED,WEEKLY_SIGNAL_NOT_BUY; WEEKLY_RETURN_BELOW_COST_ERROR_BUFFER; MONTHLY_FORECAST_BEARISH; MARKET_REGIME_BEARISH,13760.0,13281.744859171005,478.2551408289946,7,96320.0,1000000.0,0.0,UNKNOWN,0.0,xgboost_direct_horizon,v1
MASTEK.NS,2026-08-17,-0.018390677869319916,-0.05376242846250534,-0.07913387566804886,1796.553955078125,1690.95607421875,55.15967321527803,835737112.2756042,^NSEI,23118.599609375,24127.1840234375,24535.336787109376,BEARISH,-1,-1,-1,BLOCKED,WEEKLY_SIGNAL_NOT_BUY; WEEKLY_RETURN_BELOW_COST_ERROR_BUFFER; MONTHLY_FORECAST_BEARISH; MARKET_REGIME_BEARISH,1796.553955078125,1686.2346086475688,110.31934643055615,55,98810.46752929688,1000000.0,0.0,UNKNOWN,0.0,xgboost_direct_horizon,v1
MAXHEALTH.NS,2026-08-14,0.0013329570647329092,-0.0024850787594914436,0.021399693563580513,1008.5999755859375,1080.959803466797,28.927320112280633,1993026137.097632,^NSEI,23118.599609375,24127.1840234375,24535.336787109376,BEARISH,0,0,1,BLOCKED,WEEKLY_SIGNAL_NOT_BUY; WEEKLY_RETURN_BELOW_COST_ERROR_BUFFER; CLOSE_NOT_ABOVE_SMA_50; MARKET_REGIME_BEARISH,1008.5999755859375,950.7453353613762,57.85464022456131,99,99851.39758300781,1000000.0,0.0,UNKNOWN,0.0,xgboost_direct_horizon,v1
MAZDOCK.NS,2026-08-14,-0.0010679815895855427,-0.012963310815393925,-0.08021079748868942,2575.350830078125,2435.1039453125,60.91762197734169,1672357196.2459106,^NSEI,23118.599609375,24127.1840234375,24535.336787109376,BEARISH,0,-1,-1,BLOCKED,WEEKLY_SIGNAL_NOT_BUY; WEEKLY_RETURN_BELOW_COST_ERROR_BUFFER; MONTHLY_FORECAST_BEARISH; MARKET_REGIME_BEARISH,2575.350830078125,2453.5155861234416,121.83524395468339,38,97863.33154296875,1000000.0,0.0,UNKNOWN,0.0,xgboost_direct_horizon,v1
MCX.NS,2026-08-17,0.019398503005504608,0.07823497802019119,0.09382545948028564,2925.930908203125,2793.3156787109374,90.96311905286441,7574031484.23999,^NSEI,23118.599609375,24127.1840234375,24535.336787109376,BEARISH,1,1,1,BLOCKED,MARKET_REGIME_BEARISH,2925.930908203125,2744.0046700973962,181.92623810572877,34,99481.65087890625,1000000.0,0.0,UNKNOWN,0.0,xgboost_direct_horizon,v1
MEDANTA.NS,2026-08-14,-0.0033547410275787115,0.0014274675631895661,0.004712697118520737,1422.5999755859375,1340.1088208007814,44.225309767813144,418377810.32614744,^NSEI,23118.599609375,24127.1840234375,24535.336787109376,BEARISH,-1,0,0,BLOCKED,WEEKLY_SIGNAL_NOT_BUY; WEEKLY_RETURN_BELOW_COST_ERROR_BUFFER; MARKET_REGIME_BEARISH,1422.5999755859375,1334.1493560503113,88.45061953562617,70,99581.99829101562,1000000.0,0.0,UNKNOWN,0.0,xgboost_direct_horizon,v1
METROPOLIS.NS,2026-08-14,0.007619090378284454,0.016978543251752853,0.05030050501227379,545.5,557.2100012207031,19.7153525217884,163502297.80762023,^NSEI,23118.599609375,24127.1840234375,24535.336787109376,BEARISH,1,1,1,BLOCKED,CLOSE_NOT_ABOVE_SMA_50; MARKET_REGIME_BEARISH,545.5,506.0692949564232,39.43070504357678,183,99826.5,1000000.0,0.0,UNKNOWN,0.0,xgboost_direct_horizon,v1
MFSL.NS,2026-08-14,0.01622517965734005,0.026165565475821495,-0.04593086242675781,1538.0999755859375,1573.8860083007812,39.60136515657821,775431987.5787964,^NSEI,23118.599609375,24127.1840234375,24535.336787109376,BEARISH,1,1,-1,BLOCKED,MONTHLY_FORECAST_BEARISH; CLOSE_NOT_ABOVE_SMA_50; MARKET_REGIME_BEARISH,1538.0999755859375,1458.897245272781,79.20273031315651,65,99976.49841308594,1000000.0,0.0,UNKNOWN,0.0,xgboost_direct_horizon,v1
MGL.NS,2026-08-14,-0.006631853058934212,-0.007875963114202023,-0.0454217754304409,1120.546875,1110.1218212890626,30.5273936823957,286334823.1476868,^NSEI,23118.599609375,24127.1840234375,24535.336787109376,BEARISH,-1,-1,-1,BLOCKED,WEEKLY_SIGNAL_NOT_BUY; WEEKLY_RETURN_BELOW_COST_ERROR_BUFFER; MONTHLY_FORECAST_BEARISH; MARKET_REGIME_BEARISH,1120.546875,1059.4920876352087,61.05478736479131,89,99728.671875,1000000.0,0.0,UNKNOWN,0.0,xgboost_direct_horizon,v1
MINDACORP.NS,2026-08-14,0.010505527257919312,0.018991176038980484,-0.03866371512413025,720.0499877929688,684.3624609375,26.958453739844302,268264306.6246063,^NSEI,23118.599609375,24127.1840234375,24535.336787109376,BEARISH,1,1,-1,BLOCKED,MONTHLY_FORECAST_BEARISH; MARKET_REGIME_BEARISH,720.0499877929688,666.1330803132802,53.916907479688575,138,99366.89831542969,1000000.0,0.0,UNKNOWN,0.0,xgboost_direct_horizon,v1
MMTC.NS,2026-08-17,-0.005717303138226271,0.012662200257182121,-0.030701419338583946,63.810001373291016,65.96980026245117,1.657517781321625,238982744.32329196,^NSEI,23118.599609375,24127.1840234375,24535.336787109376,BEARISH,-1,1,-1,BLOCKED,MONTHLY_FORECAST_BEARISH; CLOSE_NOT_ABOVE_SMA_50; MARKET_REGIME_BEARISH,63.810001373291016,60.49496581064776,3.315035562643253,1567,99990.27215194702,1000000.0,0.0,UNKNOWN,0.0,xgboost_direct_horizon,v1
MOTHERSON.NS,2026-08-17,0.007808585651218891,0.003552021225914359,-0.05148739740252495,168.05999755859375,149.2383200073242,4.467829729798338,1865335361.6919487,^NSEI,23118.599609375,24127.1840234375,24535.336787109376,BEARISH,1,0,-1,BLOCKED,WEEKLY_SIGNAL_NOT_BUY; WEEKLY_RETURN_BELOW_COST_ERROR_BUFFER; MONTHLY_FORECAST_BEARISH; MARKET_REGIME_BEARISH,168.05999755859375,159.12433809899707,8.935659459596678,595,99995.69854736328,1000000.0,0.0,UNKNOWN,0.0,xgboost_direct_horizon,v1
MOTILALOFS.NS,2026-08-17,-0.002888341201469302,0.0030232917051762342,-0.023986779153347015,955.0,919.2730029296876,27.19131775994636,1019322667.3393799,^NSEI,23118.599609375,24127.1840234375,24535.336787109376,BEARISH,-1,0,-1,BLOCKED,WEEKLY_SIGNAL_NOT_BUY; WEEKLY_RETURN_BELOW_COST_ERROR_BUFFER; MONTHLY_FORECAST_BEARISH; MARKET_REGIME_BEARISH,955.0,900.6173644801073,54.38263551989269,104,99320.0,1000000.0,0.0,UNKNOWN,0.0,xgboost_direct_horizon,v1
MPHASIS.NS,2026-08-14,-0.00614976417273283,-0.029368136078119278,-0.04751668870449066,2545.0,2314.208193359375,75.77251619622082,1083831007.8190796,^NSEI,23118.599609375,24127.1840234375,24535.336787109376,BEARISH,-1,-1,-1,BLOCKED,WEEKLY_SIGNAL_NOT_BUY; WEEKLY_RETURN_BELOW_COST_ERROR_BUFFER; MONTHLY_FORECAST_BEARISH; MARKET_REGIME_BEARISH,2545.0,2393.4549676075585,151.5450323924415,39,99255.0,1000000.0,0.0,UNKNOWN,0.0,xgboost_direct_horizon,v1
MRF.NS,2026-08-17,-0.0006941561005078256,-0.0004023694491479546,-0.04701829329133034,133015.0,131119.86015625,2098.530019632825,502009860.5,^NSEI,23118.599609375,24127.1840234375,24535.336787109376,BEARISH,0,0,-1,BLOCKED,WEEKLY_SIGNAL_NOT_BUY; WEEKLY_RETURN_BELOW_COST_ERROR_BUFFER; MONTHLY_FORECAST_BEARISH; MARKET_REGIME_BEARISH; INVALID_POSITION_SIZE,133015.0,128817.93996073435,4197.060039265649,0,0.0,1000000.0,0.0,UNKNOWN,0.0,xgboost_direct_horizon,v1
MRPL.NS,2026-08-17,-0.0008317055180668831,-0.01214545127004385,-0.03432560712099075,177.14999389648438,162.66239990234374,7.504389369160088,2369097348.1892385,^NSEI,23118.599609375,24127.1840234375,24535.336787109376,BEARISH,0,-1,-1,BLOCKED,WEEKLY_SIGNAL_NOT_BUY; WEEKLY_RETURN_BELOW_COST_ERROR_BUFFER; MONTHLY_FORECAST_BEARISH; MARKET_REGIME_BEARISH,177.14999389648438,162.1412151581642,15.008778738320188,499,88397.8469543457,1000000.0,0.0,UNKNOWN,0.0,xgboost_direct_horizon,v1
MSUMI.NS,2026-08-14,-0.001106898533180356,-0.02814721316099167,-0.10029763728380203,40.349998474121094,39.56361221313477,1.0876131213944074,348020767.64795303,^NSEI,23118.599609375,24127.1840234375,24535.336787109376,BEARISH,0,-1,-1,BLOCKED,WEEKLY_SIGNAL_NOT_BUY; WEEKLY_RETURN_BELOW_COST_ERROR_BUFFER; MONTHLY_FORECAST_BEARISH; MARKET_REGIME_BEARISH,40.349998474121094,38.17477223133228,2.175226242788817,2478,99987.29621887207,1000000.0,0.0,UNKNOWN,0.0,xgboost_direct_horizon,v1
MUTHOOTFIN.NS,2026-08-17,0.0023755154106765985,0.06419088691473007,-0.021612592041492462,2888.5,3014.6859912109376,83.1273596662952,2753840618.992627,^NSEI,23118.599609375,24127.1840234375,24535.336787109376,BEARISH,0,1,-1,BLOCKED,MONTHLY_FORECAST_BEARISH; CLOSE_NOT_ABOVE_SMA_50; MARKET_REGIME_BEARISH,2888.5,2722.2452806674096,166.2547193325904,34,98209.0,1000000.0,0.0,UNKNOWN,0.0,xgboost_direct_horizon,v1
NAM-INDIA.NS,2026-08-17,-0.01720982789993286,0.025683488696813583,-0.027534067630767822,1202.699951171875,1162.8342919921874,31.169645711327373,1776401159.4754028,^NSEI,23118.599609375,24127.1840234375,24535.336787109376,BEARISH,-1,1,-1,BLOCKED,MONTHLY_FORECAST_BEARISH; MARKET_REGIME_BEARISH,1202.699951171875,1140.3606597492203,62.339291422654696,83,99824.09594726562,1000000.0,0.0,UNKNOWN,0.0,xgboost_direct_horizon,v1
NATCOPHARM.NS,2026-08-14,-0.011314737610518932,-0.022443074733018875,-0.08109141886234283,901.6224365234375,916.7927062988281,28.190426204900067,331235174.85760194,^NSEI,23118.599609375,24127.1840234375,24535.336787109376,BEARISH,-1,-1,-1,BLOCKED,WEEKLY_SIGNAL_NOT_BUY; WEEKLY_RETURN_BELOW_COST_ERROR_BUFFER; MONTHLY_FORECAST_BEARISH; CLOSE_NOT_ABOVE_SMA_50; MARKET_REGIME_BEARISH,901.6224365234375,845.2415841136374,56.38085240980013,110,99178.46801757812,1000000.0,0.0,UNKNOWN,0.0,xgboost_direct_horizon,v1
NATIONALUM.NS,2026-08-17,0.0017959801480174065,0.022088438272476196,-0.06609191000461578,386.5674743652344,359.481337890625,13.549947422421502,1915586691.6115005,^NSEI,23118.599609375,24127.1840234375,24535.336787109376,BEARISH,0,1,-1,BLOCKED,MONTHLY_FORECAST_BEARISH; MARKET_REGIME_BEARISH,386.5674743652344,359.4675795203914,27.099894844842993,258,99734.40838623047,1000000.0,0.0,UNKNOWN,0.0,xgboost_direct_horizon,v1
NAUKRI.NS,2026-08-17,-0.006225354038178921,-0.001795829040929675,-0.043067995458841324,1355.800048828125,1136.5306616210937,40.060544587713096,1587488323.227948,^NSEI,23118.599609375,24127.1840234375,24535.336787109376,BEARISH,-1,0,-1,BLOCKED,WEEKLY_SIGNAL_NOT_BUY; WEEKLY_RETURN_BELOW_COST_ERROR_BUFFER; MONTHLY_FORECAST_BEARISH; MARKET_REGIME_BEARISH,1355.800048828125,1275.6789596526987,80.12108917542628,73,98973.40356445312,1000000.0,0.0,UNKNOWN,0.0,xgboost_direct_horizon,v1
NAVA.NS,2026-08-14,-0.012480271980166435,-0.016472510993480682,-0.04327677935361862,572.6500244140625,584.8594836425781,18.201685240659057,147249616.3513855,^NSEI,23118.599609375,24127.1840234375,24535.336787109376,BEARISH,-1,-1,-1,BLOCKED,WEEKLY_SIGNAL_NOT_BUY; WEEKLY_RETURN_BELOW_COST_ERROR_BUFFER; MONTHLY_FORECAST_BEARISH; CLOSE_NOT_ABOVE_SMA_50; MARKET_REGIME_BEARISH,572.6500244140625,536.2466539327444,36.40337048131812,174,99641.10424804688,1000000.0,0.0,UNKNOWN,0.0,xgboost_direct_horizon,v1
NAVINFLUOR.NS,2026-08-17,0.004553251899778843,0.00690523162484169,0.02985566295683384,8151.0,7654.224541015625,252.51518374693637,1089875587.625,^NSEI,23118.599609375,24127.1840234375,24535.336787109376,BEARISH,1,1,1,BLOCKED,WEEKLY_RETURN_BELOW_COST_ERROR_BUFFER; MARKET_REGIME_BEARISH,8151.0,7645.969632506127,505.0303674938732,12,97812.0,1000000.0,0.0,UNKNOWN,0.0,xgboost_direct_horizon,v1
NBCC.NS,2026-08-17,-0.008904004469513893,-0.0032292152754962444,-0.07379410415887833,89.28402709960938,99.0816571044922,2.143624146792679,413151633.71897584,^NSEI,23118.599609375,24127.1840234375,24535.336787109376,BEARISH,-1,0,-1,BLOCKED,WEEKLY_SIGNAL_NOT_BUY; WEEKLY_RETURN_BELOW_COST_ERROR_BUFFER; MONTHLY_FORECAST_BEARISH; CLOSE_NOT_ABOVE_SMA_50; MARKET_REGIME_BEARISH,89.28402709960938,84.99677880602401,4.287248293585364,1120,99998.1103515625,1000000.0,0.0,UNKNOWN,0.0,xgboost_direct_horizon,v1
NCC.NS,2026-08-17,0.0019077182514593005,0.022769737988710403,0.00858984887599945,139.39999389648438,143.84087219238282,3.259563632154325,450475595.15524596,^NSEI,23118.599609375,24127.1840234375,24535.336787109376,BEARISH,0,1,0,BLOCKED,CLOSE_NOT_ABOVE_SMA_50; MARKET_REGIME_BEARISH,139.39999389648438,132.88086663217572,6.519127264308651,717,99949.7956237793,1000000.0,0.0,UNKNOWN,0.0,xgboost_direct_horizon,v1
NESTLEIND.NS,2026-08-17,-0.00032506929710507393,0.003336427267640829,-0.05200527235865593,1470.0,1449.2400048828124,33.3098531915803,1946458133.3524413,^NSEI,23118.599609375,24127.1840234375,24535.336787109376,BEARISH,0,0,-1,BLOCKED,WEEKLY_SIGNAL_NOT_BUY; WEEKLY_RETURN_BELOW_COST_ERROR_BUFFER; MONTHLY_FORECAST_BEARISH; MARKET_REGIME_BEARISH,1470.0,1403.3802936168395,66.61970638316052,68,99960.0,1000000.0,0.0,UNKNOWN,0.0,xgboost_direct_horizon,v1
NETWEB.NS,2026-08-14,0.023508399724960327,0.07595562189817429,-0.06193402037024498,5007.2001953125,4568.538974609375,207.35392025861012,10632826986.457691,^NSEI,23118.599609375,24127.1840234375,24535.336787109376,BEARISH,1,1,-1,BLOCKED,MONTHLY_FORECAST_BEARISH; MARKET_REGIME_BEARISH,5007.2001953125,4592.492354795279,414.7078405172206,18,90129.603515625,1000000.0,0.0,UNKNOWN,0.0,xgboost_direct_horizon,v1
NETWORK18.NS,2026-08-17,-0.004769733175635338,0.029329994693398476,-0.07626250386238098,28.950000762939453,30.926399955749513,0.7680198845138734,217338576.679008,^NSEI,23118.599609375,24127.1840234375,24535.336787109376,BEARISH,-1,1,-1,BLOCKED,MONTHLY_FORECAST_BEARISH; CLOSE_NOT_ABOVE_SMA_50; MARKET_REGIME_BEARISH,28.950000762939453,27.413960993911708,1.5360397690277452,3454,99993.30263519287,1000000.0,0.0,UNKNOWN,0.0,xgboost_direct_horizon,v1
NEULANDLAB.NS,2026-08-14,0.003197635989636183,0.008602163754403591,-0.005665665026754141,23320.0,18978.132734375,825.7491975619165,1066529375.55,^NSEI,23118.599609375,24127.1840234375,24535.336787109376,BEARISH,1,1,0,BLOCKED,WEEKLY_RETURN_BELOW_COST_ERROR_BUFFER; MONTHLY_FORECAST_BEARISH; MARKET_REGIME_BEARISH,23320.0,21668.501604876168,1651.4983951238319,4,93280.0,1000000.0,0.0,UNKNOWN,0.0,xgboost_direct_horizon,v1
NEWGEN.NS,2026-08-14,-0.006972824689000845,-0.016291078180074692,-0.03009728156030178,535.1500244140625,508.4380328369141,24.26441810804605,728367593.4524918,^NSEI,23118.599609375,24127.1840234375,24535.336787109376,BEARISH,-1,-1,-1,BLOCKED,WEEKLY_SIGNAL_NOT_BUY; WEEKLY_RETURN_BELOW_COST_ERROR_BUFFER; MONTHLY_FORECAST_BEARISH; MARKET_REGIME_BEARISH,535.1500244140625,486.6211881979704,48.52883621609209,154,82413.10375976562,1000000.0,0.0,UNKNOWN,0.0,xgboost_direct_horizon,v1
NH.NS,2026-08-14,-0.0030187859665602446,-0.00798427127301693,0.029851308092474937,1832.5999755859375,1946.4756127929688,45.33467048935406,439066275.0456848,^NSEI,23118.599609375,24127.1840234375,24535.336787109376,BEARISH,-1,-1,1,BLOCKED,WEEKLY_SIGNAL_NOT_BUY; WEEKLY_RETURN_BELOW_COST_ERROR_BUFFER; CLOSE_NOT_ABOVE_SMA_50; MARKET_REGIME_BEARISH,1832.5999755859375,1741.9306346072294,90.66934097870808,54,98960.39868164062,1000000.0,0.0,UNKNOWN,0.0,xgboost_direct_horizon,v1
NHPC.NS,2026-08-17,-0.0023965686559677124,-0.0012073509860783815,0.006085402797907591,76.5999984741211,77.9262013244629,1.5456228295969947,727049332.2402554,^NSEI,23118.599609375,24127.1840234375,24535.336787109376,BEARISH,0,0,0,BLOCKED,WEEKLY_SIGNAL_NOT_BUY; WEEKLY_RETURN_BELOW_COST_ERROR_BUFFER; CLOSE_NOT_ABOVE_SMA_50; MARKET_REGIME_BEARISH,76.5999984741211,73.5087528149271,3.091245659193987,1305,99962.99800872803,1000000.0,0.0,UNKNOWN,0.0,xgboost_direct_horizon,v1
NIACL.NS,2026-08-17,-0.007681735325604677,0.011509128846228123,0.05062345042824745,183.63999938964844,176.1230667114258,6.294768589177282,2458322557.095668,^NSEI,23118.599609375,24127.1840234375,24535.336787109376,BEARISH,-1,1,1,BLOCKED,MARKET_REGIME_BEARISH,183.63999938964844,171.05046221129388,12.589537178354561,544,99900.15966796875,1000000.0,0.0,UNKNOWN,0.0,xgboost_direct_horizon,v1
NLCINDIA.NS,2026-08-17,-0.0011015930213034153,-0.012125956825911999,-0.04900825396180153,277.6499938964844,304.5929998779297,8.449720145048556,386590753.42516327,^NSEI,23118.599609375,24127.1840234375,24535.336787109376,BEARISH,0,-1,-1,BLOCKED,WEEKLY_SIGNAL_NOT_BUY; WEEKLY_RETURN_BELOW_COST_ERROR_BUFFER; MONTHLY_FORECAST_BEARISH; CLOSE_NOT_ABOVE_SMA_50; MARKET_REGIME_BEARISH,277.6499938964844,260.75055360638726,16.899440290097118,360,99953.99780273438,1000000.0,0.0,UNKNOWN,0.0,xgboost_direct_horizon,v1
NMDC.NS,2026-08-17,-0.0025010767858475447,0.0008096208912320435,-0.036577556282281876,85.5,85.50859970092773,1.8984624974620652,1358408891.739343,^NSEI,23118.599609375,24127.1840234375,24535.336787109376,BEARISH,-1,0,-1,BLOCKED,WEEKLY_SIGNAL_NOT_BUY; WEEKLY_RETURN_BELOW_COST_ERROR_BUFFER; MONTHLY_FORECAST_BEARISH; CLOSE_NOT_ABOVE_SMA_50; MARKET_REGIME_BEARISH,85.5,81.70307500507587,3.796924994924126,1169,99949.5,1000000.0,0.0,UNKNOWN,0.0,xgboost_direct_horizon,v1
NSLNISP.NS,2026-08-14,-0.028792191296815872,-0.07295618206262589,-0.049168918281793594,44.5,44.302000198364254,1.1565451918196026,582433972.3557673,^NSEI,23118.599609375,24127.1840234375,24535.336787109376,BEARISH,-1,-1,-1,BLOCKED,WEEKLY_SIGNAL_NOT_BUY; WEEKLY_RETURN_BELOW_COST_ERROR_BUFFER; MONTHLY_FORECAST_BEARISH; MARKET_REGIME_BEARISH,44.5,42.18690961636079,2.3130903836392065,2247,99991.5,1000000.0,0.0,UNKNOWN,0.0,xgboost_direct_horizon,v1
NTPC.NS,2026-08-17,-0.00439081946387887,0.001635446329601109,-0.016822056844830513,333.3984680175781,346.2179986572266,5.955068526909557,2688110463.6522994,^NSEI,23118.599609375,24127.1840234375,24535.336787109376,BEARISH,-1,0,-1,BLOCKED,WEEKLY_SIGNAL_NOT_BUY; WEEKLY_RETURN_BELOW_COST_ERROR_BUFFER; MONTHLY_FORECAST_BEARISH; CLOSE_NOT_ABOVE_SMA_50; MARKET_REGIME_BEARISH,333.3984680175781,321.48833096375904,11.910137053819085,299,99686.14193725586,1000000.0,0.0,UNKNOWN,0.0,xgboost_direct_horizon,v1
NUVAMA.NS,2026-08-14,0.022096317261457443,0.033352553844451904,0.009632379747927189,1670.0999755859375,1771.4779907226562,69.36269182480342,578697128.9830872,^NSEI,23118.599609375,24127.1840234375,24535.336787109376,BEARISH,1,1,0,BLOCKED,CLOSE_NOT_ABOVE_SMA_50; MARKET_REGIME_BEARISH,1670.0999755859375,1531.3745919363307,138.72538364960678,54,90185.39868164062,1000000.0,0.0,UNKNOWN,0.0,xgboost_direct_horizon,v1
NYKAA.NS,2026-08-14,-0.006239771842956543,0.004208233207464218,0.023023808375000954,331.0,312.90299926757814,7.947388907814164,1406830679.5073197,^NSEI,23118.599609375,24127.1840234375,24535.336787109376,BEARISH,-1,0,1,BLOCKED,WEEKLY_SIGNAL_NOT_BUY; WEEKLY_RETURN_BELOW_COST_ERROR_BUFFER; MARKET_REGIME_BEARISH,331.0,315.10522218437166,15.894777815628345,302,99962.0,1000000.0,0.0,UNKNOWN,0.0,xgboost_direct_horizon,v1
OBEROIRLTY.NS,2026-08-17,-0.017158836126327515,-0.011605862528085709,-0.07127858698368073,1931.0,1800.1724487304687,48.7611067875433,859950210.1200073,^NSEI,23118.599609375,24127.1840234375,24535.336787109376,BEARISH,-1,-1,-1,BLOCKED,WEEKLY_SIGNAL_NOT_BUY; WEEKLY_RETURN_BELOW_COST_ERROR_BUFFER; MONTHLY_FORECAST_BEARISH; MARKET_REGIME_BEARISH,1931.0,1833.4777864249133,97.52221357508665,51,98481.0,1000000.0,0.0,UNKNOWN,0.0,xgboost_direct_horizon,v1
OFSS.NS,2026-08-17,-0.0058674281463027,-0.01745346374809742,-0.0016890153056010604,11789.0,10934.88,370.99936920171035,2575307091.75,^NSEI,23118.599609375,24127.1840234375,24535.336787109376,BEARISH,-1,-1,0,BLOCKED,WEEKLY_SIGNAL_NOT_BUY; WEEKLY_RETURN_BELOW_COST_ERROR_BUFFER; MARKET_REGIME_BEARISH,11789.0,11047.001261596579,741.9987384034212,8,94312.0,1000000.0,0.0,UNKNOWN,0.0,xgboost_direct_horizon,v1
OIL.NS,2026-08-17,0.007586972787976265,0.005041857715696096,0.038747113198041916,473.68133544921875,436.4305078125,12.602634605840791,1189304267.326619,^NSEI,23118.599609375,24127.1840234375,24535.336787109376,BEARISH,1,1,1,BLOCKED,WEEKLY_RETURN_BELOW_COST_ERROR_BUFFER; MARKET_REGIME_BEARISH,473.68133544921875,448.47606623753717,25.205269211681582,211,99946.76177978516,1000000.0,0.0,UNKNOWN,0.0,xgboost_direct_horizon,v1
OLAELEC.NS,2026-08-17,-0.01223557349294424,-0.05512048676609993,-0.022448165342211723,39.220001220703125,41.10099998474121,1.5786882024022482,2136201652.280655,^NSEI,23118.599609375,24127.1840234375,24535.336787109376,BEARISH,-1,-1,-1,BLOCKED,WEEKLY_SIGNAL_NOT_BUY; WEEKLY_RETURN_BELOW_COST_ERROR_BUFFER; MONTHLY_FORECAST_BEARISH; CLOSE_NOT_ABOVE_SMA_50; MARKET_REGIME_BEARISH,39.220001220703125,36.06262481589863,3.157376404804495,2375,93147.50289916992,1000000.0,0.0,UNKNOWN,0.0,xgboost_direct_horizon,v1
OLECTRA.NS,2026-08-14,0.006404811516404152,-0.010519948787987232,-0.08841297030448914,1316.9000244140625,1386.1419995117187,41.22487000982914,473717501.2,^NSEI,23118.599609375,24127.1840234375,24535.336787109376,BEARISH,1,-1,-1,BLOCKED,WEEKLY_SIGNAL_NOT_BUY; WEEKLY_RETURN_BELOW_COST_ERROR_BUFFER; MONTHLY_FORECAST_BEARISH; CLOSE_NOT_ABOVE_SMA_50; MARKET_REGIME_BEARISH,1316.9000244140625,1234.4502843944042,82.4497400196583,75,98767.50183105469,1000000.0,0.0,UNKNOWN,0.0,xgboost_direct_horizon,v1
ONGC.NS,2026-08-17,0.003143447218462825,-0.010154048912227154,-0.013773798942565918,237.4794464111328,242.17904907226563,4.128175378853656,2698413075.220628,^NSEI,23118.599609375,24127.1840234375,24535.336787109376,BEARISH,1,-1,-1,BLOCKED,WEEKLY_SIGNAL_NOT_BUY; WEEKLY_RETURN_BELOW_COST_ERROR_BUFFER; MONTHLY_FORECAST_BEARISH; CLOSE_NOT_ABOVE_SMA_50; MARKET_REGIME_BEARISH,237.4794464111328,229.2230956534255,8.25635075770731,421,99978.84693908691,1000000.0,0.0,UNKNOWN,0.0,xgboost_direct_horizon,v1
PAGEIND.NS,2026-08-17,-0.010643985122442245,-0.028644943609833717,-0.05124884098768234,37154.8671875,39783.951640625,1053.0348944314985,803222852.5,^NSEI,23118.599609375,24127.1840234375,24535.336787109376,BEARISH,-1,-1,-1,BLOCKED,WEEKLY_SIGNAL_NOT_BUY; WEEKLY_RETURN_BELOW_COST_ERROR_BUFFER; MONTHLY_FORECAST_BEARISH; CLOSE_NOT_ABOVE_SMA_50; MARKET_REGIME_BEARISH,37154.8671875,35048.797398637005,2106.0697888629948,2,74309.734375,1000000.0,0.0,UNKNOWN,0.0,xgboost_direct_horizon,v1
PATANJALI.NS,2026-08-17,-0.004025403410196304,-0.016553128138184547,-0.037382252514362335,351.58953857421875,381.8765167236328,10.144079508152018,674312016.8366181,^NSEI,23118.599609375,24127.1840234375,24535.336787109376,BEARISH,-1,-1,-1,BLOCKED,WEEKLY_SIGNAL_NOT_BUY; WEEKLY_RETURN_BELOW_COST_ERROR_BUFFER; MONTHLY_FORECAST_BEARISH; CLOSE_NOT_ABOVE_SMA_50; MARKET_REGIME_BEARISH,351.58953857421875,331.30137955791474,20.288159016304007,284,99851.42895507812,1000000.0,0.0,UNKNOWN,0.0,xgboost_direct_horizon,v1
PAYTM.NS,2026-08-14,-0.007239284459501505,-0.003727847244590521,0.08480633795261383,1603.0,1271.7260034179687,52.25868574435096,7113877721.240997,^NSEI,23118.599609375,24127.1840234375,24535.336787109376,BEARISH,-1,0,1,BLOCKED,WEEKLY_SIGNAL_NOT_BUY; WEEKLY_RETURN_BELOW_COST_ERROR_BUFFER; MARKET_REGIME_BEARISH,1603.0,1498.4826285112981,104.51737148870188,62,99386.0,1000000.0,0.0,UNKNOWN,0.0,xgboost_direct_horizon,v1
PCBL.NS,2026-08-14,0.011424881406128407,0.019719287753105164,0.02677854150533676,309.79998779296875,311.70954162597656,12.339441614756948,562172610.8814514,^NSEI,23118.599609375,24127.1840234375,24535.336787109376,BEARISH,1,1,1,BLOCKED,CLOSE_NOT_ABOVE_SMA_50; MARKET_REGIME_BEARISH,309.79998779296875,285.1211045634549,24.678883229513872,303,93869.39630126953,1000000.0,0.0,UNKNOWN,0.0,xgboost_direct_horizon,v1
PERSISTENT.NS,2026-08-17,-0.008516564965248108,0.014575153589248657,0.010408475063741207,5570.0,5076.713427734375,156.35507031163613,2828015144.525,^NSEI,23118.599609375,24127.1840234375,24535.336787109376,BEARISH,-1,1,0,BLOCKED,MARKET_REGIME_BEARISH,5570.0,5257.289859376728,312.7101406232723,17,94690.0,1000000.0,0.0,UNKNOWN,0.0,xgboost_direct_horizon,v1
PETRONET.NS,2026-08-14,0.00035268173087388277,0.02595428004860878,0.013708619400858879,282.6000061035156,278.547509765625,6.435106480122022,553182566.3273575,^NSEI,23118.599609375,24127.1840234375,24535.336787109376,BEARISH,0,1,1,BLOCKED,MARKET_REGIME_BEARISH,282.6000061035156,269.7297931432716,12.870212960244032,353,99757.80215454102,1000000.0,0.0,UNKNOWN,0.0,xgboost_direct_horizon,v1
PFC.NS,2026-08-17,0.004002573434263468,-0.014105170965194702,-0.06907252222299576,370.3896484375,408.2143225097656,8.706606009228087,3113944151.019647,^NSEI,23118.599609375,24127.1840234375,24535.336787109376,BEARISH,1,-1,-1,BLOCKED,WEEKLY_SIGNAL_NOT_BUY; WEEKLY_RETURN_BELOW_COST_ERROR_BUFFER; MONTHLY_FORECAST_BEARISH; CLOSE_NOT_ABOVE_SMA_50; MARKET_REGIME_BEARISH,370.3896484375,352.9764364190438,17.413212018456193,269,99634.8154296875,1000000.0,0.0,UNKNOWN,0.0,xgboost_direct_horizon,v1
PFIZER.NS,2026-08-14,-0.00961962342262268,0.006725872401148081,-0.14739099144935608,4874.7998046875,4605.559375,109.26986650971283,362597978.95806885,^NSEI,23118.599609375,24127.1840234375,24535.336787109376,BEARISH,-1,1,-1,BLOCKED,WEEKLY_RETURN_BELOW_COST_ERROR_BUFFER; MONTHLY_FORECAST_BEARISH; MARKET_REGIME_BEARISH,4874.7998046875,4656.2600716680745,218.5397330194255,20,97495.99609375,1000000.0,0.0,UNKNOWN,0.0,xgboost_direct_horizon,v1
PGEL.NS,2026-08-17,-0.014535574242472649,-0.026450425386428833,-0.12252513319253922,614.0,574.5520050048829,20.30223320966871,610582365.5342926,^NSEI,23118.599609375,24127.1840234375,24535.336787109376,BEARISH,-1,-1,-1,BLOCKED,WEEKLY_SIGNAL_NOT_BUY; WEEKLY_RETURN_BELOW_COST_ERROR_BUFFER; MONTHLY_FORECAST_BEARISH; MARKET_REGIME_BEARISH,614.0,573.3955335806626,40.60446641933743,162,99468.0,1000000.0,0.0,UNKNOWN,0.0,xgboost_direct_horizon,v1
PGHH.NS,2026-08-17,-0.0024099021684378386,-0.015619813464581966,-0.08613621443510056,8302.1015625,8766.56265625,144.5422641814336,95832237.96638183,^NSEI,23118.599609375,24127.1840234375,24535.336787109376,BEARISH,0,-1,-1,BLOCKED,WEEKLY_SIGNAL_NOT_BUY; WEEKLY_RETURN_BELOW_COST_ERROR_BUFFER; MONTHLY_FORECAST_BEARISH; CLOSE_NOT_ABOVE_SMA_50; MARKET_REGIME_BEARISH,8302.1015625,8013.017034137133,289.0845283628669,12,99625.21875,1000000.0,0.0,UNKNOWN,0.0,xgboost_direct_horizon,v1
PHOENIXLTD.NS,2026-08-17,5.3140276577323675e-05,-0.007898401468992233,-0.03353375568985939,1927.2474365234375,1954.1257592773438,47.58103842961989,718268781.3935791,^NSEI,23118.599609375,24127.1840234375,24535.336787109376,BEARISH,0,-1,-1,BLOCKED,WEEKLY_SIGNAL_NOT_BUY; WEEKLY_RETURN_BELOW_COST_ERROR_BUFFER; MONTHLY_FORECAST_BEARISH; CLOSE_NOT_ABOVE_SMA_50; MARKET_REGIME_BEARISH,1927.2474365234375,1832.0853596641978,95.16207685923973,51,98289.61926269531,1000000.0,0.0,UNKNOWN,0.0,xgboost_direct_horizon,v1
PIDILITIND.NS,2026-08-17,0.002066581044346094,-0.005918690003454685,-0.06356822699308395,1669.0,1593.3833837890625,31.91925540017202,1096180517.4803283,^NSEI,23118.599609375,24127.1840234375,24535.336787109376,BEARISH,0,-1,-1,BLOCKED,WEEKLY_SIGNAL_NOT_BUY; WEEKLY_RETURN_BELOW_COST_ERROR_BUFFER; MONTHLY_FORECAST_BEARISH; MARKET_REGIME_BEARISH,1669.0,1605.161489199656,63.83851080034401,59,98471.0,1000000.0,0.0,UNKNOWN,0.0,xgboost_direct_horizon,v1
PIIND.NS,2026-08-17,0.01029130443930626,0.0037777097895741463,-0.06640471518039703,2472.0,2688.8031689453123,65.21232788907425,614698040.4118286,^NSEI,23118.599609375,24127.1840234375,24535.336787109376,BEARISH,1,0,-1,BLOCKED,WEEKLY_SIGNAL_NOT_BUY; WEEKLY_RETURN_BELOW_COST_ERROR_BUFFER; MONTHLY_FORECAST_BEARISH; CLOSE_NOT_ABOVE_SMA_50; MARKET_REGIME_BEARISH,2472.0,2341.5753442218515,130.42465577814846,40,98880.0,1000000.0,0.0,UNKNOWN,0.0,xgboost_direct_horizon,v1
PNB.NS,2026-08-17,0.0038449536077678204,-0.007226475514471531,-0.01710853911936283,117.31999969482422,109.33626846313477,2.200466558914985,1388475178.1783822,^NSEI,23118.599609375,24127.1840234375,24535.336787109376,BEARISH,1,-1,-1,BLOCKED,WEEKLY_SIGNAL_NOT_BUY; WEEKLY_RETURN_BELOW_COST_ERROR_BUFFER; MONTHLY_FORECAST_BEARISH; MARKET_REGIME_BEARISH,117.31999969482422,112.91906657699425,4.400933117829965,852,99956.63973999023,1000000.0,0.0,UNKNOWN,0.0,xgboost_direct_horizon,v1
PNBHOUSING.NS,2026-08-14,-0.0017704949714243412,0.011876504868268967,-0.0016928613185882568,1150.5,1060.7713793945313,32.9516047250232,938755143.43031,^NSEI,23118.599609375,24127.1840234375,24535.336787109376,BEARISH,0,1,0,BLOCKED,MARKET_REGIME_BEARISH,1150.5,1084.5967905499535,65.90320945004646,86,98943.0,1000000.0,0.0,UNKNOWN,0.0,xgboost_direct_horizon,v1
PNCINFRA.NS,2026-08-14,-0.006971960887312889,-0.03558070957660675,-0.26808834075927734,217.9199981689453,230.90479919433594,10.001871188725806,115991695.63145676,^NSEI,23118.599609375,24127.1840234375,24535.336787109376,BEARISH,-1,-1,-1,BLOCKED,WEEKLY_SIGNAL_NOT_BUY; WEEKLY_RETURN_BELOW_COST_ERROR_BUFFER; MONTHLY_FORECAST_BEARISH; CLOSE_NOT_ABOVE_SMA_50; MARKET_REGIME_BEARISH,217.9199981689453,197.9162557914937,20.0037423774516,374,81502.07931518555,1000000.0,0.0,UNKNOWN,0.0,xgboost_direct_horizon,v1
POLICYBZR.NS,2026-08-14,-0.008504606783390045,0.021018732339143753,0.0043327887542545795,1741.0,1603.3139916992188,48.65487136911936,1916863977.3334594,^NSEI,23118.599609375,24127.1840234375,24535.336787109376,BEARISH,-1,1,0,BLOCKED,MARKET_REGIME_BEARISH,1741.0,1643.6902572617612,97.30974273823881,57,99237.0,1000000.0,0.0,UNKNOWN,0.0,xgboost_direct_horizon,v1
POLYCAB.NS,2026-08-17,-0.005232988856732845,-0.02449396811425686,-0.10844822973012924,9370.0,9366.60884765625,185.97524806253182,3554854711.45,^NSEI,23118.599609375,24127.1840234375,24535.336787109376,BEARISH,-1,-1,-1,BLOCKED,WEEKLY_SIGNAL_NOT_BUY; WEEKLY_RETURN_BELOW_COST_ERROR_BUFFER; MONTHLY_FORECAST_BEARISH; MARKET_REGIME_BEARISH,9370.0,8998.049503874936,371.9504961250641,10,93700.0,1000000.0,0.0,UNKNOWN,0.0,xgboost_direct_horizon,v1
POLYMED.NS,2026-08-17,0.012436900287866592,-0.009586907923221588,-0.004486595746129751,1730.05712890625,1659.8608666992188,64.0824238488411,282174216.5138367,^NSEI,23118.599609375,24127.1840234375,24535.336787109376,BEARISH,1,-1,0,BLOCKED,WEEKLY_SIGNAL_NOT_BUY; WEEKLY_RETURN_BELOW_COST_ERROR_BUFFER; MARKET_REGIME_BEARISH,1730.05712890625,1601.8922812085677,128.16484769768226,57,98613.25634765625,1000000.0,0.0,UNKNOWN,0.0,xgboost_direct_horizon,v1
POONAWALLA.NS,2026-08-17,0.00145276403054595,-0.01196890790015459,-0.11023864895105362,497.45001220703125,454.06300170898436,15.281977570191762,376361149.0632904,^NSEI,23118.599609375,24127.1840234375,24535.336787109376,BEARISH,0,-1,-1,BLOCKED,WEEKLY_SIGNAL_NOT_BUY; WEEKLY_RETURN_BELOW_COST_ERROR_BUFFER; MONTHLY_FORECAST_BEARISH; MARKET_REGIME_BEARISH,497.45001220703125,466.8860570666477,30.56395514038354,201,99987.45245361328,1000000.0,0.0,UNKNOWN,0.0,xgboost_direct_horizon,v1
POWERGRID.NS,2026-08-14,0.0008070904877968132,0.01139918901026249,-0.00651975255459547,266.04998779296875,283.6940014648437,4.858241216346831,2389170402.1576643,^NSEI,23118.599609375,24127.1840234375,24535.336787109376,BEARISH,0,1,0,BLOCKED,MONTHLY_FORECAST_BEARISH; CLOSE_NOT_ABOVE_SMA_50; MARKET_REGIME_BEARISH,266.04998779296875,256.33350536027507,9.716482432693681,375,99768.74542236328,1000000.0,0.0,UNKNOWN,0.0,xgboost_direct_horizon,v1
POWERINDIA.NS,2026-08-14,0.0006494388217106462,-0.045755039900541306,-0.11614114046096802,35691.4765625,33479.5058203125,1238.4638706511541,2898332205.973047,^NSEI,23118.599609375,24127.1840234375,24535.336787109376,BEARISH,0,-1,-1,BLOCKED,WEEKLY_SIGNAL_NOT_BUY; WEEKLY_RETURN_BELOW_COST_ERROR_BUFFER; MONTHLY_FORECAST_BEARISH; MARKET_REGIME_BEARISH,35691.4765625,33214.54882119769,2476.9277413023083,2,71382.953125,1000000.0,0.0,UNKNOWN,0.0,xgboost_direct_horizon,v1
PPLPHARMA.NS,2026-08-14,-0.005027062725275755,0.03413892164826393,0.020666416734457016,206.63999938964844,180.42879974365235,7.916462913298716,921955707.5893806,^NSEI,23118.599609375,24127.1840234375,24535.336787109376,BEARISH,-1,1,1,BLOCKED,MARKET_REGIME_BEARISH,206.63999938964844,190.807073563051,15.832925826597432,473,97740.71971130371,1000000.0,0.0,UNKNOWN,0.0,xgboost_direct_horizon,v1
PRAJIND.NS,2026-08-14,0.0015180212212726474,0.02292032353579998,-0.03226745128631592,335.25,334.8946105957031,10.9116439880537,314331593.7824173,^NSEI,23118.599609375,24127.1840234375,24535.336787109376,BEARISH,0,1,-1,BLOCKED,MONTHLY_FORECAST_BEARISH; MARKET_REGIME_BEARISH,335.25,313.4267120238926,21.823287976107395,298,99904.5,1000000.0,0.0,UNKNOWN,0.0,xgboost_direct_horizon,v1
PRESTIGE.NS,2026-08-17,0.006625507026910782,0.016010619699954987,-0.054237112402915955,1591.9000244140625,1590.1051806640626,50.556622023949274,759610822.8000549,^NSEI,23118.599609375,24127.1840234375,24535.336787109376,BEARISH,1,1,-1,BLOCKED,MONTHLY_FORECAST_BEARISH; MARKET_REGIME_BEARISH,1591.9000244140625,1490.7867803661638,101.11324404789866,62,98697.80151367188,1000000.0,0.0,UNKNOWN,0.0,xgboost_direct_horizon,v1
PTCIL.NS,2026-08-14,0.04324604570865631,0.05477806180715561,0.191488116979599,19050.0,17958.06,476.01737981795395,1293726821.5,^NSEI,23118.599609375,24127.1840234375,24535.336787109376,BEARISH,1,1,1,BLOCKED,MARKET_REGIME_BEARISH,19050.0,18097.965240364094,952.0347596359061,5,95250.0,1000000.0,0.0,UNKNOWN,0.0,xgboost_direct_horizon,v1
PVRINOX.NS,2026-08-17,-0.0014245951315388083,0.02678791619837284,0.02565615624189377,1192.0,1039.2760021972656,37.04043942756795,914494944.3590332,^NSEI,23118.599609375,24127.1840234375,24535.336787109376,BEARISH,0,1,1,BLOCKED,MARKET_REGIME_BEARISH,1192.0,1117.9191211448642,74.08087885513578,83,98936.0,1000000.0,0.0,UNKNOWN,0.0,xgboost_direct_horizon,v1
QUESS.NS,2026-08-17,-0.006346573121845722,0.0011679348535835743,0.02988552860915661,343.8999938964844,285.50922943115233,14.446652961755012,311815628.19242096,^NSEI,23118.599609375,24127.1840234375,24535.336787109376,BEARISH,-1,0,1,BLOCKED,WEEKLY_SIGNAL_NOT_BUY; WEEKLY_RETURN_BELOW_COST_ERROR_BUFFER; MARKET_REGIME_BEARISH,343.8999938964844,315.00668797297436,28.893305923510013,259,89070.09841918945,1000000.0,0.0,UNKNOWN,0.0,xgboost_direct_horizon,v1
RADICO.NS,2026-08-17,0.0023612563963979483,-0.0019150320440530777,-0.04974984750151634,4693.39990234375,4067.974765625,104.85509138798726,1097576449.2895265,^NSEI,23118.599609375,24127.1840234375,24535.336787109376,BEARISH,0,0,-1,BLOCKED,WEEKLY_SIGNAL_NOT_BUY; WEEKLY_RETURN_BELOW_COST_ERROR_BUFFER; MONTHLY_FORECAST_BEARISH; MARKET_REGIME_BEARISH,4693.39990234375,4483.689719567776,209.71018277597432,21,98561.39794921875,1000000.0,0.0,UNKNOWN,0.0,xgboost_direct_horizon,v1
RAILTEL.NS,2026-08-14,0.0009472077945247293,0.017341718077659607,-0.06406756490468979,282.1499938964844,300.7516772460938,6.324138565123401,326608755.2435608,^NSEI,23118.599609375,24127.1840234375,24535.336787109376,BEARISH,0,1,-1,BLOCKED,MONTHLY_FORECAST_BEARISH; CLOSE_NOT_ABOVE_SMA_50; MARKET_REGIME_BEARISH,282.1499938964844,269.50171676623756,12.64827713024681,354,99881.09783935547,1000000.0,0.0,UNKNOWN,0.0,xgboost_direct_horizon,v1
RAINBOW.NS,2026-08-14,0.006600473541766405,-0.004730048589408398,-0.012495609000325203,1461.800048828125,1459.7849438476562,42.67484702572369,118483146.73163453,^NSEI,23118.599609375,24127.1840234375,24535.336787109376,BEARISH,1,0,-1,BLOCKED,WEEKLY_SIGNAL_NOT_BUY; WEEKLY_RETURN_BELOW_COST_ERROR_BUFFER; MONTHLY_FORECAST_BEARISH; MARKET_REGIME_BEARISH,1461.800048828125,1376.4503547766776,85.34969405144739,68,99402.4033203125,1000000.0,0.0,UNKNOWN,0.0,xgboost_direct_horizon,v1
RAMCOCEM.NS,2026-08-14,0.009562854655086994,-0.0009583602077327669,-0.03240079805254936,907.2000122070312,912.0201293945313,26.571932440836196,237227563.63110048,^NSEI,23118.599609375,24127.1840234375,24535.336787109376,BEARISH,1,0,-1,BLOCKED,WEEKLY_SIGNAL_NOT_BUY; WEEKLY_RETURN_BELOW_COST_ERROR_BUFFER; MONTHLY_FORECAST_BEARISH; CLOSE_NOT_ABOVE_SMA_50; MARKET_REGIME_BEARISH,907.2000122070312,854.0561473253589,53.14386488167236,110,99792.00134277344,1000000.0,0.0,UNKNOWN,0.0,xgboost_direct_horizon,v1
RAYMOND.NS,2026-08-14,0.0008410781156271696,0.012478373944759369,0.44373008608818054,635.4500122070312,598.9349975585938,21.77927499335356,3839588439.0059843,^NSEI,23118.599609375,24127.1840234375,24535.336787109376,BEARISH,0,1,1,BLOCKED,MARKET_REGIME_BEARISH,635.4500122070312,591.8914622203241,43.558549986707135,157,99765.6519165039,1000000.0,0.0,UNKNOWN,0.0,xgboost_direct_horizon,v1
RBLBANK.NS,2026-08-14,-0.008430925197899342,0.011819501407444477,0.04239246994256973,385.0,370.3022235107422,8.161211715113442,1349638570.4206834,^NSEI,23118.599609375,24127.1840234375,24535.336787109376,BEARISH,-1,1,1,BLOCKED,MARKET_REGIME_BEARISH,385.0,368.6775765697731,16.322423430226877,259,99715.0,1000000.0,0.0,UNKNOWN,0.0,xgboost_direct_horizon,v1
RCF.NS,2026-08-14,-0.0027599469758570194,-0.028842361643910408,-0.08803128451108932,124.05000305175781,128.97599990844728,2.5315595211370736,255575322.2303955,^NSEI,23118.599609375,24127.1840234375,24535.336787109376,BEARISH,-1,-1,-1,BLOCKED,WEEKLY_SIGNAL_NOT_BUY; WEEKLY_RETURN_BELOW_COST_ERROR_BUFFER; MONTHLY_FORECAST_BEARISH; CLOSE_NOT_ABOVE_SMA_50; MARKET_REGIME_BEARISH,124.05000305175781,118.98688400948366,5.0631190422741525,806,99984.3024597168,1000000.0,0.0,UNKNOWN,0.0,xgboost_direct_horizon,v1
RECLTD.NS,2026-08-17,0.0007736312691122293,-0.014990109950304031,-0.0533975325524807,340.0,353.5848327636719,8.212596993019767,1617380802.2437363,^NSEI,23118.599609375,24127.1840234375,24535.336787109376,BEARISH,0,-1,-1,BLOCKED,WEEKLY_SIGNAL_NOT_BUY; WEEKLY_RETURN_BELOW_COST_ERROR_BUFFER; MONTHLY_FORECAST_BEARISH; CLOSE_NOT_ABOVE_SMA_50; MARKET_REGIME_BEARISH,340.0,323.5748060139605,16.425193986039517,294,99960.0,1000000.0,0.0,UNKNOWN,0.0,xgboost_direct_horizon,v1
REDINGTON.NS,2026-08-17,-0.018790727481245995,0.0599801167845726,0.14067888259887695,332.79998779296875,286.07521881103514,14.314936760297515,2524092789.4497147,^NSEI,23118.599609375,24127.1840234375,24535.336787109376,BEARISH,-1,1,1,BLOCKED,MARKET_REGIME_BEARISH,332.79998779296875,304.1701142723737,28.629873520595027,261,86860.79681396484,1000000.0,0.0,UNKNOWN,0.0,xgboost_direct_horizon,v1
RELIANCE.NS,2026-08-17,0.006388711277395487,0.002253022976219654,-0.034313082695007324,1316.0,1303.0300024414062,21.77369541353965,13869513098.908503,^NSEI,23118.599609375,24127.1840234375,24535.336787109376,BEARISH,1,0,-1,BLOCKED,WEEKLY_SIGNAL_NOT_BUY; WEEKLY_RETURN_BELOW_COST_ERROR_BUFFER; MONTHLY_FORECAST_BEARISH; MARKET_REGIME_BEARISH,1316.0,1272.4526091729208,43.5473908270792,75,98700.0,1000000.0,0.0,Energy,0.0,xgboost_direct_horizon,v1
RENUKA.NS,2026-08-17,0.008037758059799671,0.09397897124290466,0.015293973498046398,23.0,22.478600006103516,0.6249417327146918,866156432.6817982,^NSEI,23118.599609375,24127.1840234375,24535.336787109376,BEARISH,1,1,1,BLOCKED,MARKET_REGIME_BEARISH,23.0,21.750116534570616,1.2498834654293844,4347,99981.0,1000000.0,0.0,UNKNOWN,0.0,xgboost_direct_horizon,v1
RHIM.NS,2026-08-14,-0.009121384471654892,-0.0012650437420234084,-0.03253009915351868,377.3424072265625,389.5473114013672,16.12446597924127,89371618.81729889,^NSEI,23118.599609375,24127.1840234375,24535.336787109376,BEARISH,-1,0,-1,BLOCKED,WEEKLY_SIGNAL_NOT_BUY; WEEKLY_RETURN_BELOW_COST_ERROR_BUFFER; MONTHLY_FORECAST_BEARISH; CLOSE_NOT_ABOVE_SMA_50; MARKET_REGIME_BEARISH,377.3424072265625,345.09347526807994,32.24893195848256,232,87543.4384765625,1000000.0,0.0,UNKNOWN,0.0,xgboost_direct_horizon,v1
RITES.NS,2026-08-14,0.003946172073483467,-0.017572056502103806,-0.041569653898477554,221.05999755859375,216.1327685546875,6.370448942836733,63545331.618888095,^NSEI,23118.599609375,24127.1840234375,24535.336787109376,BEARISH,1,-1,-1,BLOCKED,WEEKLY_SIGNAL_NOT_BUY; WEEKLY_RETURN_BELOW_COST_ERROR_BUFFER; MONTHLY_FORECAST_BEARISH; MARKET_REGIME_BEARISH,221.05999755859375,208.3190996729203,12.740897885673462,452,99919.11889648438,1000000.0,0.0,UNKNOWN,0.0,xgboost_direct_horizon,v1
RKFORGE.NS,2026-08-17,-1.9091950889560394e-05,-0.02570737525820732,-0.08503838628530502,755.0,611.4150036621094,23.69813298960201,568489526.0101624,^NSEI,23118.599609375,24127.1840234375,24535.336787109376,BEARISH,0,-1,-1,BLOCKED,WEEKLY_SIGNAL_NOT_BUY; WEEKLY_RETURN_BELOW_COST_ERROR_BUFFER; MONTHLY_FORECAST_BEARISH; MARKET_REGIME_BEARISH,755.0,707.603734020796,47.39626597920403,132,99660.0,1000000.0,0.0,UNKNOWN,0.0,xgboost_direct_horizon,v1
ROUTE.NS,2026-08-14,-0.0008050389587879181,-0.01591908000409603,-0.03473636135458946,503.26318359375,536.1708087158203,17.554799840577946,88337838.26194152,^NSEI,23118.599609375,24127.1840234375,24535.336787109376,BEARISH,0,-1,-1,BLOCKED,WEEKLY_SIGNAL_NOT_BUY; WEEKLY_RETURN_BELOW_COST_ERROR_BUFFER; MONTHLY_FORECAST_BEARISH; CLOSE_NOT_ABOVE_SMA_50; MARKET_REGIME_BEARISH,503.26318359375,468.1535839125941,35.109599681155885,198,99646.1103515625,1000000.0,0.0,UNKNOWN,0.0,xgboost_direct_horizon,v1
RPOWER.NS,2026-08-17,-0.00658975588157773,0.01635342836380005,-0.03530712053179741,22.719999313354492,24.832799911499023,0.6955481248866338,452716065.8197648,^NSEI,23118.599609375,24127.1840234375,24535.336787109376,BEARISH,-1,1,-1,BLOCKED,MONTHLY_FORECAST_BEARISH; CLOSE_NOT_ABOVE_SMA_50; MARKET_REGIME_BEARISH,22.719999313354492,21.328903063581226,1.3910962497732662,4401,99990.71697807312,1000000.0,0.0,UNKNOWN,0.0,xgboost_direct_horizon,v1
RRKABEL.NS,2026-08-14,-0.009382512420415878,0.03147969767451286,-0.1263231486082077,2785.60009765625,2426.4671240234375,95.10400806607532,1623201187.496814,^NSEI,23118.599609375,24127.1840234375,24535.336787109376,BEARISH,-1,1,-1,BLOCKED,MONTHLY_FORECAST_BEARISH; MARKET_REGIME_BEARISH,2785.60009765625,2595.3920815240995,190.20801613215053,35,97496.00341796875,1000000.0,0.0,UNKNOWN,0.0,xgboost_direct_horizon,v1
RTNINDIA.NS,2026-08-17,0.0049372646026313305,-0.0065442235209047794,-0.07852254062891006,30.479999542236328,32.969400024414064,0.9490005043984012,50055189.23734589,^NSEI,23118.599609375,24127.1840234375,24535.336787109376,BEARISH,1,-1,-1,BLOCKED,WEEKLY_SIGNAL_NOT_BUY; WEEKLY_RETURN_BELOW_COST_ERROR_BUFFER; MONTHLY_FORECAST_BEARISH; CLOSE_NOT_ABOVE_SMA_50; MARKET_REGIME_BEARISH,30.479999542236328,28.581998533439524,1.898001008796804,3280,99974.39849853516,1000000.0,0.0,UNKNOWN,0.0,xgboost_direct_horizon,v1
RVNL.NS,2026-08-14,0.005204830318689346,0.0025878665037453175,-0.07908260077238083,226.64356994628906,231.13656188964845,5.011213358201312,857327095.6943451,^NSEI,23118.599609375,24127.1840234375,24535.336787109376,BEARISH,1,0,-1,BLOCKED,WEEKLY_SIGNAL_NOT_BUY; WEEKLY_RETURN_BELOW_COST_ERROR_BUFFER; MONTHLY_FORECAST_BEARISH; CLOSE_NOT_ABOVE_SMA_50; MARKET_REGIME_BEARISH,226.64356994628906,216.62114322988643,10.022426716402634,441,99949.81434631348,1000000.0,0.0,UNKNOWN,0.0,xgboost_direct_horizon,v1
SAIL.NS,2026-08-17,-0.010547258891165257,0.007292278576642275,0.027492307126522064,173.60000610351562,171.0633999633789,6.052732314325171,4734210841.878794,^NSEI,23118.599609375,24127.1840234375,24535.336787109376,BEARISH,-1,1,1,BLOCKED,WEEKLY_RETURN_BELOW_COST_ERROR_BUFFER; MARKET_REGIME_BEARISH,173.60000610351562,161.4945414748653,12.105464628650338,576,99993.603515625,1000000.0,0.0,UNKNOWN,0.0,xgboost_direct_horizon,v1
SAMMAANCAP.NS,2026-08-17,-0.012094740755856037,-0.012440714053809643,-0.05286041647195816,153.3300018310547,167.07779968261718,5.24496900942587,1134523151.4298255,^NSEI,23118.599609375,24127.1840234375,24535.336787109376,BEARISH,-1,-1,-1,BLOCKED,WEEKLY_SIGNAL_NOT_BUY; WEEKLY_RETURN_BELOW_COST_ERROR_BUFFER; MONTHLY_FORECAST_BEARISH; CLOSE_NOT_ABOVE_SMA_50; MARKET_REGIME_BEARISH,153.3300018310547,142.84006381220294,10.489938018851745,652,99971.16119384766,1000000.0,0.0,UNKNOWN,0.0,xgboost_direct_horizon,v1
SAPPHIRE.NS,2026-08-14,0.0023914328776299953,0.031792666763067245,-0.04067825898528099,234.72000122070312,189.2979998779297,10.589800976159493,248469102.20672607,^NSEI,23118.599609375,24127.1840234375,24535.336787109376,BEARISH,0,1,-1,BLOCKED,MONTHLY_FORECAST_BEARISH; MARKET_REGIME_BEARISH,234.72000122070312,213.54039926838414,21.17960195231899,354,83090.8804321289,1000000.0,0.0,UNKNOWN,0.0,xgboost_direct_horizon,v1
SARDAEN.NS,2026-08-14,-0.01365597266703844,-0.027192985638976097,-0.034488413482904434,531.1500244140625,507.7955590820313,16.108731077948352,317214841.6079575,^NSEI,23118.599609375,24127.1840234375,24535.336787109376,BEARISH,-1,-1,-1,BLOCKED,WEEKLY_SIGNAL_NOT_BUY; WEEKLY_RETURN_BELOW_COST_ERROR_BUFFER; MONTHLY_FORECAST_BEARISH; MARKET_REGIME_BEARISH,531.1500244140625,498.9325622581658,32.217462155896726,188,99856.20458984375,1000000.0,0.0,UNKNOWN,0.0,xgboost_direct_horizon,v1
SAREGAMA.NS,2026-08-14,0.00047409249236807227,-0.021923551335930824,-0.06356914341449738,527.2999877929688,492.4819989013672,23.421085039998957,222534508.91277924,^NSEI,23118.599609375,24127.1840234375,24535.336787109376,BEARISH,0,-1,-1,BLOCKED,WEEKLY_SIGNAL_NOT_BUY; WEEKLY_RETURN_BELOW_COST_ERROR_BUFFER; MONTHLY_FORECAST_BEARISH; MARKET_REGIME_BEARISH,527.2999877929688,480.45781771297084,46.84217007999791,160,84367.998046875,1000000.0,0.0,UNKNOWN,0.0,xgboost_direct_horizon,v1
SBFC.NS,2026-08-14,-0.0019407536601647735,-0.002278432482853532,0.027751319110393524,94.05000305175781,92.16419967651368,1.9811425638727405,295065616.92901456,^NSEI,23118.599609375,24127.1840234375,24535.336787109376,BEARISH,0,0,1,BLOCKED,WEEKLY_SIGNAL_NOT_BUY; WEEKLY_RETURN_BELOW_COST_ERROR_BUFFER; MARKET_REGIME_BEARISH,94.05000305175781,90.08771792401234,3.9622851277454743,1063,99975.15324401855,1000000.0,0.0,UNKNOWN,0.0,xgboost_direct_horizon,v1
SBICARD.NS,2026-08-14,0.010229607112705708,0.007991928607225418,0.0065407585352659225,633.0,624.9980004882813,14.673788327794286,2208976546.241028,^NSEI,23118.599609375,24127.1840234375,24535.336787109376,BEARISH,1,1,0,BLOCKED,WEEKLY_RETURN_BELOW_COST_ERROR_BUFFER; MARKET_REGIME_BEARISH,633.0,603.6524233444114,29.34757665558857,157,99381.0,1000000.0,0.0,UNKNOWN,0.0,xgboost_direct_horizon,v1
SBILIFE.NS,2026-08-17,-0.004430884029716253,-0.0041704620234668255,-0.04393357038497925,1790.4000244140625,1816.11599609375,34.37777368013025,1552008494.86156,^NSEI,23118.599609375,24127.1840234375,24535.336787109376,BEARISH,-1,0,-1,BLOCKED,WEEKLY_SIGNAL_NOT_BUY; WEEKLY_RETURN_BELOW_COST_ERROR_BUFFER; MONTHLY_FORECAST_BEARISH; CLOSE_NOT_ABOVE_SMA_50; MARKET_REGIME_BEARISH,1790.4000244140625,1721.644477053802,68.7555473602606,55,98472.00134277344,1000000.0,0.0,UNKNOWN,0.0,xgboost_direct_horizon,v1
SBIN.NS,2026-08-17,-0.000654403236694634,-0.007809121627360582,-0.06495513021945953,1061.199951171875,1037.5679943847656,20.639307851514875,7588926888.137262,^NSEI,23118.599609375,24127.1840234375,24535.336787109376,BEARISH,0,-1,-1,BLOCKED,WEEKLY_SIGNAL_NOT_BUY; WEEKLY_RETURN_BELOW_COST_ERROR_BUFFER; MONTHLY_FORECAST_BEARISH; MARKET_REGIME_BEARISH,1061.199951171875,1019.9213354688452,41.2786157030298,94,99752.79541015625,1000000.0,0.0,UNKNOWN,0.0,xgboost_direct_horizon,v1
SCHAEFFLER.NS,2026-08-14,0.00022741977591067553,0.0036094060633331537,-0.02514752745628357,4043.199951171875,4119.894033203125,103.45213124609019,215983173.83735353,^NSEI,23118.599609375,24127.1840234375,24535.336787109376,BEARISH,0,0,-1,BLOCKED,WEEKLY_SIGNAL_NOT_BUY; WEEKLY_RETURN_BELOW_COST_ERROR_BUFFER; MONTHLY_FORECAST_BEARISH; CLOSE_NOT_ABOVE_SMA_50; MARKET_REGIME_BEARISH,4043.199951171875,3836.2956886796946,206.90426249218035,24,97036.798828125,1000000.0,0.0,UNKNOWN,0.0,xgboost_direct_horizon,v1
SCHNEIDER.NS,2026-08-14,-0.07546257227659225,-0.08288503438234329,-0.12563809752464294,1369.199951171875,1339.7780053710937,59.60750976927751,566038203.7734131,^NSEI,23118.599609375,24127.1840234375,24535.336787109376,BEARISH,-1,-1,-1,BLOCKED,WEEKLY_SIGNAL_NOT_BUY; WEEKLY_RETURN_BELOW_COST_ERROR_BUFFER; MONTHLY_FORECAST_BEARISH; MARKET_REGIME_BEARISH,1369.199951171875,1249.98493163332,119.215019538555,62,84890.39697265625,1000000.0,0.0,UNKNOWN,0.0,xgboost_direct_horizon,v1
SCI.NS,2026-08-17,0.01696929521858692,0.020576292648911476,-0.03673986718058586,285.4289855957031,293.6948577880859,9.646347331677237,603434900.4502289,^NSEI,23118.599609375,24127.1840234375,24535.336787109376,BEARISH,1,1,-1,BLOCKED,MONTHLY_FORECAST_BEARISH; CLOSE_NOT_ABOVE_SMA_50; MARKET_REGIME_BEARISH,285.4289855957031,266.13629093234863,19.292694663354496,350,99900.1449584961,1000000.0,0.0,UNKNOWN,0.0,xgboost_direct_horizon,v1
SHREECEM.NS,2026-08-17,0.0034976776223629713,-0.006303008180111647,-0.04376419261097908,24535.0,25857.27734375,582.1573445167659,588646963.25,^NSEI,23118.599609375,24127.1840234375,24535.336787109376,BEARISH,1,-1,-1,BLOCKED,WEEKLY_SIGNAL_NOT_BUY; WEEKLY_RETURN_BELOW_COST_ERROR_BUFFER; MONTHLY_FORECAST_BEARISH; CLOSE_NOT_ABOVE_SMA_50; MARKET_REGIME_BEARISH,24535.0,23370.68531096647,1164.3146890335302,4,98140.0,1000000.0,0.0,UNKNOWN,0.0,xgboost_direct_horizon,v1
SHRIRAMFIN.NS,2026-08-17,-0.0042365542612969875,0.0031425831839442253,-0.09597446769475937,1122.0,1039.3142626953124,27.491460316089906,3984359515.371927,^NSEI,23118.599609375,24127.1840234375,24535.336787109376,BEARISH,-1,0,-1,BLOCKED,WEEKLY_SIGNAL_NOT_BUY; WEEKLY_RETURN_BELOW_COST_ERROR_BUFFER; MONTHLY_FORECAST_BEARISH; MARKET_REGIME_BEARISH,1122.0,1067.01707936782,54.98292063217991,89,99858.0,1000000.0,0.0,UNKNOWN,0.0,xgboost_direct_horizon,v1
SHYAMMETL.NS,2026-08-17,-0.00033162045292556286,0.01366657204926014,0.07427024096250534,986.9000244140625,988.7628637695312,26.048758756663275,493386573.53404236,^NSEI,23118.599609375,24127.1840234375,24535.336787109376,BEARISH,0,1,1,BLOCKED,CLOSE_NOT_ABOVE_SMA_50; MARKET_REGIME_BEARISH,986.9000244140625,934.8025069007359,52.09751751332658,101,99676.90246582031,1000000.0,0.0,UNKNOWN,0.0,xgboost_direct_horizon,v1
SIEMENS.NS,2026-08-17,0.0025589053984731436,0.018172284588217735,-0.02155119925737381,3943.0,3680.7743359375,104.37450748895041,1390169763.3889403,^NSEI,23118.599609375,24127.1840234375,24535.336787109376,BEARISH,1,1,-1,BLOCKED,MONTHLY_FORECAST_BEARISH; MARKET_REGIME_BEARISH,3943.0,3734.250985022099,208.74901497790097,25,98575.0,1000000.0,0.0,UNKNOWN,0.0,xgboost_direct_horizon,v1
SIGNATURE.NS,2026-08-14,-0.0025523293297737837,-0.01586770825088024,-0.06744126230478287,809.25,794.965,23.42559015741825,161786918.09064025,^NSEI,23118.599609375,24127.1840234375,24535.336787109376,BEARISH,-1,-1,-1,BLOCKED,WEEKLY_SIGNAL_NOT_BUY; WEEKLY_RETURN_BELOW_COST_ERROR_BUFFER; MONTHLY_FORECAST_BEARISH; MARKET_REGIME_BEARISH,809.25,762.3988196851635,46.85118031483648,123,99537.75,1000000.0,0.0,UNKNOWN,0.0,xgboost_direct_horizon,v1
SJVN.NS,2026-08-14,-0.0026125095319002867,-0.015230516903102398,-0.01833568513393402,66.8539047241211,70.09106491088868,1.0826145302493722,119314868.29279557,^NSEI,23118.599609375,24127.1840234375,24535.336787109376,BEARISH,-1,-1,-1,BLOCKED,WEEKLY_SIGNAL_NOT_BUY; WEEKLY_RETURN_BELOW_COST_ERROR_BUFFER; MONTHLY_FORECAST_BEARISH; CLOSE_NOT_ABOVE_SMA_50; MARKET_REGIME_BEARISH,66.8539047241211,64.68867566362235,2.1652290604987456,1495,99946.58756256104,1000000.0,0.0,UNKNOWN,0.0,xgboost_direct_horizon,v1
SKFINDIA.NS,2026-08-17,-0.018023891374468803,-0.03445529192686081,-0.08491048961877823,1652.800048828125,1554.2605029296874,54.11573114588483,75728221.10024413,^NSEI,23118.599609375,24127.1840234375,24535.336787109376,BEARISH,-1,-1,-1,BLOCKED,WEEKLY_SIGNAL_NOT_BUY; WEEKLY_RETURN_BELOW_COST_ERROR_BUFFER; MONTHLY_FORECAST_BEARISH; MARKET_REGIME_BEARISH,1652.800048828125,1544.5685865363553,108.23146229176973,60,99168.0029296875,1000000.0,0.0,UNKNOWN,0.0,xgboost_direct_horizon,v1
SOBHA.NS,2026-08-17,-0.0002739386400207877,-0.007941389456391335,-0.0780312716960907,1321.0,1393.8341748046876,36.86610306641467,104707134.26276246,^NSEI,23118.599609375,24127.1840234375,24535.336787109376,BEARISH,0,-1,-1,BLOCKED,WEEKLY_SIGNAL_NOT_BUY; WEEKLY_RETURN_BELOW_COST_ERROR_BUFFER; MONTHLY_FORECAST_BEARISH; CLOSE_NOT_ABOVE_SMA_50; MARKET_REGIME_BEARISH,1321.0,1247.2677938671707,73.73220613282933,75,99075.0,1000000.0,0.0,UNKNOWN,0.0,xgboost_direct_horizon,v1
SOLARINDS.NS,2026-08-17,0.008535305969417095,-0.013282612897455692,-0.006382864434272051,20000.0,18318.6922265625,566.5870035787053,4189334133.85,^NSEI,23118.599609375,24127.1840234375,24535.336787109376,BEARISH,1,-1,0,BLOCKED,WEEKLY_SIGNAL_NOT_BUY; WEEKLY_RETURN_BELOW_COST_ERROR_BUFFER; MONTHLY_FORECAST_BEARISH; MARKET_REGIME_BEARISH,20000.0,18866.82599284259,1133.1740071574095,5,100000.0,1000000.0,0.0,UNKNOWN,0.0,xgboost_direct_horizon,v1
SONACOMS.NS,2026-08-17,0.01332934945821762,0.01728292740881443,0.001667759264819324,805.0999755859375,689.7442150878907,21.81405533206805,1307116161.3205047,^NSEI,23118.599609375,24127.1840234375,24535.336787109376,BEARISH,1,1,0,BLOCKED,MARKET_REGIME_BEARISH,805.0999755859375,761.4718649218014,43.6281106641361,124,99832.39697265625,1000000.0,0.0,UNKNOWN,0.0,xgboost_direct_horizon,v1
SONATSOFTW.NS,2026-08-17,-0.011777847073972225,-0.023007243871688843,-0.11714710295200348,320.3999938964844,294.95268768310547,14.617102227509307,384656150.2043335,^NSEI,23118.599609375,24127.1840234375,24535.336787109376,BEARISH,-1,-1,-1,BLOCKED,WEEKLY_SIGNAL_NOT_BUY; WEEKLY_RETURN_BELOW_COST_ERROR_BUFFER; MONTHLY_FORECAST_BEARISH; MARKET_REGIME_BEARISH,320.3999938964844,291.1657894414658,29.234204455018585,256,82022.3984375,1000000.0,0.0,UNKNOWN,0.0,xgboost_direct_horizon,v1
SRF.NS,2026-08-14,-0.0006124524516053498,-0.01209131721407175,-0.03987651690840721,2606.0,2709.646318359375,57.714090594520876,545443470.8414551,^NSEI,23118.599609375,24127.1840234375,24535.336787109376,BEARISH,0,-1,-1,BLOCKED,WEEKLY_SIGNAL_NOT_BUY; WEEKLY_RETURN_BELOW_COST_ERROR_BUFFER; MONTHLY_FORECAST_BEARISH; CLOSE_NOT_ABOVE_SMA_50; MARKET_REGIME_BEARISH,2606.0,2490.571818810958,115.42818118904188,38,99028.0,1000000.0,0.0,UNKNOWN,0.0,xgboost_direct_horizon,v1
STARHEALTH.NS,2026-08-14,0.0008328212425112724,-0.014327875338494778,-0.05054693669080734,585.1500244140625,576.3230004882812,16.285681060058717,179254538.45456237,^NSEI,23118.599609375,24127.1840234375,24535.336787109376,BEARISH,0,-1,-1,BLOCKED,WEEKLY_SIGNAL_NOT_BUY; WEEKLY_RETURN_BELOW_COST_ERROR_BUFFER; MONTHLY_FORECAST_BEARISH; MARKET_REGIME_BEARISH,585.1500244140625,552.5786622939451,32.57136212011744,170,99475.50415039062,1000000.0,0.0,UNKNOWN,0.0,xgboost_direct_horizon,v1
SUMICHEM.NS,2026-08-14,-0.004342715255916119,-0.04037326201796532,-0.15844404697418213,564.9500122070312,494.1377490234375,20.276379210399842,118588780.64648743,^NSEI,23118.599609375,24127.1840234375,24535.336787109376,BEARISH,-1,-1,-1,BLOCKED,WEEKLY_SIGNAL_NOT_BUY; WEEKLY_RETURN_BELOW_COST_ERROR_BUFFER; MONTHLY_FORECAST_BEARISH; MARKET_REGIME_BEARISH,564.9500122070312,524.3972537862315,40.552758420799705,177,99996.15216064453,1000000.0,0.0,UNKNOWN,0.0,xgboost_direct_horizon,v1
SUNDARMFIN.NS,2026-08-14,0.006196667440235615,0.019305946305394173,0.026401422917842865,4470.5,4491.83740234375,127.04845462402004,201609172.12976074,^NSEI,23118.599609375,24127.1840234375,24535.336787109376,BEARISH,1,1,1,BLOCKED,CLOSE_NOT_ABOVE_SMA_50; MARKET_REGIME_BEARISH,4470.5,4216.40309075196,254.09690924804,22,98351.0,1000000.0,0.0,UNKNOWN,0.0,xgboost_direct_horizon,v1
SUNDRMFAST.NS,2026-08-14,0.003697117092087865,0.015619001351296902,0.027405446395277977,1217.5999755859375,958.5230017089843,32.74392900537919,302502761.1036011,^NSEI,23118.599609375,24127.1840234375,24535.336787109376,BEARISH,1,1,1,BLOCKED,MARKET_REGIME_BEARISH,1217.5999755859375,1152.1121175751791,65.48785801075837,82,99843.19799804688,1000000.0,0.0,UNKNOWN,0.0,xgboost_direct_horizon,v1
SUNPHARMA.NS,2026-08-17,-0.0002101397985825315,0.000719515373930335,-0.02025873400270939,1882.0,1903.48591796875,32.876406200814436,2844964736.0474305,^NSEI,23118.599609375,24127.1840234375,24535.336787109376,BEARISH,0,0,-1,BLOCKED,WEEKLY_SIGNAL_NOT_BUY; WEEKLY_RETURN_BELOW_COST_ERROR_BUFFER; MONTHLY_FORECAST_BEARISH; CLOSE_NOT_ABOVE_SMA_50; MARKET_REGIME_BEARISH,1882.0,1816.247187598371,65.75281240162894,53,99746.0,1000000.0,0.0,UNKNOWN,0.0,xgboost_direct_horizon,v1
SUNTV.NS,2026-08-14,-0.0012511428212746978,-0.015423296950757504,-0.041708171367645264,479.63739013671875,498.14191162109375,12.498403834997795,243237117.61866456,^NSEI,23118.599609375,24127.1840234375,24535.336787109376,BEARISH,0,-1,-1,BLOCKED,WEEKLY_SIGNAL_NOT_BUY; WEEKLY_RETURN_BELOW_COST_ERROR_BUFFER; MONTHLY_FORECAST_BEARISH; CLOSE_NOT_ABOVE_SMA_50; MARKET_REGIME_BEARISH,479.63739013671875,454.6405824667232,24.996807669995576,208,99764.5771484375,1000000.0,0.0,UNKNOWN,0.0,xgboost_direct_horizon,v1
SUPREMEIND.NS,2026-08-14,0.00370745244435966,0.021503843367099762,-0.0361882708966732,3558.89990234375,3417.1728271484376,94.29711715421597,689425328.7822266,^NSEI,23118.599609375,24127.1840234375,24535.336787109376,BEARISH,1,1,-1,BLOCKED,MONTHLY_FORECAST_BEARISH; MARKET_REGIME_BEARISH,3558.89990234375,3370.305668035318,188.59423430843208,28,99649.197265625,1000000.0,0.0,UNKNOWN,0.0,xgboost_direct_horizon,v1
SUZLON.NS,2026-08-17,-0.01243453100323677,-0.03609691932797432,-0.1057375892996788,49.0,53.08059989929199,1.2943770408628785,1861434323.6536243,^NSEI,23118.599609375,24127.1840234375,24535.336787109376,BEARISH,-1,-1,-1,BLOCKED,WEEKLY_SIGNAL_NOT_BUY; WEEKLY_RETURN_BELOW_COST_ERROR_BUFFER; MONTHLY_FORECAST_BEARISH; CLOSE_NOT_ABOVE_SMA_50; MARKET_REGIME_BEARISH,49.0,46.41124591827424,2.58875408172576,2040,99960.0,1000000.0,0.0,UNKNOWN,0.0,xgboost_direct_horizon,v1
SWSOLAR.NS,2026-08-14,0.003939357586205006,-0.040317002683877945,-0.10502535849809647,202.00999450683594,220.66600006103516,6.337367492236841,157266885.58984452,^NSEI,23118.599609375,24127.1840234375,24535.336787109376,BEARISH,1,-1,-1,BLOCKED,WEEKLY_SIGNAL_NOT_BUY; WEEKLY_RETURN_BELOW_COST_ERROR_BUFFER; MONTHLY_FORECAST_BEARISH; CLOSE_NOT_ABOVE_SMA_50; MARKET_REGIME_BEARISH,202.00999450683594,189.33525952236226,12.674734984473673,495,99994.94728088379,1000000.0,0.0,UNKNOWN,0.0,xgboost_direct_horizon,v1
SYNGENE.NS,2026-08-17,-0.0009210560820065439,-0.006653833203017712,-0.05251793563365936,403.0,422.4142730712891,11.652279247332661,206043999.83816224,^NSEI,23118.599609375,24127.1840234375,24535.336787109376,BEARISH,0,-1,-1,BLOCKED,WEEKLY_SIGNAL_NOT_BUY; WEEKLY_RETURN_BELOW_COST_ERROR_BUFFER; MONTHLY_FORECAST_BEARISH; CLOSE_NOT_ABOVE_SMA_50; MARKET_REGIME_BEARISH,403.0,379.69544150533466,23.304558494665343,248,99944.0,1000000.0,0.0,UNKNOWN,0.0,xgboost_direct_horizon,v1
SYRMA.NS,2026-08-14,-0.001755744218826294,-0.008471307344734669,0.04063427448272705,1463.7027587890625,1373.033515625,55.7516773509323,1517232330.7055786,^NSEI,23118.599609375,24127.1840234375,24535.336787109376,BEARISH,0,-1,1,BLOCKED,WEEKLY_SIGNAL_NOT_BUY; WEEKLY_RETURN_BELOW_COST_ERROR_BUFFER; MARKET_REGIME_BEARISH,1463.7027587890625,1352.199404087198,111.50335470186451,67,98068.08483886719,1000000.0,0.0,UNKNOWN,0.0,xgboost_direct_horizon,v1
TANLA.NS,2026-08-17,0.008982973173260689,-0.009167497046291828,-0.11592080444097519,573.5,560.3049975585938,23.444443743930258,277989891.3006546,^NSEI,23118.599609375,24127.1840234375,24535.336787109376,BEARISH,1,-1,-1,BLOCKED,WEEKLY_SIGNAL_NOT_BUY; WEEKLY_RETURN_BELOW_COST_ERROR_BUFFER; MONTHLY_FORECAST_BEARISH; MARKET_REGIME_BEARISH,573.5,526.6111125121395,46.88888748786053,159,91186.5,1000000.0,0.0,UNKNOWN,0.0,xgboost_direct_horizon,v1
TARIL.NS,2026-08-17,0.024345899000763893,0.025527173653244972,0.005202813073992729,296.29998779296875,319.7409997558594,9.197573226837957,554577398.1668564,^NSEI,23118.599609375,24127.1840234375,24535.336787109376,BEARISH,1,1,0,BLOCKED,CLOSE_NOT_ABOVE_SMA_50; MARKET_REGIME_BEARISH,296.29998779296875,277.90484133929283,18.39514645367592,337,99853.09588623047,1000000.0,0.0,UNKNOWN,0.0,xgboost_direct_horizon,v1
TATACHEM.NS,2026-08-17,-0.010393423028290272,-0.04167056828737259,0.07516010105609894,662.9000244140625,700.8900061035156,15.692754363917533,388891148.17447203,^NSEI,23118.599609375,24127.1840234375,24535.336787109376,BEARISH,-1,-1,1,BLOCKED,WEEKLY_SIGNAL_NOT_BUY; WEEKLY_RETURN_BELOW_COST_ERROR_BUFFER; CLOSE_NOT_ABOVE_SMA_50; MARKET_REGIME_BEARISH,662.9000244140625,631.5145156862275,31.38550872783503,150,99435.00366210938,1000000.0,0.0,UNKNOWN,0.0,xgboost_direct_horizon,v1
TATACOMM.NS,2026-08-14,-0.004169055260717869,-0.030002597719430923,0.007083980832248926,1718.0999755859375,1860.47525390625,52.4672199783981,454981679.5588684,^NSEI,23118.599609375,24127.1840234375,24535.336787109376,BEARISH,-1,-1,0,BLOCKED,WEEKLY_SIGNAL_NOT_BUY; WEEKLY_RETURN_BELOW_COST_ERROR_BUFFER; CLOSE_NOT_ABOVE_SMA_50; MARKET_REGIME_BEARISH,1718.0999755859375,1613.1655356291412,104.93443995679627,58,99649.79858398438,1000000.0,0.0,UNKNOWN,0.0,xgboost_direct_horizon,v1
TATACONSUM.NS,2026-08-17,-0.003573700087144971,-0.0021743495017290115,-0.047929830849170685,1072.5999755859375,1099.6380004882812,23.33316003776028,1137628321.8008485,^NSEI,23118.599609375,24127.1840234375,24535.336787109376,BEARISH,-1,0,-1,BLOCKED,WEEKLY_SIGNAL_NOT_BUY; WEEKLY_RETURN_BELOW_COST_ERROR_BUFFER; MONTHLY_FORECAST_BEARISH; CLOSE_NOT_ABOVE_SMA_50; MARKET_REGIME_BEARISH,1072.5999755859375,1025.9336555104169,46.666320075520616,93,99751.79772949219,1000000.0,0.0,UNKNOWN,0.0,xgboost_direct_horizon,v1
TATAELXSI.NS,2026-08-17,-0.011029881425201893,-0.018329717218875885,-0.08518285304307938,3760.0,3781.162001953125,91.38215445310045,657733815.0822388,^NSEI,23118.599609375,24127.1840234375,24535.336787109376,BEARISH,-1,-1,-1,BLOCKED,WEEKLY_SIGNAL_NOT_BUY; WEEKLY_RETURN_BELOW_COST_ERROR_BUFFER; MONTHLY_FORECAST_BEARISH; CLOSE_NOT_ABOVE_SMA_50; MARKET_REGIME_BEARISH,3760.0,3577.2356910937992,182.76430890620077,26,97760.0,1000000.0,0.0,UNKNOWN,0.0,xgboost_direct_horizon,v1
TATAINVEST.NS,2026-08-17,-0.004753834567964077,-0.006354202516376972,0.025383593514561653,654.5499877929688,669.5920031738282,16.637539731228134,1243784916.0495117,^NSEI,23118.599609375,24127.1840234375,24535.336787109376,BEARISH,-1,-1,1,BLOCKED,WEEKLY_SIGNAL_NOT_BUY; WEEKLY_RETURN_BELOW_COST_ERROR_BUFFER; CLOSE_NOT_ABOVE_SMA_50; MARKET_REGIME_BEARISH,654.5499877929688,621.2749083305125,33.27507946245623,152,99491.59814453125,1000000.0,0.0,UNKNOWN,0.0,xgboost_direct_horizon,v1
TATAPOWER.NS,2026-08-17,-0.003187088994309306,-0.008337276056408882,-0.04136710241436958,381.5,383.6767895507812,6.207496551712448,1955649394.9738967,^NSEI,23118.599609375,24127.1840234375,24535.336787109376,BEARISH,-1,-1,-1,BLOCKED,WEEKLY_SIGNAL_NOT_BUY; WEEKLY_RETURN_BELOW_COST_ERROR_BUFFER; MONTHLY_FORECAST_BEARISH; CLOSE_NOT_ABOVE_SMA_50; MARKET_REGIME_BEARISH,381.5,369.0850068965751,12.414993103424877,262,99953.0,1000000.0,0.0,UNKNOWN,0.0,xgboost_direct_horizon,v1
TATASTEEL.NS,2026-08-17,0.0020756865851581097,0.0032401743810623884,-0.0076696621254086494,186.0,189.7395458984375,3.9404934754297347,5512141215.581367,^NSEI,23118.599609375,24127.1840234375,24535.336787109376,BEARISH,0,0,0,BLOCKED,WEEKLY_SIGNAL_NOT_BUY; WEEKLY_RETURN_BELOW_COST_ERROR_BUFFER; MONTHLY_FORECAST_BEARISH; CLOSE_NOT_ABOVE_SMA_50; MARKET_REGIME_BEARISH,186.0,178.11901304914053,7.880986950859466,537,99882.0,1000000.0,0.0,UNKNOWN,0.0,xgboost_direct_horizon,v1
TATATECH.NS,2026-08-17,-0.0004485668323468417,-0.04052232950925827,-0.09267456084489822,841.6500244140625,755.2263659667968,30.262616961081818,864382958.973291,^NSEI,23118.599609375,24127.1840234375,24535.336787109376,BEARISH,0,-1,-1,BLOCKED,WEEKLY_SIGNAL_NOT_BUY; WEEKLY_RETURN_BELOW_COST_ERROR_BUFFER; MONTHLY_FORECAST_BEARISH; MARKET_REGIME_BEARISH,841.6500244140625,781.1247904918989,60.52523392216358,118,99314.70288085938,1000000.0,0.0,UNKNOWN,0.0,xgboost_direct_horizon,v1
TBOTEK.NS,2026-08-17,-0.003188718343153596,-0.009676318615674973,-0.021542521193623543,1700.0,1491.7559985351563,60.09926405881152,272429277.69473267,^NSEI,23118.599609375,24127.1840234375,24535.336787109376,BEARISH,-1,-1,-1,BLOCKED,WEEKLY_SIGNAL_NOT_BUY; WEEKLY_RETURN_BELOW_COST_ERROR_BUFFER; MONTHLY_FORECAST_BEARISH; MARKET_REGIME_BEARISH,1700.0,1579.801471882377,120.19852811762303,58,98600.0,1000000.0,0.0,UNKNOWN,0.0,xgboost_direct_horizon,v1
TCS.NS,2026-08-17,-0.008279046975076199,-0.006305668968707323,-0.03642433136701584,2313.199951171875,2218.055246582031,66.04905039010923,5970276884.396838,^NSEI,23118.599609375,24127.1840234375,24535.336787109376,BEARISH,-1,-1,-1,BLOCKED,WEEKLY_SIGNAL_NOT_BUY; WEEKLY_RETURN_BELOW_COST_ERROR_BUFFER; MONTHLY_FORECAST_BEARISH; MARKET_REGIME_BEARISH,2313.199951171875,2181.1018503916566,132.09810078021837,43,99467.59790039062,1000000.0,0.0,Information Technology,0.0,xgboost_direct_horizon,v1
TECHM.NS,2026-08-17,-0.007521225605159998,-0.01823226921260357,-0.03297419846057892,1610.0,1507.1050439453124,38.76018544730839,3013978307.5700927,^NSEI,23118.599609375,24127.1840234375,24535.336787109376,BEARISH,-1,-1,-1,BLOCKED,WEEKLY_SIGNAL_NOT_BUY; WEEKLY_RETURN_BELOW_COST_ERROR_BUFFER; MONTHLY_FORECAST_BEARISH; MARKET_REGIME_BEARISH,1610.0,1532.4796291053833,77.52037089461669,62,99820.0,1000000.0,0.0,UNKNOWN,0.0,xgboost_direct_horizon,v1
TECHNOE.NS,2026-08-14,-0.0023203014861792326,0.015072556212544441,-0.0027118592988699675,961.4676513671875,1029.5934362792968,32.38277948305695,167831374.02684325,^NSEI,23118.599609375,24127.1840234375,24535.336787109376,BEARISH,0,1,0,BLOCKED,CLOSE_NOT_ABOVE_SMA_50; MARKET_REGIME_BEARISH,961.4676513671875,896.7020924010736,64.76555896611387,104,99992.6357421875,1000000.0,0.0,UNKNOWN,0.0,xgboost_direct_horizon,v1
TEJASNET.NS,2026-08-17,0.000409782980568707,-0.006206820253282785,0.02310343272984028,522.8499755859375,556.7139965820312,19.35160840703305,3170573441.560852,^NSEI,23118.599609375,24127.1840234375,24535.336787109376,BEARISH,0,-1,1,BLOCKED,WEEKLY_SIGNAL_NOT_BUY; WEEKLY_RETURN_BELOW_COST_ERROR_BUFFER; CLOSE_NOT_ABOVE_SMA_50; MARKET_REGIME_BEARISH,522.8499755859375,484.1467587718714,38.70321681406608,191,99864.34533691406,1000000.0,0.0,UNKNOWN,0.0,xgboost_direct_horizon,v1
THERMAX.NS,2026-08-17,-0.011727957986295223,-0.03507956117391586,-0.11827833950519562,4141.39990234375,4545.341489257812,170.67087130349705,436131263.0164307,^NSEI,23118.599609375,24127.1840234375,24535.336787109376,BEARISH,-1,-1,-1,BLOCKED,WEEKLY_SIGNAL_NOT_BUY; WEEKLY_RETURN_BELOW_COST_ERROR_BUFFER; MONTHLY_FORECAST_BEARISH; CLOSE_NOT_ABOVE_SMA_50; MARKET_REGIME_BEARISH,4141.39990234375,3800.058159736756,341.3417426069941,21,86969.39794921875,1000000.0,0.0,UNKNOWN,0.0,xgboost_direct_horizon,v1
TIINDIA.NS,2026-08-14,0.003744731657207012,0.03945805877447128,-0.03540193289518356,2733.5,2959.029521484375,87.04533049677171,1232403844.5408692,^NSEI,23118.599609375,24127.1840234375,24535.336787109376,BEARISH,1,1,-1,BLOCKED,MONTHLY_FORECAST_BEARISH; CLOSE_NOT_ABOVE_SMA_50; MARKET_REGIME_BEARISH,2733.5,2559.409339006457,174.09066099354322,36,98406.0,1000000.0,0.0,UNKNOWN,0.0,xgboost_direct_horizon,v1
TIMKEN.NS,2026-08-17,0.00043668225407600403,-0.03884539753198624,-0.035060908645391464,3290.5,3341.47158203125,84.73343746214029,115321329.92338867,^NSEI,23118.599609375,24127.1840234375,24535.336787109376,BEARISH,0,-1,-1,BLOCKED,WEEKLY_SIGNAL_NOT_BUY; WEEKLY_RETURN_BELOW_COST_ERROR_BUFFER; MONTHLY_FORECAST_BEARISH; CLOSE_NOT_ABOVE_SMA_50; MARKET_REGIME_BEARISH,3290.5,3121.0331250757195,169.46687492428055,30,98715.0,1000000.0,0.0,UNKNOWN,0.0,xgboost_direct_horizon,v1
TITAGARH.NS,2026-08-17,0.011157114990055561,0.018577303737401962,-0.008548939600586891,820.9500122070312,858.4039990234374,23.723790237188375,543578081.6285369,^NSEI,23118.599609375,24127.1840234375,24535.336787109376,BEARISH,1,1,0,BLOCKED,MONTHLY_FORECAST_BEARISH; CLOSE_NOT_ABOVE_SMA_50; MARKET_REGIME_BEARISH,820.9500122070312,773.5024317326545,47.447580474376764,121,99334.95147705078,1000000.0,0.0,UNKNOWN,0.0,xgboost_direct_horizon,v1
TITAN.NS,2026-08-17,-0.0020414558239281178,0.0014460769016295671,-0.020171431824564934,5068.5,4603.374682617187,93.01367254019739,2482789237.5545654,^NSEI,23118.599609375,24127.1840234375,24535.336787109376,BEARISH,0,0,-1,BLOCKED,WEEKLY_SIGNAL_NOT_BUY; WEEKLY_RETURN_BELOW_COST_ERROR_BUFFER; MONTHLY_FORECAST_BEARISH; MARKET_REGIME_BEARISH,5068.5,4882.472654919605,186.0273450803952,19,96301.5,1000000.0,0.0,UNKNOWN,0.0,xgboost_direct_horizon,v1
TORNTPHARM.NS,2026-08-17,0.003511480987071991,0.001899041119031608,0.016074256971478462,4900.0,4789.426015625,118.74824727213897,1428003279.225,^NSEI,23118.599609375,24127.1840234375,24535.336787109376,BEARISH,1,0,1,BLOCKED,WEEKLY_SIGNAL_NOT_BUY; WEEKLY_RETURN_BELOW_COST_ERROR_BUFFER; MARKET_REGIME_BEARISH,4900.0,4662.503505455722,237.496494544278,20,98000.0,1000000.0,0.0,UNKNOWN,0.0,xgboost_direct_horizon,v1
TORNTPOWER.NS,2026-08-14,-0.000771211925894022,-0.03190263733267784,-0.008181132376194,1309.0999755859375,1402.149052734375,31.811606155510376,590434556.8113953,^NSEI,23118.599609375,24127.1840234375,24535.336787109376,BEARISH,0,-1,0,BLOCKED,WEEKLY_SIGNAL_NOT_BUY; WEEKLY_RETURN_BELOW_COST_ERROR_BUFFER; MONTHLY_FORECAST_BEARISH; CLOSE_NOT_ABOVE_SMA_50; MARKET_REGIME_BEARISH,1309.0999755859375,1245.4767632749167,63.62321231102078,76,99491.59814453125,1000000.0,0.0,UNKNOWN,0.0,xgboost_direct_horizon,v1
TRENT.NS,2026-08-17,-0.0009566287626512349,-0.008537087589502335,-0.0577516034245491,2946.0,3015.4209326171876,71.51758516251287,1746824667.6881592,^NSEI,23118.599609375,24127.1840234375,24535.336787109376,BEARISH,0,-1,-1,BLOCKED,WEEKLY_SIGNAL_NOT_BUY; WEEKLY_RETURN_BELOW_COST_ERROR_BUFFER; MONTHLY_FORECAST_BEARISH; CLOSE_NOT_ABOVE_SMA_50; MARKET_REGIME_BEARISH,2946.0,2802.964829674974,143.03517032502577,33,97218.0,1000000.0,0.0,UNKNOWN,0.0,xgboost_direct_horizon,v1
TRIDENT.NS,2026-08-14,-0.0011374085443094373,-0.001983261201530695,-0.03940326347947121,24.34000015258789,25.262200012207032,0.48456345482162605,57703635.80842934,^NSEI,23118.599609375,24127.1840234375,24535.336787109376,BEARISH,0,0,-1,BLOCKED,WEEKLY_SIGNAL_NOT_BUY; WEEKLY_RETURN_BELOW_COST_ERROR_BUFFER; MONTHLY_FORECAST_BEARISH; CLOSE_NOT_ABOVE_SMA_50; MARKET_REGIME_BEARISH,24.34000015258789,23.37087324294464,0.9691269096432507,4108,99988.72062683105,1000000.0,0.0,UNKNOWN,0.0,xgboost_direct_horizon,v1
TRITURBINE.NS,2026-08-14,0.004955426789820194,-0.02480773814022541,-0.04107832536101341,590.3519897460938,637.5581921386719,22.065393540060715,351831005.1034363,^NSEI,23118.599609375,24127.1840234375,24535.336787109376,BEARISH,1,-1,-1,BLOCKED,WEEKLY_SIGNAL_NOT_BUY; WEEKLY_RETURN_BELOW_COST_ERROR_BUFFER; MONTHLY_FORECAST_BEARISH; CLOSE_NOT_ABOVE_SMA_50; MARKET_REGIME_BEARISH,590.3519897460938,546.2212026659723,44.13078708012142,169,99769.48626708984,1000000.0,0.0,UNKNOWN,0.0,xgboost_direct_horizon,v1
TRIVENI.NS,2026-08-14,0.02914433181285858,0.11642463505268097,-0.041944097727537155,265.24664306640625,360.8475283813477,17.419782644574973,373431126.7620522,^NSEI,23118.599609375,24127.1840234375,24535.336787109376,BEARISH,1,1,-1,BLOCKED,MONTHLY_FORECAST_BEARISH; CLOSE_NOT_ABOVE_SMA_50; MARKET_REGIME_BEARISH,265.24664306640625,230.4070777772563,34.83956528914996,215,57028.028259277344,1000000.0,0.0,UNKNOWN,0.0,xgboost_direct_horizon,v1
TTML.NS,2026-08-17,-0.006392870098352432,-0.032353725284338,-0.033375173807144165,38.150001525878906,41.34380004882812,1.1272242244627635,151445286.61423874,^NSEI,23118.599609375,24127.1840234375,24535.336787109376,BEARISH,-1,-1,-1,BLOCKED,WEEKLY_SIGNAL_NOT_BUY; WEEKLY_RETURN_BELOW_COST_ERROR_BUFFER; MONTHLY_FORECAST_BEARISH; CLOSE_NOT_ABOVE_SMA_50; MARKET_REGIME_BEARISH,38.150001525878906,35.89555307695338,2.2544484489255296,2621,99991.15399932861,1000000.0,0.0,UNKNOWN,0.0,xgboost_direct_horizon,v1
TVSMOTOR.NS,2026-08-17,-0.004064721520990133,-0.010060635395348072,-0.06666861474514008,4385.89990234375,3799.1380029296874,89.31544305215472,3661759556.7136717,^NSEI,23118.599609375,24127.1840234375,24535.336787109376,BEARISH,-1,-1,-1,BLOCKED,WEEKLY_SIGNAL_NOT_BUY; WEEKLY_RETURN_BELOW_COST_ERROR_BUFFER; MONTHLY_FORECAST_BEARISH; MARKET_REGIME_BEARISH,4385.89990234375,4207.26901623944,178.63088610430987,22,96489.7978515625,1000000.0,0.0,UNKNOWN,0.0,xgboost_direct_horizon,v1
TVSSCS.NS,2026-08-14,-0.012671688571572304,-0.013961759395897388,0.02720239944756031,123.38999938964844,134.06519927978516,4.828712629176677,431039484.52593344,^NSEI,23118.599609375,24127.1840234375,24535.336787109376,BEARISH,-1,-1,1,BLOCKED,WEEKLY_SIGNAL_NOT_BUY; WEEKLY_RETURN_BELOW_COST_ERROR_BUFFER; CLOSE_NOT_ABOVE_SMA_50; MARKET_REGIME_BEARISH,123.38999938964844,113.73257413129508,9.657425258353356,776,95750.63952636719,1000000.0,0.0,UNKNOWN,0.0,xgboost_direct_horizon,v1
UBL.NS,2026-08-14,0.0005458551459014416,-0.007013713009655476,-0.07844558358192444,1376.5999755859375,1358.8312622070312,30.7506271193757,169466818.33786622,^NSEI,23118.599609375,24127.1840234375,24535.336787109376,BEARISH,0,-1,-1,BLOCKED,WEEKLY_SIGNAL_NOT_BUY; WEEKLY_RETURN_BELOW_COST_ERROR_BUFFER; MONTHLY_FORECAST_BEARISH; MARKET_REGIME_BEARISH,1376.5999755859375,1315.098721347186,61.50125423875147,72,99115.1982421875,1000000.0,0.0,UNKNOWN,0.0,xgboost_direct_horizon,v1
UCOBANK.NS,2026-08-14,0.0074231987819075584,-0.0014474865747615695,-0.07610113173723221,26.0,26.482999992370605,0.47797130690076917,96975088.6976449,^NSEI,23118.599609375,24127.1840234375,24535.336787109376,BEARISH,1,0,-1,BLOCKED,WEEKLY_SIGNAL_NOT_BUY; WEEKLY_RETURN_BELOW_COST_ERROR_BUFFER; MONTHLY_FORECAST_BEARISH; CLOSE_NOT_ABOVE_SMA_50; MARKET_REGIME_BEARISH,26.0,25.04405738619846,0.9559426138015397,3846,99996.0,1000000.0,0.0,UNKNOWN,0.0,xgboost_direct_horizon,v1
ULTRACEMCO.NS,2026-08-17,-0.0045984419994056225,-0.007940840907394886,-0.06125500425696373,11681.0,11466.50125,209.95099228097055,2889968067.35,^NSEI,23118.599609375,24127.1840234375,24535.336787109376,BEARISH,-1,-1,-1,BLOCKED,WEEKLY_SIGNAL_NOT_BUY; WEEKLY_RETURN_BELOW_COST_ERROR_BUFFER; MONTHLY_FORECAST_BEARISH; MARKET_REGIME_BEARISH,11681.0,11261.09801543806,419.9019845619405,8,93448.0,1000000.0,0.0,UNKNOWN,0.0,xgboost_direct_horizon,v1
UNIONBANK.NS,2026-08-17,-0.004626572132110596,-0.025198038667440414,-0.041761063039302826,188.89999389648438,171.00015502929688,4.737756386374391,1518519640.9783967,^NSEI,23118.599609375,24127.1840234375,24535.336787109376,BEARISH,-1,-1,-1,BLOCKED,WEEKLY_SIGNAL_NOT_BUY; WEEKLY_RETURN_BELOW_COST_ERROR_BUFFER; MONTHLY_FORECAST_BEARISH; MARKET_REGIME_BEARISH,188.89999389648438,179.4244811237356,9.475512772748772,529,99928.09677124023,1000000.0,0.0,UNKNOWN,0.0,xgboost_direct_horizon,v1
UNITDSPR.NS,2026-08-17,-0.009717774577438831,-0.0043462966568768024,-0.09506595134735107,1545.0,1407.363603515625,28.96195533518513,857999093.275061,^NSEI,23118.599609375,24127.1840234375,24535.336787109376,BEARISH,-1,0,-1,BLOCKED,WEEKLY_SIGNAL_NOT_BUY; WEEKLY_RETURN_BELOW_COST_ERROR_BUFFER; MONTHLY_FORECAST_BEARISH; MARKET_REGIME_BEARISH,1545.0,1487.0760893296297,57.92391067037033,64,98880.0,1000000.0,0.0,UNKNOWN,0.0,xgboost_direct_horizon,v1
UNOMINDA.NS,2026-08-17,0.0018838902469724417,-0.016635654494166374,-0.05920356139540672,1269.9000244140625,1154.9460034179688,31.23401001192756,818485949.6967041,^NSEI,23118.599609375,24127.1840234375,24535.336787109376,BEARISH,0,-1,-1,BLOCKED,WEEKLY_SIGNAL_NOT_BUY; WEEKLY_RETURN_BELOW_COST_ERROR_BUFFER; MONTHLY_FORECAST_BEARISH; MARKET_REGIME_BEARISH,1269.9000244140625,1207.4320043902073,62.46802002385516,78,99052.20190429688,1000000.0,0.0,UNKNOWN,0.0,xgboost_direct_horizon,v1
UPL.NS,2026-08-17,-0.008545481599867344,0.004109504632651806,-0.009707322344183922,567.0999755859375,592.387861328125,12.538472238806817,1192198249.9887116,^NSEI,23118.599609375,24127.1840234375,24535.336787109376,BEARISH,-1,0,0,BLOCKED,WEEKLY_SIGNAL_NOT_BUY; WEEKLY_RETURN_BELOW_COST_ERROR_BUFFER; MONTHLY_FORECAST_BEARISH; CLOSE_NOT_ABOVE_SMA_50; MARKET_REGIME_BEARISH,567.0999755859375,542.0230311083238,25.076944477613665,176,99809.595703125,1000000.0,0.0,UNKNOWN,0.0,xgboost_direct_horizon,v1
USHAMART.NS,2026-08-14,0.007694388274103403,0.002903982065618038,0.00206611561588943,487.95001220703125,493.74067321777346,13.569936211601577,409833812.27674407,^NSEI,23118.599609375,24127.1840234375,24535.336787109376,BEARISH,1,0,0,BLOCKED,WEEKLY_SIGNAL_NOT_BUY; WEEKLY_RETURN_BELOW_COST_ERROR_BUFFER; CLOSE_NOT_ABOVE_SMA_50; MARKET_REGIME_BEARISH,487.95001220703125,460.8101397838281,27.139872423203144,204,99541.80249023438,1000000.0,0.0,UNKNOWN,0.0,xgboost_direct_horizon,v1
UTIAMC.NS,2026-08-17,-0.003585073398426175,0.002979896729812026,0.0010224980069324374,907.2999877929688,915.4456591796875,17.3656833140802,105484536.50904235,^NSEI,23118.599609375,24127.1840234375,24535.336787109376,BEARISH,-1,0,0,BLOCKED,WEEKLY_SIGNAL_NOT_BUY; WEEKLY_RETURN_BELOW_COST_ERROR_BUFFER; CLOSE_NOT_ABOVE_SMA_50; MARKET_REGIME_BEARISH,907.2999877929688,872.5686211648083,34.73136662816046,110,99802.99865722656,1000000.0,0.0,UNKNOWN,0.0,xgboost_direct_horizon,v1
VBL.NS,2026-08-17,0.005617911461740732,0.0069578709080815315,-0.03661109134554863,433.8500061035156,479.69614990234373,10.568659231281108,3024089870.3757324,^NSEI,23118.599609375,24127.1840234375,24535.336787109376,BEARISH,1,1,-1,BLOCKED,WEEKLY_RETURN_BELOW_COST_ERROR_BUFFER; MONTHLY_FORECAST_BEARISH; CLOSE_NOT_ABOVE_SMA_50; MARKET_REGIME_BEARISH,433.8500061035156,412.7126876409534,21.137318462562234,230,99785.5014038086,1000000.0,0.0,UNKNOWN,0.0,xgboost_direct_horizon,v1
VEDL.NS,2026-08-17,-0.01247615460306406,0.011563597247004509,-0.014545544050633907,269.70001220703125,277.61299896240234,7.354392302322024,3066045148.740608,^NSEI,23118.599609375,24127.1840234375,24535.336787109376,BEARISH,-1,1,-1,BLOCKED,MONTHLY_FORECAST_BEARISH; CLOSE_NOT_ABOVE_SMA_50; MARKET_REGIME_BEARISH,269.70001220703125,254.9912276023872,14.708784604644052,370,99789.00451660156,1000000.0,0.0,UNKNOWN,0.0,xgboost_direct_horizon,v1
VGUARD.NS,2026-08-14,0.033735767006874084,0.02466108836233616,0.007654992863535881,326.75,305.95281372070315,11.32009485238289,216628387.29333496,^NSEI,23118.599609375,24127.1840234375,24535.336787109376,BEARISH,1,1,0,BLOCKED,MARKET_REGIME_BEARISH,326.75,304.10981029523424,22.64018970476576,306,99985.5,1000000.0,0.0,UNKNOWN,0.0,xgboost_direct_horizon,v1
VIJAYA.NS,2026-08-17,-0.007031778804957867,-0.010301422327756882,-0.02159261517226696,1506.5999755859375,1357.7819970703124,57.666425669412746,199403713.660199,^NSEI,23118.599609375,24127.1840234375,24535.336787109376,BEARISH,-1,-1,-1,BLOCKED,WEEKLY_SIGNAL_NOT_BUY; WEEKLY_RETURN_BELOW_COST_ERROR_BUFFER; MONTHLY_FORECAST_BEARISH; MARKET_REGIME_BEARISH,1506.5999755859375,1391.267124247112,115.33285133882555,65,97928.99841308594,1000000.0,0.0,UNKNOWN,0.0,xgboost_direct_horizon,v1
VOLTAS.NS,2026-08-17,-0.003782276762649417,-0.00918637216091156,-0.06692574173212051,1267.0,1311.0915112304688,38.15071154601267,940878100.6462768,^NSEI,23118.599609375,24127.1840234375,24535.336787109376,BEARISH,-1,-1,-1,BLOCKED,WEEKLY_SIGNAL_NOT_BUY; WEEKLY_RETURN_BELOW_COST_ERROR_BUFFER; MONTHLY_FORECAST_BEARISH; CLOSE_NOT_ABOVE_SMA_50; MARKET_REGIME_BEARISH,1267.0,1190.6985769079747,76.30142309202529,78,98826.0,1000000.0,0.0,UNKNOWN,0.0,xgboost_direct_horizon,v1
VTL.NS,2026-08-14,0.016154378652572632,0.01829240471124649,-0.04838276281952858,585.6336059570312,620.6853747558594,17.396740603150448,931598782.0771118,^NSEI,23118.599609375,24127.1840234375,24535.336787109376,BEARISH,1,1,-1,BLOCKED,MONTHLY_FORECAST_BEARISH; CLOSE_NOT_ABOVE_SMA_50; MARKET_REGIME_BEARISH,585.6336059570312,550.8401247507304,34.79348120630084,170,99557.71301269531,1000000.0,0.0,UNKNOWN,0.0,xgboost_direct_horizon,v1
WELCORP.NS,2026-08-17,0.0059943352825939655,0.21208758652210236,0.3158603012561798,1882.0,1590.7614477539062,49.15822336325121,8116873157.670099,^NSEI,23118.599609375,24127.1840234375,24535.336787109376,BEARISH,1,1,1,BLOCKED,MARKET_REGIME_BEARISH,1882.0,1783.6835532734976,98.31644672650236,53,99746.0,1000000.0,0.0,UNKNOWN,0.0,xgboost_direct_horizon,v1
WELSPUNLIV.NS,2026-08-17,0.028100259602069855,0.10135066509246826,0.17441478371620178,168.14999389648438,160.85347259521484,6.834919299593214,1492541392.0965087,^NSEI,23118.599609375,24127.1840234375,24535.336787109376,BEARISH,1,1,1,BLOCKED,MARKET_REGIME_BEARISH,168.14999389648438,154.48015529729796,13.66983859918642,548,92146.19665527344,1000000.0,0.0,UNKNOWN,0.0,xgboost_direct_horizon,v1
WESTLIFE.NS,2026-08-14,-0.001692538266070187,0.004357549827545881,-0.04357939958572388,582.9000244140625,497.78757141113283,25.10935302316235,265892422.8974701,^NSEI,23118.599609375,24127.1840234375,24535.336787109376,BEARISH,0,0,-1,BLOCKED,WEEKLY_SIGNAL_NOT_BUY; WEEKLY_RETURN_BELOW_COST_ERROR_BUFFER; MONTHLY_FORECAST_BEARISH; MARKET_REGIME_BEARISH,582.9000244140625,532.6813183677378,50.218706046324655,149,86852.10363769531,1000000.0,0.0,UNKNOWN,0.0,xgboost_direct_horizon,v1
WHIRLPOOL.NS,2026-08-14,-0.003687635064125061,-0.020650340244174004,-0.006412538234144449,774.27001953125,788.2474365234375,22.569307228552756,413602516.1396942,^NSEI,23118.599609375,24127.1840234375,24535.336787109376,BEARISH,-1,-1,0,BLOCKED,WEEKLY_SIGNAL_NOT_BUY; WEEKLY_RETURN_BELOW_COST_ERROR_BUFFER; MONTHLY_FORECAST_BEARISH; CLOSE_NOT_ABOVE_SMA_50; MARKET_REGIME_BEARISH,774.27001953125,729.1314050741445,45.13861445710552,129,99880.83251953125,1000000.0,0.0,UNKNOWN,0.0,xgboost_direct_horizon,v1
WIPRO.NS,2026-08-17,-0.008150504902005196,0.001325051998719573,-0.07083217054605484,181.89999389648438,177.79035339355468,3.5361962304475676,1567954035.2316444,^NSEI,23118.599609375,24127.1840234375,24535.336787109376,BEARISH,-1,0,-1,BLOCKED,WEEKLY_SIGNAL_NOT_BUY; WEEKLY_RETURN_BELOW_COST_ERROR_BUFFER; MONTHLY_FORECAST_BEARISH; MARKET_REGIME_BEARISH,181.89999389648438,174.82760143558923,7.072392460895145,549,99863.09664916992,1000000.0,0.0,UNKNOWN,0.0,xgboost_direct_horizon,v1
WOCKPHARMA.NS,2026-08-17,-0.013191119767725468,-0.007697658147662878,0.10889323800802231,1898.800048828125,1922.2119921875,70.61257244878112,2259042110.49151,^NSEI,23118.599609375,24127.1840234375,24535.336787109376,BEARISH,-1,-1,1,BLOCKED,WEEKLY_SIGNAL_NOT_BUY; WEEKLY_RETURN_BELOW_COST_ERROR_BUFFER; CLOSE_NOT_ABOVE_SMA_50; MARKET_REGIME_BEARISH,1898.800048828125,1757.5749039305629,141.22514489756213,52,98737.6025390625,1000000.0,0.0,UNKNOWN,0.0,xgboost_direct_horizon,v1
YESBANK.NS,2026-08-17,-0.007698104251176119,-0.00813997071236372,-0.011308010667562485,22.920000076293945,23.59320011138916,0.37912093059535207,1384458446.3368967,^NSEI,23118.599609375,24127.1840234375,24535.336787109376,BEARISH,-1,-1,0,BLOCKED,WEEKLY_SIGNAL_NOT_BUY; WEEKLY_RETURN_BELOW_COST_ERROR_BUFFER; MONTHLY_FORECAST_BEARISH; CLOSE_NOT_ABOVE_SMA_50; MARKET_REGIME_BEARISH,22.920000076293945,22.16175821510324,0.7582418611907045,4363,99999.96033287048,1000000.0,0.0,UNKNOWN,0.0,xgboost_direct_horizon,v1
ZEEL.NS,2026-08-17,0.010110500268638134,-0.007603106088936329,-0.19571150839328766,102.42291259765625,102.68778259277343,5.407472874138604,2531562957.8766227,^NSEI,23118.599609375,24127.1840234375,24535.336787109376,BEARISH,1,-1,-1,BLOCKED,WEEKLY_SIGNAL_NOT_BUY; WEEKLY_RETURN_BELOW_COST_ERROR_BUFFER; MONTHLY_FORECAST_BEARISH; CLOSE_NOT_ABOVE_SMA_50; MARKET_REGIME_BEARISH,102.42291259765625,91.60796684937904,10.81494574827721,693,70979.07843017578,1000000.0,0.0,UNKNOWN,0.0,xgboost_direct_horizon,v1
ZENSARTECH.NS,2026-08-17,-0.007427452597767115,-0.015393678098917007,-0.10359792411327362,490.75,478.4341070556641,17.454527638990317,1248862268.527861,^NSEI,23118.599609375,24127.1840234375,24535.336787109376,BEARISH,-1,-1,-1,BLOCKED,WEEKLY_SIGNAL_NOT_BUY; WEEKLY_RETURN_BELOW_COST_ERROR_BUFFER; MONTHLY_FORECAST_BEARISH; MARKET_REGIME_BEARISH,490.75,455.84094472201934,34.909055277980656,203,99622.25,1000000.0,0.0,UNKNOWN,0.0,xgboost_direct_horizon,v1
ZENTEC.NS,2026-08-14,-0.001274677342735231,0.019014541059732437,-0.09769855439662933,1856.2271728515625,1784.8166040039061,60.12753410242573,959552902.0723267,^NSEI,23118.599609375,24127.1840234375,24535.336787109376,BEARISH,0,1,-1,BLOCKED,MONTHLY_FORECAST_BEARISH; MARKET_REGIME_BEARISH,1856.2271728515625,1735.9721046467112,120.25506820485134,53,98380.04016113281,1000000.0,0.0,UNKNOWN,0.0,xgboost_direct_horizon,v1
ZFCVINDIA.NS,2026-08-14,-0.005584825295954943,-0.004913288168609142,-0.062047965824604034,2636.699951171875,2471.0138720703126,73.32458965424692,257806126.010791,^NSEI,23118.599609375,24127.1840234375,24535.336787109376,BEARISH,-1,0,-1,BLOCKED,WEEKLY_SIGNAL_NOT_BUY; WEEKLY_RETURN_BELOW_COST_ERROR_BUFFER; MONTHLY_FORECAST_BEARISH; MARKET_REGIME_BEARISH,2636.699951171875,2490.050771863381,146.64917930849379,37,97557.89819335938,1000000.0,0.0,UNKNOWN,0.0,xgboost_direct_horizon,v1
ZYDUSLIFE.NS,2026-08-17,-0.007056571543216705,-0.021702878177165985,-0.021127192303538322,1131.5,1121.447734375,30.49925616045681,1439460348.730664,^NSEI,23118.599609375,24127.1840234375,24535.336787109376,BEARISH,-1,-1,-1,BLOCKED,WEEKLY_SIGNAL_NOT_BUY; WEEKLY_RETURN_BELOW_COST_ERROR_BUFFER; MONTHLY_FORECAST_BEARISH; MARKET_REGIME_BEARISH,1131.5,1070.5014876790865,60.998512320913505,88,99572.0,1000000.0,0.0,UNKNOWN,0.0,xgboost_direct_horizon,v1
