symbol,prediction_date,horizon,trading_days,latest_close_inr,predicted_return_pct,predicted_price_inr,signal_code,signal,training_rows,feature_count
360ONE.NS,2026-08-14,daily_1d,1,1180.0,0.23387172259390354,1182.759686326608,0,HOLD,1019,47
360ONE.NS,2026-08-14,weekly_5d,5,1180.0,-0.4628893453627825,1174.5379057247192,0,HOLD,1019,47
360ONE.NS,2026-08-14,monthly_20d,20,1180.0,-8.728686720132828,1077.0014967024326,-1,SELL / EXIT,1019,47
3MINDIA.NS,2026-08-14,daily_1d,1,35340.0,-0.9131916798651218,35017.278060335666,-1,SELL / EXIT,1018,47
3MINDIA.NS,2026-08-14,weekly_5d,5,35340.0,-4.047123342752457,33909.74661067128,-1,SELL / EXIT,1018,47
3MINDIA.NS,2026-08-14,monthly_20d,20,35340.0,-9.789848327636719,31880.267601013184,-1,SELL / EXIT,1018,47
AADHARHFC.NS,2026-08-17,daily_1d,1,487.6499938964844,0.3368829842656851,489.29280374869427,1,BUY,364,47
AADHARHFC.NS,2026-08-17,weekly_5d,5,487.6499938964844,-2.808297984302044,473.95532894744036,-1,SELL / EXIT,364,47
AADHARHFC.NS,2026-08-17,monthly_20d,20,487.6499938964844,-6.916674971580505,453.9208288197324,-1,SELL / EXIT,364,47
AARTIIND.NS,2026-08-14,daily_1d,1,533.0403442382812,-0.719945877790451,529.2027422529777,-1,SELL / EXIT,1020,47
AARTIIND.NS,2026-08-14,weekly_5d,5,533.0403442382812,-0.3567537758499384,531.1387026834077,0,HOLD,1020,47
AARTIIND.NS,2026-08-14,monthly_20d,20,533.0403442382812,-6.926946341991425,496.11692561172913,-1,SELL / EXIT,1020,47
AAVAS.NS,2026-08-14,daily_1d,1,1397.4000244140625,-0.8587195537984371,1385.4002771596347,-1,SELL / EXIT,1020,47
AAVAS.NS,2026-08-14,weekly_5d,5,1397.4000244140625,-2.6359938085079193,1360.5646462904197,-1,SELL / EXIT,1020,47
AAVAS.NS,2026-08-14,monthly_20d,20,1397.4000244140625,-8.719883114099503,1275.5483756487583,-1,SELL / EXIT,1020,47
ABB.NS,2026-08-14,daily_1d,1,7649.0,-0.2075589494779706,7633.12381595443,0,HOLD,1020,47
ABB.NS,2026-08-14,weekly_5d,5,7649.0,-2.7170227840542793,7441.174927247688,-1,SELL / EXIT,1020,47
ABB.NS,2026-08-14,monthly_20d,20,7649.0,-5.311408638954163,7242.730353206396,-1,SELL / EXIT,1020,47
ABBOTINDIA.NS,2026-08-14,daily_1d,1,27060.0,-0.5928610917180777,26899.57178858109,-1,SELL / EXIT,1020,47
ABBOTINDIA.NS,2026-08-14,weekly_5d,5,27060.0,-3.0346261337399483,26238.83016820997,-1,SELL / EXIT,1020,47
ABBOTINDIA.NS,2026-08-14,monthly_20d,20,27060.0,-3.025461547076702,26241.310105361044,-1,SELL / EXIT,1020,47
ABCAPITAL.NS,2026-08-14,daily_1d,1,401.0,0.061512639513239264,401.2466656844481,0,HOLD,1020,47
ABCAPITAL.NS,2026-08-14,weekly_5d,5,401.0,2.211259678006172,409.86715130880475,1,BUY,1020,47
ABCAPITAL.NS,2026-08-14,monthly_20d,20,401.0,-2.774997614324093,389.8722595665604,-1,SELL / EXIT,1020,47
ABFRL.NS,2026-08-17,daily_1d,1,55.290000915527344,-0.3344187280163169,55.10510079774543,-1,SELL / EXIT,1021,47
ABFRL.NS,2026-08-17,weekly_5d,5,55.290000915527344,-1.944809965789318,54.21471546763716,-1,SELL / EXIT,1021,47
ABFRL.NS,2026-08-17,monthly_20d,20,55.290000915527344,-7.965660840272903,50.88578696401265,-1,SELL / EXIT,1021,47
ABREL.NS,2026-08-17,daily_1d,1,1402.0999755859375,-0.4253447987139225,1396.1362162670134,-1,SELL / EXIT,1021,47
ABREL.NS,2026-08-17,weekly_5d,5,1402.0999755859375,1.6049517318606377,1424.6030034265216,1,BUY,1021,47
ABREL.NS,2026-08-17,monthly_20d,20,1402.0999755859375,-6.530657410621643,1310.5336296260102,-1,SELL / EXIT,1021,47
ABSLAMC.NS,2026-08-14,daily_1d,1,1011.2000122070312,0.4514066968113184,1015.7646367802906,1,BUY,1002,47
ABSLAMC.NS,2026-08-14,weekly_5d,5,1011.2000122070312,-0.34343008883297443,1007.7272471068296,0,HOLD,1002,47
ABSLAMC.NS,2026-08-14,monthly_20d,20,1011.2000122070312,4.499899968504906,1056.703001237857,1,BUY,1002,47
ACC.NS,2026-08-14,daily_1d,1,1321.4000244140625,-0.0197218032553792,1321.139420501031,0,HOLD,1020,47
ACC.NS,2026-08-14,weekly_5d,5,1321.4000244140625,-0.15086301136761904,1319.406520545019,0,HOLD,1020,47
ACC.NS,2026-08-14,monthly_20d,20,1321.4000244140625,-4.325703531503677,1264.240176892693,-1,SELL / EXIT,1020,47
ACE.NS,2026-08-14,daily_1d,1,1083.6097412109375,1.0670212097465992,1095.1720869805386,1,BUY,1020,47
ACE.NS,2026-08-14,weekly_5d,5,1083.6097412109375,4.884577542543411,1136.5394992789397,1,BUY,1020,47
ACE.NS,2026-08-14,monthly_20d,20,1083.6097412109375,4.427831247448921,1131.5901519326758,1,BUY,1020,47
ADANIENSOL.NS,2026-08-17,daily_1d,1,1589.0999755859375,-0.30212756246328354,1584.298866564595,-1,SELL / EXIT,1021,47
ADANIENSOL.NS,2026-08-17,weekly_5d,5,1589.0999755859375,-1.6228403896093369,1563.3114193508568,-1,SELL / EXIT,1021,47
ADANIENSOL.NS,2026-08-17,monthly_20d,20,1589.0999755859375,-14.638513326644897,1356.4793638860792,-1,SELL / EXIT,1021,47
ADANIENT.NS,2026-08-17,daily_1d,1,3007.300048828125,0.16539099160581827,3012.2738521994443,0,HOLD,1021,47
ADANIENT.NS,2026-08-17,weekly_5d,5,3007.300048828125,0.4215175285935402,3019.9763456713376,0,HOLD,1021,47
ADANIENT.NS,2026-08-17,monthly_20d,20,3007.300048828125,-2.800275944173336,2923.087348991678,-1,SELL / EXIT,1021,47
ADANIGREEN.NS,2026-08-17,daily_1d,1,1327.5999755859375,-1.28788435831666,1310.5020231593503,-1,SELL / EXIT,1021,47
ADANIGREEN.NS,2026-08-17,weekly_5d,5,1327.5999755859375,-0.9615194983780384,1314.8348429602165,-1,SELL / EXIT,1021,47
ADANIGREEN.NS,2026-08-17,monthly_20d,20,1327.5999755859375,-4.1767410933971405,1272.1495618497092,-1,SELL / EXIT,1021,47
ADANIPORTS.NS,2026-08-14,daily_1d,1,1700.0,-0.3887599566951394,1693.3910807361826,-1,SELL / EXIT,1020,47
ADANIPORTS.NS,2026-08-14,weekly_5d,5,1700.0,-0.42433696798980236,1692.7862715441734,0,HOLD,1020,47
ADANIPORTS.NS,2026-08-14,monthly_20d,20,1700.0,-0.30519890133291483,1694.8116186773404,0,HOLD,1020,47
ADANIPOWER.NS,2026-08-17,daily_1d,1,203.55999755859375,0.20387389231473207,203.97500324881224,0,HOLD,1021,47
ADANIPOWER.NS,2026-08-17,weekly_5d,5,203.55999755859375,0.14324634103104472,203.8515898068993,0,HOLD,1021,47
ADANIPOWER.NS,2026-08-17,monthly_20d,20,203.55999755859375,1.0929395444691181,205.784785268632,0,HOLD,1021,47
AEGISLOG.NS,2026-08-17,daily_1d,1,1287.199951171875,4.080609977245331,1339.7255608064916,1,BUY,1019,47
AEGISLOG.NS,2026-08-17,weekly_5d,5,1287.199951171875,6.251981854438782,1367.6754585494855,1,BUY,1019,47
AEGISLOG.NS,2026-08-17,monthly_20d,20,1287.199951171875,2.5134747847914696,1319.5533973744282,1,BUY,1019,47
AFFLE.NS,2026-08-14,daily_1d,1,1668.800048828125,1.1585690081119537,1688.1342490012048,1,BUY,1020,47
AFFLE.NS,2026-08-14,weekly_5d,5,1668.800048828125,2.9769955202937126,1718.4801515243976,1,BUY,1020,47
AFFLE.NS,2026-08-14,monthly_20d,20,1668.800048828125,-6.63149431347847,1558.133668486762,-1,SELL / EXIT,1020,47
AIAENG.NS,2026-08-14,daily_1d,1,4466.01171875,-1.024642400443554,4420.25106907091,-1,SELL / EXIT,1018,47
AIAENG.NS,2026-08-14,weekly_5d,5,4466.01171875,-2.5196073576807976,4353.485758889488,-1,SELL / EXIT,1018,47
AIAENG.NS,2026-08-14,monthly_20d,20,4466.01171875,-9.995847940444946,4019.595978341298,-1,SELL / EXIT,1018,47
AIIL.NS,2026-08-17,daily_1d,1,551.5,-0.32942190300673246,549.6832382049179,-1,SELL / EXIT,379,47
AIIL.NS,2026-08-17,weekly_5d,5,551.5,0.368712586350739,553.5334499137243,0,HOLD,379,47
AIIL.NS,2026-08-17,monthly_20d,20,551.5,-4.237606376409531,528.1296008341014,-1,SELL / EXIT,379,47
AJANTPHARM.NS,2026-08-14,daily_1d,1,3672.800048828125,0.9889650158584118,3709.122756413466,1,BUY,1019,47
AJANTPHARM.NS,2026-08-14,weekly_5d,5,3672.800048828125,-0.2862018533051014,3662.2884270201885,0,HOLD,1019,47
AJANTPHARM.NS,2026-08-14,monthly_20d,20,3672.800048828125,-2.0103197544813156,3598.965023903934,-1,SELL / EXIT,1019,47
AKUMS.NS,2026-08-17,daily_1d,1,744.0,0.09118136367760599,744.6783893457614,0,HOLD,305,47
AKUMS.NS,2026-08-17,weekly_5d,5,744.0,2.810284122824669,764.9085138738155,1,BUY,305,47
AKUMS.NS,2026-08-17,monthly_20d,20,744.0,2.8431065380573273,765.1527126431465,1,BUY,305,47
ALKEM.NS,2026-08-14,daily_1d,1,5368.0,0.3243276383727789,5385.409907627851,1,BUY,1019,47
ALKEM.NS,2026-08-14,weekly_5d,5,5368.0,0.5045031663030386,5395.081729967147,1,BUY,1019,47
ALKEM.NS,2026-08-14,monthly_20d,20,5368.0,-3.6804042756557465,5170.4358984827995,-1,SELL / EXIT,1019,47
ALKYLAMINE.NS,2026-08-14,daily_1d,1,1916.9000244140625,0.17133712535724044,1920.1843858118657,0,HOLD,1020,47
ALKYLAMINE.NS,2026-08-14,weekly_5d,5,1916.9000244140625,3.501966968178749,1984.0292300820533,1,BUY,1020,47
ALKYLAMINE.NS,2026-08-14,monthly_20d,20,1916.9000244140625,-3.0348656699061394,1858.7246836466977,-1,SELL / EXIT,1020,47
ALOKINDS.NS,2026-08-14,daily_1d,1,11.619999885559082,0.024333495821338147,11.622827437745674,0,HOLD,1020,47
ALOKINDS.NS,2026-08-14,weekly_5d,5,11.619999885559082,0.09438310516998172,11.63096720227182,0,HOLD,1020,47
ALOKINDS.NS,2026-08-14,monthly_20d,20,11.619999885559082,-34.92908179759979,7.561240620651148,-1,SELL / EXIT,1020,47
AMBER.NS,2026-08-14,daily_1d,1,7222.0,-0.009246033005183563,7221.332251496366,0,HOLD,1020,47
AMBER.NS,2026-08-14,weekly_5d,5,7222.0,0.44016544707119465,7253.788748587482,0,HOLD,1020,47
AMBER.NS,2026-08-14,monthly_20d,20,7222.0,-0.2323345048353076,7205.220802060794,0,HOLD,1020,47
AMBUJACEM.NS,2026-08-17,daily_1d,1,415.25,0.16681111883372068,415.942683170957,0,HOLD,1021,47
AMBUJACEM.NS,2026-08-17,weekly_5d,5,415.25,0.4521130584180355,417.1273994750809,0,HOLD,1021,47
AMBUJACEM.NS,2026-08-17,monthly_20d,20,415.25,-2.7039673179388046,404.0217757122591,-1,SELL / EXIT,1021,47
ANANDRATHI.NS,2026-08-14,daily_1d,1,2174.699951171875,0.22286807652562857,2179.5466631232557,0,HOLD,959,47
ANANDRATHI.NS,2026-08-14,weekly_5d,5,2174.699951171875,0.852322019636631,2193.23539771674,1,BUY,959,47
ANANDRATHI.NS,2026-08-14,monthly_20d,20,2174.699951171875,1.9639672711491585,2217.4103464585874,1,BUY,959,47
ANANTRAJ.NS,2026-08-17,daily_1d,1,627.5499877929688,-0.14404075918719172,626.6460600262726,0,HOLD,1021,47
ANANTRAJ.NS,2026-08-17,weekly_5d,5,627.5499877929688,1.5363122336566448,637.1911150277429,1,BUY,1021,47
ANANTRAJ.NS,2026-08-17,monthly_20d,20,627.5499877929688,-2.625237964093685,611.0753072697624,-1,SELL / EXIT,1021,47
ANGELONE.NS,2026-08-14,daily_1d,1,287.29998779296875,1.0162577964365482,290.21969631807605,1,BUY,1020,47
ANGELONE.NS,2026-08-14,weekly_5d,5,287.29998779296875,0.25339587591588497,288.02799411354295,0,HOLD,1020,47
ANGELONE.NS,2026-08-14,monthly_20d,20,287.29998779296875,3.586284816265106,297.6033836323195,1,BUY,1020,47
APARINDS.NS,2026-08-14,daily_1d,1,16633.251953125,0.061013479717075825,16643.40047893171,0,HOLD,1020,47
APARINDS.NS,2026-08-14,weekly_5d,5,16633.251953125,-0.3080669790506363,16582.010396315127,0,HOLD,1020,47
APARINDS.NS,2026-08-14,monthly_20d,20,16633.251953125,-1.4135779812932014,16398.127965942604,-1,SELL / EXIT,1020,47
APLAPOLLO.NS,2026-08-17,daily_1d,1,2073.313232421875,0.712206494063139,2088.0795039054537,1,BUY,1021,47
APLAPOLLO.NS,2026-08-17,weekly_5d,5,2073.313232421875,2.947820909321308,2134.4307934029325,1,BUY,1021,47
APLAPOLLO.NS,2026-08-17,monthly_20d,20,2073.313232421875,3.4772492945194244,2145.4075021694425,1,BUY,1021,47
APLLTD.NS,2026-08-14,daily_1d,1,831.25,-0.3614917164668441,828.2451001068694,-1,SELL / EXIT,1020,47
APLLTD.NS,2026-08-14,weekly_5d,5,831.25,-0.497060501947999,827.1181845775573,0,HOLD,1020,47
APLLTD.NS,2026-08-14,monthly_20d,20,831.25,-0.8589223027229309,824.1102083586156,0,HOLD,1020,47
APOLLOHOSP.NS,2026-08-14,daily_1d,1,8920.5,-0.22699828259646893,8900.250618200982,0,HOLD,1020,47
APOLLOHOSP.NS,2026-08-14,weekly_5d,5,8920.5,-0.9825423359870911,8832.852310918272,-1,SELL / EXIT,1020,47
APOLLOHOSP.NS,2026-08-14,monthly_20d,20,8920.5,0.24244440719485283,8942.127253343817,0,HOLD,1020,47
APOLLOTYRE.NS,2026-08-17,daily_1d,1,436.70001220703125,-0.159640540368855,436.0028619477531,0,HOLD,1021,47
APOLLOTYRE.NS,2026-08-17,weekly_5d,5,436.70001220703125,1.422756165266037,442.9131885544243,1,BUY,1021,47
APOLLOTYRE.NS,2026-08-17,monthly_20d,20,436.70001220703125,-4.009192064404488,419.1918699723735,-1,SELL / EXIT,1021,47
APTUS.NS,2026-08-14,daily_1d,1,250.5,0.9939603507518768,252.98987067863345,1,BUY,1020,47
APTUS.NS,2026-08-14,weekly_5d,5,250.5,2.385224960744381,256.4749885266647,1,BUY,1020,47
APTUS.NS,2026-08-14,monthly_20d,20,250.5,-1.0628080926835537,247.8376657278277,0,HOLD,1020,47
ARE&M.NS,2026-08-17,daily_1d,1,945.7000122070312,-0.6125696003437042,939.9069414218043,-1,SELL / EXIT,1021,47
ARE&M.NS,2026-08-17,weekly_5d,5,945.7000122070312,-2.868741936981678,918.5703193588073,-1,SELL / EXIT,1021,47
ARE&M.NS,2026-08-17,monthly_20d,20,945.7000122070312,-12.259333580732346,829.7634930375448,-1,SELL / EXIT,1021,47
ASAHIINDIA.NS,2026-08-14,daily_1d,1,937.2758178710938,-0.5663619376718998,931.9674443876688,-1,SELL / EXIT,1020,47
ASAHIINDIA.NS,2026-08-14,weekly_5d,5,937.2758178710938,1.868383027613163,954.7877201741197,1,BUY,1020,47
ASAHIINDIA.NS,2026-08-14,monthly_20d,20,937.2758178710938,1.8200986087322235,954.3351619921491,1,BUY,1020,47
ASHOKLEY.NS,2026-08-17,daily_1d,1,177.10000610351562,-0.2840508706867695,176.59695199419227,-1,SELL / EXIT,1021,47
ASHOKLEY.NS,2026-08-17,weekly_5d,5,177.10000610351562,-0.6191506516188383,176.0034902617087,-1,SELL / EXIT,1021,47
ASHOKLEY.NS,2026-08-17,monthly_20d,20,177.10000610351562,-8.412860333919525,162.2008299386639,-1,SELL / EXIT,1021,47
ASIANPAINT.NS,2026-08-17,daily_1d,1,2687.5,-0.9905455633997917,2660.8790879836306,-1,SELL / EXIT,1021,47
ASIANPAINT.NS,2026-08-17,weekly_5d,5,2687.5,-1.943446323275566,2635.269880061969,-1,SELL / EXIT,1021,47
ASIANPAINT.NS,2026-08-17,monthly_20d,20,2687.5,-9.177727997303009,2440.8485600724816,-1,SELL / EXIT,1021,47
ASTERDM.NS,2026-08-14,daily_1d,1,822.3499755859375,-0.16007320955395699,821.0336135862509,0,HOLD,1020,47
ASTERDM.NS,2026-08-14,weekly_5d,5,822.3499755859375,-4.294029623270035,787.0380240273234,-1,SELL / EXIT,1020,47
ASTERDM.NS,2026-08-14,monthly_20d,20,822.3499755859375,-6.500478833913803,768.8932894822783,-1,SELL / EXIT,1020,47
ASTRAL.NS,2026-08-14,daily_1d,1,1556.300048828125,-1.3058191165328026,1535.977585279918,-1,SELL / EXIT,1020,47
ASTRAL.NS,2026-08-14,weekly_5d,5,1556.300048828125,-1.8517160788178444,1527.4817905893246,-1,SELL / EXIT,1020,47
ASTRAL.NS,2026-08-14,monthly_20d,20,1556.300048828125,-9.86727550625801,1402.735635306226,-1,SELL / EXIT,1020,47
ASTRAZEN.NS,2026-08-14,daily_1d,1,7753.0,-0.470923725515604,7716.489283560775,-1,SELL / EXIT,1019,47
ASTRAZEN.NS,2026-08-14,weekly_5d,5,7753.0,-0.015294121112674475,7751.814246790134,0,HOLD,1019,47
ASTRAZEN.NS,2026-08-14,monthly_20d,20,7753.0,-8.395931124687195,7102.063459903002,-1,SELL / EXIT,1019,47
ATGL.NS,2026-08-14,daily_1d,1,654.0499877929688,-0.440352875739336,651.1698598629496,-1,SELL / EXIT,1020,47
ATGL.NS,2026-08-14,weekly_5d,5,654.0499877929688,-1.298699714243412,645.5558424704924,-1,SELL / EXIT,1020,47
ATGL.NS,2026-08-14,monthly_20d,20,654.0499877929688,-7.503178715705872,604.9754483188099,-1,SELL / EXIT,1020,47
ATUL.NS,2026-08-14,daily_1d,1,6729.0,-0.26800106279551983,6710.9662084844895,-1,SELL / EXIT,1020,47
ATUL.NS,2026-08-14,weekly_5d,5,6729.0,-0.6765568628907204,6683.474488696083,-1,SELL / EXIT,1020,47
ATUL.NS,2026-08-14,monthly_20d,20,6729.0,-6.26697838306427,6307.295024603605,-1,SELL / EXIT,1020,47
AUBANK.NS,2026-08-14,daily_1d,1,1081.9000244140625,-0.28459865134209394,1078.8209515357103,-1,SELL / EXIT,1020,47
AUBANK.NS,2026-08-14,weekly_5d,5,1081.9000244140625,1.1183511465787888,1093.9994657419334,1,BUY,1020,47
AUBANK.NS,2026-08-14,monthly_20d,20,1081.9000244140625,-2.277926728129387,1057.2551345862962,-1,SELL / EXIT,1020,47
AUROPHARMA.NS,2026-08-14,daily_1d,1,1622.0999755859375,0.30426138546317816,1627.0353994452532,1,BUY,1019,47
AUROPHARMA.NS,2026-08-14,weekly_5d,5,1622.0999755859375,-0.9459148161113262,1606.756291584732,-1,SELL / EXIT,1019,47
AUROPHARMA.NS,2026-08-14,monthly_20d,20,1622.0999755859375,2.2767767310142517,1659.031570383866,1,BUY,1019,47
AWL.NS,2026-08-14,daily_1d,1,192.16000366210938,0.5486557725816965,193.21430061479475,1,BUY,920,47
AWL.NS,2026-08-14,weekly_5d,5,192.16000366210938,-1.5541805885732174,189.1734901861913,-1,SELL / EXIT,920,47
AWL.NS,2026-08-14,monthly_20d,20,192.16000366210938,-3.8813572376966476,184.70158745201195,-1,SELL / EXIT,920,47
AXISBANK.NS,2026-08-14,daily_1d,1,1217.4000244140625,0.4713192116469145,1223.1378646117203,1,BUY,1020,47
AXISBANK.NS,2026-08-14,weekly_5d,5,1217.4000244140625,2.6245441287755966,1249.3512252785345,1,BUY,1020,47
AXISBANK.NS,2026-08-14,monthly_20d,20,1217.4000244140625,1.9805517047643661,1241.511261351397,1,BUY,1020,47
BAJAJ-AUTO.NS,2026-08-17,daily_1d,1,11663.0,-0.6792841013520956,11583.775095259305,-1,SELL / EXIT,1021,47
BAJAJ-AUTO.NS,2026-08-17,weekly_5d,5,11663.0,0.5831934977322817,11731.017857640516,1,BUY,1021,47
BAJAJ-AUTO.NS,2026-08-17,monthly_20d,20,11663.0,-1.3839837163686752,11501.585979159921,-1,SELL / EXIT,1021,47
BAJAJFINSV.NS,2026-08-17,daily_1d,1,2005.0,0.017783543444238603,2005.356560046057,0,HOLD,1021,47
BAJAJFINSV.NS,2026-08-17,weekly_5d,5,2005.0,-0.03884905599988997,2004.2210764272022,0,HOLD,1021,47
BAJAJFINSV.NS,2026-08-17,monthly_20d,20,2005.0,-4.659672826528549,1911.5735598281026,-1,SELL / EXIT,1021,47
BAJAJHLDNG.NS,2026-08-17,daily_1d,1,11379.0,-0.7676042150706053,11291.654316367116,-1,SELL / EXIT,1021,47
BAJAJHLDNG.NS,2026-08-17,weekly_5d,5,11379.0,-0.9171323850750923,11274.639505902305,-1,SELL / EXIT,1021,47
BAJAJHLDNG.NS,2026-08-17,monthly_20d,20,11379.0,-1.6968481242656708,11185.91565193981,-1,SELL / EXIT,1021,47
BAJFINANCE.NS,2026-08-17,daily_1d,1,1089.300048828125,0.3452194156125188,1093.0605240909563,1,BUY,1021,47
BAJFINANCE.NS,2026-08-17,weekly_5d,5,1089.300048828125,-0.5603283178061247,1083.196392188665,-1,SELL / EXIT,1021,47
BAJFINANCE.NS,2026-08-17,monthly_20d,20,1089.300048828125,-5.704702809453011,1027.158718339254,-1,SELL / EXIT,1021,47
BALKRISIND.NS,2026-08-14,daily_1d,1,2363.60009765625,0.7412058766931295,2381.119240481603,1,BUY,1019,47
BALKRISIND.NS,2026-08-14,weekly_5d,5,2363.60009765625,-0.6739482283592224,2347.670656672599,-1,SELL / EXIT,1019,47
BALKRISIND.NS,2026-08-14,monthly_20d,20,2363.60009765625,-9.410009533166885,2141.185103140855,-1,SELL / EXIT,1019,47
BALRAMCHIN.NS,2026-08-17,daily_1d,1,655.75,-0.6207440979778767,651.6794705775101,-1,SELL / EXIT,1021,47
BALRAMCHIN.NS,2026-08-17,weekly_5d,5,655.75,6.454917788505554,698.0781233981252,1,BUY,1021,47
BALRAMCHIN.NS,2026-08-17,monthly_20d,20,655.75,4.17548269033432,683.1307277418673,1,BUY,1021,47
BANDHANBNK.NS,2026-08-17,daily_1d,1,173.25,-0.5875607021152973,172.23205108358525,-1,SELL / EXIT,1021,47
BANDHANBNK.NS,2026-08-17,weekly_5d,5,173.25,0.397335272282362,173.9383833592292,0,HOLD,1021,47
BANDHANBNK.NS,2026-08-17,monthly_20d,20,173.25,-1.7270026728510857,170.2579678692855,-1,SELL / EXIT,1021,47
BANKBARODA.NS,2026-08-17,daily_1d,1,246.5500030517578,-0.40726978331804276,245.5458793885583,-1,SELL / EXIT,1021,47
BANKBARODA.NS,2026-08-17,weekly_5d,5,246.5500030517578,-1.8093163147568703,242.0891336225088,-1,SELL / EXIT,1021,47
BANKBARODA.NS,2026-08-17,monthly_20d,20,246.5500030517578,-4.248699173331261,236.07483511024958,-1,SELL / EXIT,1021,47
BANKINDIA.NS,2026-08-17,daily_1d,1,143.75,-0.5223596468567848,142.99910800764337,-1,SELL / EXIT,1021,47
BANKINDIA.NS,2026-08-17,weekly_5d,5,143.75,-0.4721651319414377,143.07126262283418,0,HOLD,1021,47
BANKINDIA.NS,2026-08-17,monthly_20d,20,143.75,-1.8524901941418648,141.08704534592107,-1,SELL / EXIT,1021,47
BASF.NS,2026-08-17,daily_1d,1,4041.199951171875,-0.7848734967410564,4009.4816438048147,-1,SELL / EXIT,1021,47
BASF.NS,2026-08-17,weekly_5d,5,4041.199951171875,-3.6205634474754333,3894.885742900351,-1,SELL / EXIT,1021,47
BASF.NS,2026-08-17,monthly_20d,20,4041.199951171875,-9.123577922582626,3672.497924619338,-1,SELL / EXIT,1021,47
BATAINDIA.NS,2026-08-17,daily_1d,1,732.9339599609375,-0.3726379480212927,730.2027698921879,-1,SELL / EXIT,1021,47
BATAINDIA.NS,2026-08-17,weekly_5d,5,732.9339599609375,-4.759899154305458,698.0470425991393,-1,SELL / EXIT,1021,47
BATAINDIA.NS,2026-08-17,monthly_20d,20,732.9339599609375,-11.825228482484818,646.2628445698329,-1,SELL / EXIT,1021,47
BAYERCROP.NS,2026-08-14,daily_1d,1,4045.800048828125,0.044053790043108165,4047.5823770872,0,HOLD,1020,47
BAYERCROP.NS,2026-08-14,weekly_5d,5,4045.800048828125,-0.26249734219163656,4035.1799312295634,0,HOLD,1020,47
BAYERCROP.NS,2026-08-14,monthly_20d,20,4045.800048828125,-2.3795999586582184,3949.5261925388168,-1,SELL / EXIT,1020,47
BBTC.NS,2026-08-14,daily_1d,1,1468.199951171875,-0.4985058680176735,1460.8808882610506,-1,SELL / EXIT,1020,47
BBTC.NS,2026-08-14,weekly_5d,5,1468.199951171875,-1.5753477811813354,1445.0706958177834,-1,SELL / EXIT,1020,47
BBTC.NS,2026-08-14,monthly_20d,20,1468.199951171875,-0.6320720538496971,1458.9198695858827,0,HOLD,1020,47
BDL.NS,2026-08-14,daily_1d,1,1398.0,-0.608349172398448,1389.4952785698697,-1,SELL / EXIT,1020,47
BDL.NS,2026-08-14,weekly_5d,5,1398.0,-5.281888693571091,1324.1591960638762,-1,SELL / EXIT,1020,47
BDL.NS,2026-08-14,monthly_20d,20,1398.0,-14.076252281665802,1201.213993102312,-1,SELL / EXIT,1020,47
BEL.NS,2026-08-17,daily_1d,1,412.45001220703125,0.057735282462090254,412.6881413865939,0,HOLD,1021,47
BEL.NS,2026-08-17,weekly_5d,5,412.45001220703125,-0.46949703246355057,410.5135716393237,0,HOLD,1021,47
BEL.NS,2026-08-17,monthly_20d,20,412.45001220703125,-3.551892563700676,397.8002308944672,-1,SELL / EXIT,1021,47
BEML.NS,2026-08-17,daily_1d,1,1908.5,0.881560705602169,1925.3245860664174,1,BUY,1021,47
BEML.NS,2026-08-17,weekly_5d,5,1908.5,0.013109603605698794,1908.7501967848148,0,HOLD,1021,47
BEML.NS,2026-08-17,monthly_20d,20,1908.5,3.0373113229870796,1966.4670865992084,1,BUY,1021,47
BERGEPAINT.NS,2026-08-14,daily_1d,1,545.0999755859375,0.24230938870459795,546.4208040046087,0,HOLD,1020,47
BERGEPAINT.NS,2026-08-14,weekly_5d,5,545.0999755859375,-3.421459347009659,526.4496015207051,-1,SELL / EXIT,1020,47
BERGEPAINT.NS,2026-08-14,monthly_20d,20,545.0999755859375,-14.001572132110596,468.7774093121552,-1,SELL / EXIT,1020,47
BHARATFORG.NS,2026-08-17,daily_1d,1,2093.0,0.13519482454285026,2095.829627677682,0,HOLD,1020,47
BHARATFORG.NS,2026-08-17,weekly_5d,5,2093.0,-0.7553370203822851,2077.1907961633988,-1,SELL / EXIT,1020,47
BHARATFORG.NS,2026-08-17,monthly_20d,20,2093.0,-5.495397001504898,1977.9813407585025,-1,SELL / EXIT,1020,47
BHARTIARTL.NS,2026-08-17,daily_1d,1,1969.300048828125,-0.6989169400185347,1955.5362771870718,-1,SELL / EXIT,1021,47
BHARTIARTL.NS,2026-08-17,weekly_5d,5,1969.300048828125,-1.0617944411933422,1948.3901303792502,-1,SELL / EXIT,1021,47
BHARTIARTL.NS,2026-08-17,monthly_20d,20,1969.300048828125,-6.867922842502594,1834.0500409372435,-1,SELL / EXIT,1021,47
BHARTIHEXA.NS,2026-08-17,daily_1d,1,1641.0,-1.7840119078755379,1611.7243645917624,-1,SELL / EXIT,385,47
BHARTIHEXA.NS,2026-08-17,weekly_5d,5,1641.0,-1.3500271365046501,1618.8460546899587,-1,SELL / EXIT,385,47
BHARTIHEXA.NS,2026-08-17,monthly_20d,20,1641.0,-7.948185503482819,1510.570275887847,-1,SELL / EXIT,385,47
BHEL.NS,2026-08-17,daily_1d,1,435.95001220703125,-2.218363620340824,426.2790557333591,-1,SELL / EXIT,1021,47
BHEL.NS,2026-08-17,weekly_5d,5,435.95001220703125,-5.95206506550312,410.00198382739995,-1,SELL / EXIT,1021,47
BHEL.NS,2026-08-17,monthly_20d,20,435.95001220703125,-4.014098271727562,418.4505503014327,-1,SELL / EXIT,1021,47
BIKAJI.NS,2026-08-14,daily_1d,1,613.2999877929688,0.16206973232328892,614.2939614415236,0,HOLD,729,47
BIKAJI.NS,2026-08-14,weekly_5d,5,613.2999877929688,-0.9297999553382397,607.5975247803804,-1,SELL / EXIT,729,47
BIKAJI.NS,2026-08-14,monthly_20d,20,613.2999877929688,-8.639349043369293,560.3148611645929,-1,SELL / EXIT,729,47
BIOCON.NS,2026-08-17,daily_1d,1,412.0,0.8793103508651257,415.6227586455643,1,BUY,1021,47
BIOCON.NS,2026-08-17,weekly_5d,5,412.0,0.28111375868320465,413.1581886857748,0,HOLD,1021,47
BIOCON.NS,2026-08-17,monthly_20d,20,412.0,-5.071384087204933,391.1058975607157,-1,SELL / EXIT,1021,47
BLS.NS,2026-08-17,daily_1d,1,272.55999755859375,-1.3148033060133457,268.97636969982346,-1,SELL / EXIT,1021,47
BLS.NS,2026-08-17,weekly_5d,5,272.55999755859375,-6.028106063604355,256.1297918188043,-1,SELL / EXIT,1021,47
BLS.NS,2026-08-17,monthly_20d,20,272.55999755859375,-13.048556447029114,236.99485242513947,-1,SELL / EXIT,1021,47
BLUEDART.NS,2026-08-14,daily_1d,1,5141.0,-0.06901411688886583,5137.451984250743,0,HOLD,1020,47
BLUEDART.NS,2026-08-14,weekly_5d,5,5141.0,-1.023516058921814,5088.3810394108295,-1,SELL / EXIT,1020,47
BLUEDART.NS,2026-08-14,monthly_20d,20,5141.0,-4.8120178282260895,4893.614163450897,-1,SELL / EXIT,1020,47
BLUESTARCO.NS,2026-08-14,daily_1d,1,1508.0,0.13501757057383657,1510.0360649642535,0,HOLD,1020,47
BLUESTARCO.NS,2026-08-14,weekly_5d,5,1508.0,1.1765186674892902,1525.7419015057385,1,BUY,1020,47
BLUESTARCO.NS,2026-08-14,monthly_20d,20,1508.0,0.9671613574028015,1522.5847932696342,0,HOLD,1020,47
BOSCHLTD.NS,2026-08-17,daily_1d,1,46970.0,1.987067423760891,47903.32556894049,1,BUY,1020,47
BOSCHLTD.NS,2026-08-17,weekly_5d,5,46970.0,2.4578291922807693,48124.44237161428,1,BUY,1020,47
BOSCHLTD.NS,2026-08-17,monthly_20d,20,46970.0,0.9575031697750092,47419.73923884332,0,HOLD,1020,47
BPCL.NS,2026-08-17,daily_1d,1,316.6499938964844,-0.35296317655593157,315.5323360194632,-1,SELL / EXIT,1021,47
BPCL.NS,2026-08-17,weekly_5d,5,316.6499938964844,-0.6469763349741697,314.601343371277,-1,SELL / EXIT,1021,47
BPCL.NS,2026-08-17,monthly_20d,20,316.6499938964844,-5.156923830509186,300.3205949019307,-1,SELL / EXIT,1021,47
BRIGADE.NS,2026-08-14,daily_1d,1,591.5499877929688,-0.407853489741683,589.1373305241887,-1,SELL / EXIT,1020,47
BRIGADE.NS,2026-08-14,weekly_5d,5,591.5499877929688,2.735114097595215,607.729554903417,1,BUY,1020,47
BRIGADE.NS,2026-08-14,monthly_20d,20,591.5499877929688,7.288958132266998,634.6678187346288,1,BUY,1020,47
BRITANNIA.NS,2026-08-17,daily_1d,1,5521.0,0.14657715801149607,5529.092524893815,0,HOLD,1021,47
BRITANNIA.NS,2026-08-17,weekly_5d,5,5521.0,-1.5609418973326683,5434.820397848263,-1,SELL / EXIT,1021,47
BRITANNIA.NS,2026-08-17,monthly_20d,20,5521.0,-7.9031966626644135,5084.664512254298,-1,SELL / EXIT,1021,47
BSE.NS,2026-08-14,daily_1d,1,3447.0,-1.8847277387976646,3382.0334348436445,-1,SELL / EXIT,1020,47
BSE.NS,2026-08-14,weekly_5d,5,3447.0,-2.760380133986473,3351.8496967814863,-1,SELL / EXIT,1020,47
BSE.NS,2026-08-14,monthly_20d,20,3447.0,-4.195086285471916,3302.395375739783,-1,SELL / EXIT,1020,47
BSOFT.NS,2026-08-17,daily_1d,1,310.79998779296875,-0.4855685867369175,309.2908406846639,-1,SELL / EXIT,1021,47
BSOFT.NS,2026-08-17,weekly_5d,5,310.79998779296875,-1.6156641766428947,305.77850372918726,-1,SELL / EXIT,1021,47
BSOFT.NS,2026-08-17,monthly_20d,20,310.79998779296875,-6.184795126318932,291.5776452953494,-1,SELL / EXIT,1021,47
CAMPUS.NS,2026-08-14,daily_1d,1,218.39999389648438,0.025491369888186455,218.4556670467643,0,HOLD,861,47
CAMPUS.NS,2026-08-14,weekly_5d,5,218.39999389648438,1.727309264242649,222.17243722416373,1,BUY,861,47
CAMPUS.NS,2026-08-14,monthly_20d,20,218.39999389648438,-2.323138155043125,213.3262603076633,-1,SELL / EXIT,861,47
CAMS.NS,2026-08-14,daily_1d,1,762.25,1.0344992391765118,770.135470450623,1,BUY,1020,47
CAMS.NS,2026-08-14,weekly_5d,5,762.25,-0.7944593206048012,756.1942338286899,-1,SELL / EXIT,1020,47
CAMS.NS,2026-08-14,monthly_20d,20,762.25,-4.0647853165864944,731.2661739243194,-1,SELL / EXIT,1020,47
CANBK.NS,2026-08-17,daily_1d,1,131.10000610351562,-0.32072493340820074,130.67953569624197,-1,SELL / EXIT,1021,47
CANBK.NS,2026-08-17,weekly_5d,5,131.10000610351562,-2.4738313630223274,127.85681303560267,-1,SELL / EXIT,1021,47
CANBK.NS,2026-08-17,monthly_20d,20,131.10000610351562,-4.963478073477745,124.59288604623964,-1,SELL / EXIT,1021,47
CANFINHOME.NS,2026-08-14,daily_1d,1,820.7999877929688,-0.2985564526170492,818.3494364663329,-1,SELL / EXIT,1020,47
CANFINHOME.NS,2026-08-14,weekly_5d,5,820.7999877929688,1.1248007416725159,830.032352143312,1,BUY,1020,47
CANFINHOME.NS,2026-08-14,monthly_20d,20,820.7999877929688,-2.2797321900725365,802.087946255141,-1,SELL / EXIT,1020,47
CAPLIPOINT.NS,2026-08-14,daily_1d,1,2480.5,0.9586138650774956,2504.2784169232473,1,BUY,1019,47
CAPLIPOINT.NS,2026-08-14,weekly_5d,5,2480.5,2.346659079194069,2538.708878459409,1,BUY,1019,47
CAPLIPOINT.NS,2026-08-14,monthly_20d,20,2480.5,4.480533301830292,2591.6396285519004,1,BUY,1019,47
CARBORUNIV.NS,2026-08-17,daily_1d,1,1122.699951171875,0.18223169026896358,1124.7458662695444,0,HOLD,1020,47
CARBORUNIV.NS,2026-08-17,weekly_5d,5,1122.699951171875,0.30598100274801254,1126.1351997403222,0,HOLD,1020,47
CARBORUNIV.NS,2026-08-17,monthly_20d,20,1122.699951171875,-6.958000361919403,1044.582484506067,-1,SELL / EXIT,1020,47
CASTROLIND.NS,2026-08-17,daily_1d,1,187.5500030517578,-0.28522564098238945,187.01506235339093,-1,SELL / EXIT,1021,47
CASTROLIND.NS,2026-08-17,weekly_5d,5,187.5500030517578,0.3602927550673485,188.2257321248819,0,HOLD,1021,47
CASTROLIND.NS,2026-08-17,monthly_20d,20,187.5500030517578,0.1336178625933826,187.8006033571294,0,HOLD,1021,47
CCL.NS,2026-08-14,daily_1d,1,1130.2510986328125,-0.11355100432410836,1128.9676871589306,0,HOLD,1020,47
CCL.NS,2026-08-14,weekly_5d,5,1130.2510986328125,-1.8999040126800537,1108.7774126565273,-1,SELL / EXIT,1020,47
CCL.NS,2026-08-14,monthly_20d,20,1130.2510986328125,-3.084365837275982,1095.3900198711456,-1,SELL / EXIT,1020,47
CDSL.NS,2026-08-14,daily_1d,1,1344.4000244140625,0.3402718808501959,1348.9746396632868,1,BUY,1020,47
CDSL.NS,2026-08-14,weekly_5d,5,1344.4000244140625,1.988559402525425,1371.1342175071024,1,BUY,1020,47
CDSL.NS,2026-08-14,monthly_20d,20,1344.4000244140625,0.8802870288491249,1356.234603444824,0,HOLD,1020,47
CEATLTD.NS,2026-08-17,daily_1d,1,3608.5,0.4685728345066309,3625.408450733172,1,BUY,1021,47
CEATLTD.NS,2026-08-17,weekly_5d,5,3608.5,0.13045839732512832,3613.2075912674773,0,HOLD,1021,47
CEATLTD.NS,2026-08-17,monthly_20d,20,3608.5,-4.122524335980415,3459.7387093361467,-1,SELL / EXIT,1021,47
CELLO.NS,2026-08-17,daily_1d,1,369.6000061035156,-1.1353310197591782,365.4038225851906,-1,SELL / EXIT,488,47
CELLO.NS,2026-08-17,weekly_5d,5,369.6000061035156,-2.917174994945526,358.81812714414673,-1,SELL / EXIT,488,47
CELLO.NS,2026-08-17,monthly_20d,20,369.6000061035156,-10.748818516731262,329.87237220962106,-1,SELL / EXIT,488,47
CENTRALBK.NS,2026-08-17,daily_1d,1,31.270000457763672,-0.056570739252492785,31.252310787340456,0,HOLD,1021,47
CENTRALBK.NS,2026-08-17,weekly_5d,5,31.270000457763672,-0.3583169309422374,31.15795475181779,0,HOLD,1021,47
CENTRALBK.NS,2026-08-17,monthly_20d,20,31.270000457763672,-1.5048734843730927,30.79942651231144,-1,SELL / EXIT,1021,47
CENTURYPLY.NS,2026-08-14,daily_1d,1,755.5332641601562,-0.47418978065252304,751.9506026320784,-1,SELL / EXIT,1019,47
CENTURYPLY.NS,2026-08-14,weekly_5d,5,755.5332641601562,-0.07271246868185699,754.9838972720728,0,HOLD,1019,47
CENTURYPLY.NS,2026-08-14,monthly_20d,20,755.5332641601562,-3.11699565500021,731.9833251442029,-1,SELL / EXIT,1019,47
CERA.NS,2026-08-14,daily_1d,1,5872.0,-0.8070783689618111,5824.608358174562,-1,SELL / EXIT,1019,47
CERA.NS,2026-08-14,weekly_5d,5,5872.0,-0.6560680456459522,5833.47568435967,-1,SELL / EXIT,1019,47
CERA.NS,2026-08-14,monthly_20d,20,5872.0,-3.4223604947328568,5671.038991749287,-1,SELL / EXIT,1019,47
CESC.NS,2026-08-14,daily_1d,1,161.83535766601562,0.09595412411727011,161.9906453659761,0,HOLD,1020,47
CESC.NS,2026-08-14,weekly_5d,5,161.83535766601562,-2.9999839141964912,156.9803229685528,-1,SELL / EXIT,1020,47
CESC.NS,2026-08-14,monthly_20d,20,161.83535766601562,-12.312789261341095,141.9089111262615,-1,SELL / EXIT,1020,47
CGCL.NS,2026-08-17,daily_1d,1,226.07347106933594,-0.03710555611178279,225.98958525067445,0,HOLD,1021,47
CGCL.NS,2026-08-17,weekly_5d,5,226.07347106933594,1.5470937825739384,229.57103968429874,1,BUY,1021,47
CGCL.NS,2026-08-17,monthly_20d,20,226.07347106933594,14.597256481647491,259.07399547829004,1,BUY,1021,47
CGPOWER.NS,2026-08-17,daily_1d,1,898.7999877929688,-0.02566039329394698,898.5693521811751,0,HOLD,1021,47
CGPOWER.NS,2026-08-17,weekly_5d,5,898.7999877929688,-2.065608836710453,880.2342958207647,-1,SELL / EXIT,1021,47
CGPOWER.NS,2026-08-17,monthly_20d,20,898.7999877929688,-2.517911233007908,876.1690019380559,-1,SELL / EXIT,1021,47
CHALET.NS,2026-08-14,daily_1d,1,824.1575927734375,1.0739847086369991,833.008919294895,1,BUY,1020,47
CHALET.NS,2026-08-14,weekly_5d,5,824.1575927734375,2.4529417976737022,844.3736988452786,1,BUY,1020,47
CHALET.NS,2026-08-14,monthly_20d,20,824.1575927734375,5.684121698141098,871.0037133311498,1,BUY,1020,47
CHAMBLFERT.NS,2026-08-14,daily_1d,1,442.70001220703125,-0.35517930518835783,441.1276333796055,-1,SELL / EXIT,1020,47
CHAMBLFERT.NS,2026-08-14,weekly_5d,5,442.70001220703125,-1.5614436008036137,435.78750119566774,-1,SELL / EXIT,1020,47
CHAMBLFERT.NS,2026-08-14,monthly_20d,20,442.70001220703125,-5.5286552757024765,418.2246546266117,-1,SELL / EXIT,1020,47
CHENNPETRO.NS,2026-08-17,daily_1d,1,1382.4000244140625,0.3934183157980442,1387.838639307704,1,BUY,1021,47
CHENNPETRO.NS,2026-08-17,weekly_5d,5,1382.4000244140625,1.433370541781187,1402.2149391335897,1,BUY,1021,47
CHENNPETRO.NS,2026-08-17,monthly_20d,20,1382.4000244140625,7.6805852353572845,1488.5764365827845,1,BUY,1021,47
CHOLAFIN.NS,2026-08-14,daily_1d,1,1894.4000244140625,-0.10390979005023837,1892.431557325982,0,HOLD,1020,47
CHOLAFIN.NS,2026-08-14,weekly_5d,5,1894.4000244140625,-0.9415403008460999,1876.5634847249657,-1,SELL / EXIT,1020,47
CHOLAFIN.NS,2026-08-14,monthly_20d,20,1894.4000244140625,-4.074454307556152,1817.213561016979,-1,SELL / EXIT,1020,47
CHOLAHLDNG.NS,2026-08-14,daily_1d,1,1597.199951171875,-0.7430784404277802,1585.3315026841938,-1,SELL / EXIT,1020,47
CHOLAHLDNG.NS,2026-08-14,weekly_5d,5,1597.199951171875,-1.9596157595515251,1565.9009692171617,-1,SELL / EXIT,1020,47
CHOLAHLDNG.NS,2026-08-14,monthly_20d,20,1597.199951171875,-3.3530738204717636,1543.644657748543,-1,SELL / EXIT,1020,47
CIPLA.NS,2026-08-14,daily_1d,1,1450.0,-0.46351910568773746,1443.2789729675278,-1,SELL / EXIT,1020,47
CIPLA.NS,2026-08-14,weekly_5d,5,1450.0,-0.7041173055768013,1439.7902990691364,-1,SELL / EXIT,1020,47
CIPLA.NS,2026-08-14,monthly_20d,20,1450.0,-3.9701081812381744,1392.4334313720465,-1,SELL / EXIT,1020,47
CLEAN.NS,2026-08-14,daily_1d,1,817.6474609375,1.6108177602291107,830.8182714543436,1,BUY,1020,47
CLEAN.NS,2026-08-14,weekly_5d,5,817.6474609375,1.5599329955875874,830.4022134682482,1,BUY,1020,47
CLEAN.NS,2026-08-14,monthly_20d,20,817.6474609375,1.2582439929246902,827.9354609980473,1,BUY,1020,47
COALINDIA.NS,2026-08-17,daily_1d,1,403.3450012207031,-0.5343971308320761,401.18953710682507,-1,SELL / EXIT,1021,47
COALINDIA.NS,2026-08-17,weekly_5d,5,403.3450012207031,-1.3772686943411827,397.7898567887003,-1,SELL / EXIT,1021,47
COALINDIA.NS,2026-08-17,monthly_20d,20,403.3450012207031,3.7981066852808,418.6644746768126,1,BUY,1021,47
COCHINSHIP.NS,2026-08-17,daily_1d,1,1457.800048828125,0.6568465381860733,1467.3755579825274,1,BUY,1021,47
COCHINSHIP.NS,2026-08-17,weekly_5d,5,1457.800048828125,2.8709199279546738,1499.6523209396646,1,BUY,1021,47
COCHINSHIP.NS,2026-08-17,monthly_20d,20,1457.800048828125,-1.7432088032364845,1432.3875500433674,-1,SELL / EXIT,1021,47
COFORGE.NS,2026-08-17,daily_1d,1,1806.0,-0.6257413886487484,1794.6991105210036,-1,SELL / EXIT,1021,47
COFORGE.NS,2026-08-17,weekly_5d,5,1806.0,2.8048234060406685,1856.6551107130945,1,BUY,1021,47
COFORGE.NS,2026-08-17,monthly_20d,20,1806.0,0.02601169398985803,1806.4697711934568,0,HOLD,1021,47
COLPAL.NS,2026-08-17,daily_1d,1,1964.0,-1.5221710316836834,1934.1045609377325,-1,SELL / EXIT,1021,47
COLPAL.NS,2026-08-17,weekly_5d,5,1964.0,-2.736051566898823,1910.2639472261071,-1,SELL / EXIT,1021,47
COLPAL.NS,2026-08-17,monthly_20d,20,1964.0,-3.969496116042137,1886.0390962809324,-1,SELL / EXIT,1021,47
CONCOR.NS,2026-08-17,daily_1d,1,524.5,-0.2807610435411334,523.0274083266268,-1,SELL / EXIT,1021,47
CONCOR.NS,2026-08-17,weekly_5d,5,524.5,-0.26929015293717384,523.0875731478445,0,HOLD,1021,47
CONCOR.NS,2026-08-17,monthly_20d,20,524.5,-5.1743898540735245,497.36032521538436,-1,SELL / EXIT,1021,47
CONCORDBIO.NS,2026-08-14,daily_1d,1,1451.300048828125,2.3573897778987885,1485.5128478258393,1,BUY,542,47
CONCORDBIO.NS,2026-08-14,weekly_5d,5,1451.300048828125,7.021947205066681,1553.209572043943,1,BUY,542,47
CONCORDBIO.NS,2026-08-14,monthly_20d,20,1451.300048828125,1.7454426735639572,1476.6316592018256,1,BUY,542,47
COROMANDEL.NS,2026-08-17,daily_1d,1,2097.89990234375,-0.7503320928663015,2082.1586861002543,-1,SELL / EXIT,1021,47
COROMANDEL.NS,2026-08-17,weekly_5d,5,2097.89990234375,-4.1905466467142105,2009.9864283346633,-1,SELL / EXIT,1021,47
COROMANDEL.NS,2026-08-17,monthly_20d,20,2097.89990234375,-6.854210793972015,1954.1054207905763,-1,SELL / EXIT,1021,47
CRAFTSMAN.NS,2026-08-14,daily_1d,1,10251.0,0.8931645192205906,10342.558294865303,1,BUY,1018,47
CRAFTSMAN.NS,2026-08-14,weekly_5d,5,10251.0,3.2971475273370743,10588.990593027323,1,BUY,1018,47
CRAFTSMAN.NS,2026-08-14,monthly_20d,20,10251.0,10.517968237400055,11329.19692401588,1,BUY,1018,47
CREDITACC.NS,2026-08-14,daily_1d,1,1549.4000244140625,-0.17714628484100103,1546.6553198334875,0,HOLD,1020,47
CREDITACC.NS,2026-08-14,weekly_5d,5,1549.4000244140625,-2.211545407772064,1515.134339326114,-1,SELL / EXIT,1020,47
CREDITACC.NS,2026-08-14,monthly_20d,20,1549.4000244140625,-8.404255658388138,1419.1844851911765,-1,SELL / EXIT,1020,47
CRISIL.NS,2026-08-17,daily_1d,1,4488.2998046875,-0.3093893174082041,4474.413484558543,-1,SELL / EXIT,1021,47
CRISIL.NS,2026-08-17,weekly_5d,5,4488.2998046875,0.21062311716377735,4497.753201643789,0,HOLD,1021,47
CRISIL.NS,2026-08-17,monthly_20d,20,4488.2998046875,4.406140372157097,4686.060594405284,1,BUY,1021,47
CROMPTON.NS,2026-08-14,daily_1d,1,248.3000030517578,-0.43906322680413723,247.209809046204,-1,SELL / EXIT,1020,47
CROMPTON.NS,2026-08-14,weekly_5d,5,248.3000030517578,1.0737566277384758,250.9661407912009,1,BUY,1020,47
CROMPTON.NS,2026-08-14,monthly_20d,20,248.3000030517578,-6.989836692810059,230.94423833019755,-1,SELL / EXIT,1020,47
CUB.NS,2026-08-17,daily_1d,1,215.1999969482422,1.4305862598121166,218.27861853569982,1,BUY,1021,47
CUB.NS,2026-08-17,weekly_5d,5,215.1999969482422,0.013322950690053403,215.2286679377206,0,HOLD,1021,47
CUB.NS,2026-08-17,monthly_20d,20,215.1999969482422,3.5525452345609665,222.8450741846023,1,BUY,1021,47
CUMMINSIND.NS,2026-08-14,daily_1d,1,5400.0,0.7043145131319761,5438.032983709127,1,BUY,1020,47
CUMMINSIND.NS,2026-08-14,weekly_5d,5,5400.0,-3.542710095643997,5208.693654835224,-1,SELL / EXIT,1020,47
CUMMINSIND.NS,2026-08-14,monthly_20d,20,5400.0,-5.9624601155519485,5078.027153760195,-1,SELL / EXIT,1020,47
CYIENT.NS,2026-08-17,daily_1d,1,868.0,-0.5806259345263243,862.9601668883115,-1,SELL / EXIT,1021,47
CYIENT.NS,2026-08-17,weekly_5d,5,868.0,2.591526322066784,890.4944484755397,1,BUY,1021,47
CYIENT.NS,2026-08-17,monthly_20d,20,868.0,22.23265767097473,1060.9794685840607,1,BUY,1021,47
DABUR.NS,2026-08-17,daily_1d,1,406.79998779296875,-0.3948537167161703,405.1937229215673,-1,SELL / EXIT,1021,47
DABUR.NS,2026-08-17,weekly_5d,5,406.79998779296875,-0.7870912551879883,403.5981006629445,-1,SELL / EXIT,1021,47
DABUR.NS,2026-08-17,monthly_20d,20,406.79998779296875,-5.061361193656921,386.21037107501434,-1,SELL / EXIT,1021,47
DALBHARAT.NS,2026-08-14,daily_1d,1,1842.0,0.13147968566045165,1844.4218558098655,0,HOLD,1019,47
DALBHARAT.NS,2026-08-14,weekly_5d,5,1842.0,1.4334782026708126,1868.4046684931964,1,BUY,1019,47
DALBHARAT.NS,2026-08-14,monthly_20d,20,1842.0,-6.436129659414291,1723.4464916735888,-1,SELL / EXIT,1019,47
DATAPATTNS.NS,2026-08-14,daily_1d,1,4455.7998046875,0.9332421235740185,4497.383205406973,1,BUY,951,47
DATAPATTNS.NS,2026-08-14,weekly_5d,5,4455.7998046875,6.4510054886341095,4743.243694650439,1,BUY,951,47
DATAPATTNS.NS,2026-08-14,monthly_20d,20,4455.7998046875,1.1312496848404408,4506.206025935148,0,HOLD,951,47
DBREALTY.NS,2026-08-17,daily_1d,1,108.51000213623047,-0.8294176310300827,107.61000104708145,-1,SELL / EXIT,1021,47
DBREALTY.NS,2026-08-17,weekly_5d,5,108.51000213623047,-1.6248997300863266,106.74682340440219,-1,SELL / EXIT,1021,47
DBREALTY.NS,2026-08-17,monthly_20d,20,108.51000213623047,-8.552668988704681,99.2295008338823,-1,SELL / EXIT,1021,47
DCMSHRIRAM.NS,2026-08-17,daily_1d,1,1018.4000244140625,0.4720354452729225,1023.207233503965,1,BUY,1020,47
DCMSHRIRAM.NS,2026-08-17,weekly_5d,5,1018.4000244140625,3.1730610877275467,1050.714479306153,1,BUY,1020,47
DCMSHRIRAM.NS,2026-08-17,monthly_20d,20,1018.4000244140625,-0.36016504745930433,1014.732103482806,0,HOLD,1020,47
DEEPAKFERT.NS,2026-08-14,daily_1d,1,1486.262451171875,0.6261799484491348,1495.569128622442,1,BUY,1020,47
DEEPAKFERT.NS,2026-08-14,weekly_5d,5,1486.262451171875,-1.39780193567276,1465.4874458602171,-1,SELL / EXIT,1020,47
DEEPAKFERT.NS,2026-08-14,monthly_20d,20,1486.262451171875,-10.595299303531647,1328.788496034209,-1,SELL / EXIT,1020,47
DEEPAKNTR.NS,2026-08-14,daily_1d,1,1723.199951171875,2.031540311872959,1758.2074528341068,1,BUY,1019,47
DEEPAKNTR.NS,2026-08-14,weekly_5d,5,1723.199951171875,1.303674839437008,1745.6648753684935,1,BUY,1019,47
DEEPAKNTR.NS,2026-08-14,monthly_20d,20,1723.199951171875,-5.633039399981499,1626.1314189819013,-1,SELL / EXIT,1019,47
DELHIVERY.NS,2026-08-14,daily_1d,1,459.70001220703125,-0.27279192581772804,458.44598769074736,-1,SELL / EXIT,850,47
DELHIVERY.NS,2026-08-14,weekly_5d,5,459.70001220703125,-1.5338614583015442,452.6488508959801,-1,SELL / EXIT,850,47
DELHIVERY.NS,2026-08-14,monthly_20d,20,459.70001220703125,-5.573200806975365,434.08000741704313,-1,SELL / EXIT,850,47
DEVYANI.NS,2026-08-14,daily_1d,1,143.75999450683594,-0.44568106532096863,143.1192834318125,-1,SELL / EXIT,1020,47
DEVYANI.NS,2026-08-14,weekly_5d,5,143.75999450683594,0.8641756139695644,145.00233332200798,1,BUY,1020,47
DEVYANI.NS,2026-08-14,monthly_20d,20,143.75999450683594,-4.515574127435684,137.2684053892823,-1,SELL / EXIT,1020,47
DIVISLAB.NS,2026-08-17,daily_1d,1,8481.5,1.501138973981142,8608.81910207821,1,BUY,1020,47
DIVISLAB.NS,2026-08-17,weekly_5d,5,8481.5,1.6518427059054375,8621.60103910137,1,BUY,1020,47
DIVISLAB.NS,2026-08-17,monthly_20d,20,8481.5,9.872174263000488,9318.808460116386,1,BUY,1020,47
DIXON.NS,2026-08-17,daily_1d,1,14025.0,0.4145395942032337,14083.139178087004,1,BUY,1021,47
DIXON.NS,2026-08-17,weekly_5d,5,14025.0,4.620739817619324,14673.05875942111,1,BUY,1021,47
DIXON.NS,2026-08-17,monthly_20d,20,14025.0,-2.954002283513546,13610.701179737225,-1,SELL / EXIT,1021,47
DLF.NS,2026-08-14,daily_1d,1,665.0,0.3309437772259116,667.2007761185523,1,BUY,1020,47
DLF.NS,2026-08-14,weekly_5d,5,665.0,2.437605708837509,681.2100779637694,1,BUY,1020,47
DLF.NS,2026-08-14,monthly_20d,20,665.0,-3.7601321935653687,639.9951209127903,-1,SELL / EXIT,1020,47
DMART.NS,2026-08-17,daily_1d,1,3995.0,0.01236062526004389,3995.4938069791388,0,HOLD,1021,47
DMART.NS,2026-08-17,weekly_5d,5,3995.0,-0.9013894014060497,3958.9894934138283,-1,SELL / EXIT,1021,47
DMART.NS,2026-08-17,monthly_20d,20,3995.0,-6.909381598234177,3718.9702051505446,-1,SELL / EXIT,1021,47
DRREDDY.NS,2026-08-17,daily_1d,1,1192.0,-0.40800035931169987,1187.1366357170045,-1,SELL / EXIT,1021,47
DRREDDY.NS,2026-08-17,weekly_5d,5,1192.0,-0.21900562569499016,1189.3894529417157,0,HOLD,1021,47
DRREDDY.NS,2026-08-17,monthly_20d,20,1192.0,-1.8295258283615112,1170.1920521259308,-1,SELL / EXIT,1021,47
EASEMYTRIP.NS,2026-08-14,daily_1d,1,6.400000095367432,-1.388656347990036,6.311126087771743,-1,SELL / EXIT,1020,47
EASEMYTRIP.NS,2026-08-14,weekly_5d,5,6.400000095367432,3.2525021582841873,6.608160236599447,1,BUY,1020,47
EASEMYTRIP.NS,2026-08-14,monthly_20d,20,6.400000095367432,-5.4518066346645355,6.051084465549653,-1,SELL / EXIT,1020,47
ECLERX.NS,2026-08-14,daily_1d,1,1895.9488525390625,-1.3521264307200909,1870.3132269909474,-1,SELL / EXIT,1020,47
ECLERX.NS,2026-08-14,weekly_5d,5,1895.9488525390625,-1.9983196631073952,1858.0617338163154,-1,SELL / EXIT,1020,47
ECLERX.NS,2026-08-14,monthly_20d,20,1895.9488525390625,1.8273074179887772,1930.593666562782,1,BUY,1020,47
EICHERMOT.NS,2026-08-14,daily_1d,1,8066.5,0.12728205183520913,8076.767206711287,0,HOLD,1020,47
EICHERMOT.NS,2026-08-14,weekly_5d,5,8066.5,-0.9302699007093906,7991.459778459277,-1,SELL / EXIT,1020,47
EICHERMOT.NS,2026-08-14,monthly_20d,20,8066.5,-5.909787490963936,7589.786992041394,-1,SELL / EXIT,1020,47
EIDPARRY.NS,2026-08-17,daily_1d,1,792.0499877929688,-0.18142727203667164,790.6129931069491,0,HOLD,1020,47
EIDPARRY.NS,2026-08-17,weekly_5d,5,792.0499877929688,3.0893784016370773,816.5194090460138,1,BUY,1020,47
EIDPARRY.NS,2026-08-17,monthly_20d,20,792.0499877929688,-5.8741409331560135,745.5238552489648,-1,SELL / EXIT,1020,47
EIHOTEL.NS,2026-08-17,daily_1d,1,296.0,0.0032041993108578026,296.00948442996014,0,HOLD,1021,47
EIHOTEL.NS,2026-08-17,weekly_5d,5,296.0,1.7732001841068268,301.2486725449562,1,BUY,1021,47
EIHOTEL.NS,2026-08-17,monthly_20d,20,296.0,-0.5980544723570347,294.2297587618232,0,HOLD,1021,47
ELECON.NS,2026-08-17,daily_1d,1,438.25,-0.638651056215167,435.45111174613703,-1,SELL / EXIT,1021,47
ELECON.NS,2026-08-17,weekly_5d,5,438.25,1.2788878753781319,443.85472611384466,1,BUY,1021,47
ELECON.NS,2026-08-17,monthly_20d,20,438.25,-3.1482312828302383,424.4528764029965,-1,SELL / EXIT,1021,47
ELGIEQUIP.NS,2026-08-14,daily_1d,1,609.5,1.1339367367327213,616.4113444103859,1,BUY,1020,47
ELGIEQUIP.NS,2026-08-14,weekly_5d,5,609.5,1.5579980798065662,618.995998296421,1,BUY,1020,47
ELGIEQUIP.NS,2026-08-14,monthly_20d,20,609.5,-0.2832897240296006,607.7733491320396,0,HOLD,1020,47
EMAMILTD.NS,2026-08-17,daily_1d,1,404.5,-0.41960328817367554,402.8027046993375,-1,SELL / EXIT,1021,47
EMAMILTD.NS,2026-08-17,weekly_5d,5,404.5,-0.22285867016762495,403.59853667917196,0,HOLD,1021,47
EMAMILTD.NS,2026-08-17,monthly_20d,20,404.5,-7.7675871551036835,373.0801099576056,-1,SELL / EXIT,1021,47
EMCURE.NS,2026-08-17,daily_1d,1,1870.2626953125,0.2928541274741292,1875.7398368103316,1,BUY,325,47
EMCURE.NS,2026-08-17,weekly_5d,5,1870.2626953125,0.23508148733526468,1874.6593366737172,0,HOLD,325,47
EMCURE.NS,2026-08-17,monthly_20d,20,1870.2626953125,6.0373567044734955,1983.177125539216,1,BUY,325,47
ENDURANCE.NS,2026-08-14,daily_1d,1,2899.0,1.4591226354241371,2941.2999652009457,1,BUY,1020,47
ENDURANCE.NS,2026-08-14,weekly_5d,5,2899.0,2.8188051655888557,2980.717161750421,1,BUY,1020,47
ENDURANCE.NS,2026-08-14,monthly_20d,20,2899.0,-5.538459867238998,2738.4400484487414,-1,SELL / EXIT,1020,47
ENGINERSIN.NS,2026-08-14,daily_1d,1,243.67999267578125,-1.3903990387916565,240.2918683998896,-1,SELL / EXIT,1020,47
ENGINERSIN.NS,2026-08-14,weekly_5d,5,243.67999267578125,-0.4804368130862713,242.50926428484087,0,HOLD,1020,47
ENGINERSIN.NS,2026-08-14,monthly_20d,20,243.67999267578125,6.691626459360123,259.98614754184064,1,BUY,1020,47
ERIS.NS,2026-08-17,daily_1d,1,1348.9000244140625,-0.067191943526268,1347.9936722714324,0,HOLD,1019,47
ERIS.NS,2026-08-17,weekly_5d,5,1348.9000244140625,-1.5232175588607788,1328.3533423907102,-1,SELL / EXIT,1019,47
ERIS.NS,2026-08-17,monthly_20d,20,1348.9000244140625,-2.0082781091332436,1321.810360509662,-1,SELL / EXIT,1019,47
ESCORTS.NS,2026-08-14,daily_1d,1,3113.699951171875,0.27620994951575994,3122.3003002350792,1,BUY,1020,47
ESCORTS.NS,2026-08-14,weekly_5d,5,3113.699951171875,0.035475209006108344,3114.8045427373763,0,HOLD,1020,47
ESCORTS.NS,2026-08-14,monthly_20d,20,3113.699951171875,-5.824245512485504,2932.3504214934837,-1,SELL / EXIT,1020,47
ETERNAL.NS,2026-08-14,daily_1d,1,318.5,0.09075836860574782,318.7890654040093,0,HOLD,1020,47
ETERNAL.NS,2026-08-14,weekly_5d,5,318.5,2.0381132140755653,324.9913905868307,1,BUY,1020,47
ETERNAL.NS,2026-08-14,monthly_20d,20,318.5,1.039456482976675,321.8106688982807,0,HOLD,1020,47
EXIDEIND.NS,2026-08-17,daily_1d,1,475.70001220703125,-1.1188770644366741,470.3775138749243,-1,SELL / EXIT,1021,47
EXIDEIND.NS,2026-08-17,weekly_5d,5,475.70001220703125,-3.237992152571678,460.29688314198506,-1,SELL / EXIT,1021,47
EXIDEIND.NS,2026-08-17,monthly_20d,20,475.70001220703125,-11.502686142921448,420.98173282101743,-1,SELL / EXIT,1021,47
FACT.NS,2026-08-14,daily_1d,1,807.7000122070312,-1.273573748767376,797.4133568827716,-1,SELL / EXIT,1020,47
FACT.NS,2026-08-14,weekly_5d,5,807.7000122070312,-1.2352298013865948,797.7230609504468,-1,SELL / EXIT,1020,47
FACT.NS,2026-08-14,monthly_20d,20,807.7000122070312,-3.5185303539037704,779.2808421090424,-1,SELL / EXIT,1020,47
FEDERALBNK.NS,2026-08-17,daily_1d,1,354.1000061035156,0.6254061590880156,356.31456935101806,1,BUY,1021,47
FEDERALBNK.NS,2026-08-17,weekly_5d,5,354.1000061035156,1.8573049455881119,360.676723029204,1,BUY,1021,47
FEDERALBNK.NS,2026-08-17,monthly_20d,20,354.1000061035156,-2.0291849970817566,346.9146619049975,-1,SELL / EXIT,1021,47
FINCABLES.NS,2026-08-17,daily_1d,1,1311.510986328125,0.3989449702203274,1316.743193441968,1,BUY,1021,47
FINCABLES.NS,2026-08-17,weekly_5d,5,1311.510986328125,-3.0367668718099594,1271.6834551751645,-1,SELL / EXIT,1021,47
FINCABLES.NS,2026-08-17,monthly_20d,20,1311.510986328125,2.8499512001872063,1348.8884094235705,1,BUY,1021,47
FINPIPE.NS,2026-08-14,daily_1d,1,156.4521942138672,0.10380764724686742,156.6146035557467,0,HOLD,1018,47
FINPIPE.NS,2026-08-14,weekly_5d,5,156.4521942138672,0.7878384552896023,157.6847847640284,1,BUY,1018,47
FINPIPE.NS,2026-08-14,monthly_20d,20,156.4521942138672,-0.3560203127563,155.8951926227129,0,HOLD,1018,47
FIRSTCRY.NS,2026-08-17,daily_1d,1,208.41000366210938,-1.2476478703320026,205.80978068986022,-1,SELL / EXIT,303,47
FIRSTCRY.NS,2026-08-17,weekly_5d,5,208.41000366210938,-6.087322905659676,195.72341377149962,-1,SELL / EXIT,303,47
FIRSTCRY.NS,2026-08-17,monthly_20d,20,208.41000366210938,-16.84195101261139,173.3096929399553,-1,SELL / EXIT,303,47
FIVESTAR.NS,2026-08-14,daily_1d,1,550.2000122070312,-1.0786497965455055,544.2652808947668,-1,SELL / EXIT,726,47
FIVESTAR.NS,2026-08-14,weekly_5d,5,550.2000122070312,-3.7503592669963837,529.5655350622096,-1,SELL / EXIT,726,47
FIVESTAR.NS,2026-08-14,monthly_20d,20,550.2000122070312,-3.004932776093483,533.6668717061518,-1,SELL / EXIT,726,47
FLUOROCHEM.NS,2026-08-14,daily_1d,1,4737.7998046875,-0.44563119299709797,4716.6866908960565,-1,SELL / EXIT,1020,47
FLUOROCHEM.NS,2026-08-14,weekly_5d,5,4737.7998046875,-1.79266557097435,4652.866898767177,-1,SELL / EXIT,1020,47
FLUOROCHEM.NS,2026-08-14,monthly_20d,20,4737.7998046875,-1.5566286630928516,4664.049854927777,-1,SELL / EXIT,1020,47
FORTIS.NS,2026-08-14,daily_1d,1,929.0,-1.0014849714934826,919.6962046148255,-1,SELL / EXIT,1020,47
FORTIS.NS,2026-08-14,weekly_5d,5,929.0,-2.386222407221794,906.8319938369095,-1,SELL / EXIT,1020,47
FORTIS.NS,2026-08-14,monthly_20d,20,929.0,-3.840162605047226,893.3248893991113,-1,SELL / EXIT,1020,47
FSL.NS,2026-08-17,daily_1d,1,267.75,-0.3784715663641691,266.73664238105994,-1,SELL / EXIT,1021,47
FSL.NS,2026-08-17,weekly_5d,5,267.75,2.356654405593872,274.0599421709776,1,BUY,1021,47
FSL.NS,2026-08-17,monthly_20d,20,267.75,0.5428641568869352,269.20351878006477,0,HOLD,1021,47
GAIL.NS,2026-08-17,daily_1d,1,171.60171508789062,0.3506007371470332,172.20335196594573,1,BUY,1021,47
GAIL.NS,2026-08-17,weekly_5d,5,171.60171508789062,0.1946985605172813,171.9358211569897,0,HOLD,1021,47
GAIL.NS,2026-08-17,monthly_20d,20,171.60171508789062,0.3848848631605506,172.26218411418782,0,HOLD,1021,47
GESHIP.NS,2026-08-17,daily_1d,1,1274.9000244140625,1.244494877755642,1290.766089914401,1,BUY,1021,47
GESHIP.NS,2026-08-17,weekly_5d,5,1274.9000244140625,2.7220232412219048,1309.603099380957,1,BUY,1021,47
GESHIP.NS,2026-08-17,monthly_20d,20,1274.9000244140625,8.15492495894432,1378.8671647065921,1,BUY,1021,47
GICRE.NS,2026-08-14,daily_1d,1,339.00067138671875,0.7996227592229843,341.7113979090457,1,BUY,1020,47
GICRE.NS,2026-08-14,weekly_5d,5,339.00067138671875,1.5932179987430573,344.40169109911176,1,BUY,1020,47
GICRE.NS,2026-08-14,monthly_20d,20,339.00067138671875,2.4775411933660507,347.3995526661122,1,BUY,1020,47
GILLETTE.NS,2026-08-17,daily_1d,1,7508.931640625,-0.18164449138566852,7495.292079937889,0,HOLD,1021,47
GILLETTE.NS,2026-08-17,weekly_5d,5,7508.931640625,-0.23381069768220186,7491.3749551675755,0,HOLD,1021,47
GILLETTE.NS,2026-08-17,monthly_20d,20,7508.931640625,-1.094702910631895,7426.731147397719,0,HOLD,1021,47
GLAND.NS,2026-08-17,daily_1d,1,2910.199951171875,-1.1057808995246887,2878.0195159738396,-1,SELL / EXIT,1020,47
GLAND.NS,2026-08-17,weekly_5d,5,2910.199951171875,-3.76383475959301,2800.664833836009,-1,SELL / EXIT,1020,47
GLAND.NS,2026-08-17,monthly_20d,20,2910.199951171875,0.5264727398753166,2925.5213605906597,0,HOLD,1020,47
GLAXO.NS,2026-08-14,daily_1d,1,2688.800048828125,-0.2952047623693943,2680.862583033394,-1,SELL / EXIT,1020,47
GLAXO.NS,2026-08-14,weekly_5d,5,2688.800048828125,7.1189552545547485,2880.2145211886454,1,BUY,1020,47
GLAXO.NS,2026-08-14,monthly_20d,20,2688.800048828125,5.084391683340073,2825.509174892386,1,BUY,1020,47
GLENMARK.NS,2026-08-17,daily_1d,1,2326.684814453125,-0.4475225228816271,2316.272375871981,-1,SELL / EXIT,1021,47
GLENMARK.NS,2026-08-17,weekly_5d,5,2326.684814453125,0.7932341657578945,2345.140873330868,1,BUY,1021,47
GLENMARK.NS,2026-08-17,monthly_20d,20,2326.684814453125,2.259468287229538,2379.255519979479,1,BUY,1021,47
GMDCLTD.NS,2026-08-17,daily_1d,1,574.0,-0.6589293014258146,570.2177458098158,-1,SELL / EXIT,1021,47
GMDCLTD.NS,2026-08-17,weekly_5d,5,574.0,-0.9809926152229309,568.3691023886204,-1,SELL / EXIT,1021,47
GMDCLTD.NS,2026-08-17,monthly_20d,20,574.0,-1.86836626380682,563.2755776457489,-1,SELL / EXIT,1021,47
GMRAIRPORT.NS,2026-08-17,daily_1d,1,101.30999755859375,-0.47265985049307346,100.83114587559876,-1,SELL / EXIT,1021,47
GMRAIRPORT.NS,2026-08-17,weekly_5d,5,101.30999755859375,-2.007315866649151,99.27638590309823,-1,SELL / EXIT,1021,47
GMRAIRPORT.NS,2026-08-17,monthly_20d,20,101.30999755859375,-5.771464109420776,95.46292741024445,-1,SELL / EXIT,1021,47
GNFC.NS,2026-08-17,daily_1d,1,579.23828125,0.5128280259668827,582.2087774933789,1,BUY,1021,47
GNFC.NS,2026-08-17,weekly_5d,5,579.23828125,-2.3236388340592384,565.7788756051377,-1,SELL / EXIT,1021,47
GNFC.NS,2026-08-17,monthly_20d,20,579.23828125,-7.035718858242035,538.4847042619367,-1,SELL / EXIT,1021,47
GODFRYPHLP.NS,2026-08-14,daily_1d,1,2149.0,-0.01068451238097623,2148.770389828933,0,HOLD,1020,47
GODFRYPHLP.NS,2026-08-14,weekly_5d,5,2149.0,-0.6000320892781019,2136.1053104014136,-1,SELL / EXIT,1020,47
GODFRYPHLP.NS,2026-08-14,monthly_20d,20,2149.0,-8.237439393997192,1971.9774274230003,-1,SELL / EXIT,1020,47
GODIGIT.NS,2026-08-17,daily_1d,1,254.85000610351562,0.36732496228069067,255.7861337923077,1,BUY,358,47
GODIGIT.NS,2026-08-17,weekly_5d,5,254.85000610351562,1.6396276652812958,259.02859730855994,1,BUY,358,47
GODIGIT.NS,2026-08-17,monthly_20d,20,254.85000610351562,-1.3277719728648663,251.46617914962874,-1,SELL / EXIT,358,47
GODREJAGRO.NS,2026-08-14,daily_1d,1,580.5,1.378074288368225,588.4997212439775,1,BUY,1020,47
GODREJAGRO.NS,2026-08-14,weekly_5d,5,580.5,-1.5200619585812092,571.6760403304361,-1,SELL / EXIT,1020,47
GODREJAGRO.NS,2026-08-14,monthly_20d,20,580.5,11.38569712638855,646.5939718186855,1,BUY,1020,47
GODREJCP.NS,2026-08-17,daily_1d,1,928.0,0.3570401342585683,931.3133324459195,1,BUY,1021,47
GODREJCP.NS,2026-08-17,weekly_5d,5,928.0,0.5583999212831259,933.1819512695074,1,BUY,1021,47
GODREJCP.NS,2026-08-17,monthly_20d,20,928.0,-3.785332292318344,892.8721163272858,-1,SELL / EXIT,1021,47
GODREJIND.NS,2026-08-14,daily_1d,1,1252.5,-0.77582155354321,1242.7828350418713,-1,SELL / EXIT,1020,47
GODREJIND.NS,2026-08-14,weekly_5d,5,1252.5,-1.6079789027571678,1232.3600642429665,-1,SELL / EXIT,1020,47
GODREJIND.NS,2026-08-14,monthly_20d,20,1252.5,-7.04328715801239,1164.2828283458948,-1,SELL / EXIT,1020,47
GODREJPROP.NS,2026-08-17,daily_1d,1,2054.0,-1.2477589771151543,2028.3710306100547,-1,SELL / EXIT,1021,47
GODREJPROP.NS,2026-08-17,weekly_5d,5,2054.0,-0.20732327830046415,2049.7415798637085,0,HOLD,1021,47
GODREJPROP.NS,2026-08-17,monthly_20d,20,2054.0,-13.264600932598114,1781.5450968444347,-1,SELL / EXIT,1021,47
GPIL.NS,2026-08-17,daily_1d,1,250.82000732421875,0.4412864800542593,251.92684210581163,1,BUY,1021,47
GPIL.NS,2026-08-17,weekly_5d,5,250.82000732421875,-1.130221039056778,247.98518683127668,-1,SELL / EXIT,1021,47
GPIL.NS,2026-08-17,monthly_20d,20,250.82000732421875,-3.4849904477596283,242.07895402789973,-1,SELL / EXIT,1021,47
GPPL.NS,2026-08-14,daily_1d,1,153.98587036132812,0.3888396080583334,154.58462841610634,1,BUY,1020,47
GPPL.NS,2026-08-14,weekly_5d,5,153.98587036132812,0.9765233844518661,155.48957839415823,1,BUY,1020,47
GPPL.NS,2026-08-14,monthly_20d,20,153.98587036132812,1.799534447491169,156.75689914274932,1,BUY,1020,47
GRANULES.NS,2026-08-17,daily_1d,1,861.5499877929688,-0.049503176705911756,861.1234931801018,0,HOLD,1020,47
GRANULES.NS,2026-08-17,weekly_5d,5,861.5499877929688,-0.18712604651227593,859.9378033620848,0,HOLD,1020,47
GRANULES.NS,2026-08-17,monthly_20d,20,861.5499877929688,2.1778956055641174,880.31364711685,1,BUY,1020,47
GRAPHITE.NS,2026-08-14,daily_1d,1,721.5999755859375,0.02658482117112726,721.791811649018,0,HOLD,1020,47
GRAPHITE.NS,2026-08-14,weekly_5d,5,721.5999755859375,-1.7121277749538422,709.2452619798705,-1,SELL / EXIT,1020,47
GRAPHITE.NS,2026-08-14,monthly_20d,20,721.5999755859375,7.05789178609848,772.529720991306,1,BUY,1020,47
GRASIM.NS,2026-08-14,daily_1d,1,3248.699951171875,0.09792376076802611,3251.8812003401317,0,HOLD,1020,47
GRASIM.NS,2026-08-14,weekly_5d,5,3248.699951171875,1.2864947319030762,3290.494304899039,1,BUY,1020,47
GRASIM.NS,2026-08-14,monthly_20d,20,3248.699951171875,-0.4927135072648525,3232.6931677019447,0,HOLD,1020,47
GRAVITA.NS,2026-08-17,daily_1d,1,1821.699951171875,0.5753095727413893,1832.180365377592,1,BUY,1021,47
GRAVITA.NS,2026-08-17,weekly_5d,5,1821.699951171875,-2.716304548084736,1772.217032545736,-1,SELL / EXIT,1021,47
GRAVITA.NS,2026-08-17,monthly_20d,20,1821.699951171875,-9.242865443229675,1653.322675905678,-1,SELL / EXIT,1021,47
GRSE.NS,2026-08-14,daily_1d,1,2618.60009765625,-0.18151215044781566,2613.8470203073657,0,HOLD,1020,47
GRSE.NS,2026-08-14,weekly_5d,5,2618.60009765625,-0.6925787776708603,2600.4642291078144,-1,SELL / EXIT,1020,47
GRSE.NS,2026-08-14,monthly_20d,20,2618.60009765625,-6.25588595867157,2454.7834618332126,-1,SELL / EXIT,1020,47
GVT&D.NS,2026-08-17,daily_1d,1,4279.40771484375,-1.7319785431027412,4205.289291450773,-1,SELL / EXIT,1021,47
GVT&D.NS,2026-08-17,weekly_5d,5,4279.40771484375,-3.2685842365026474,4139.531668860689,-1,SELL / EXIT,1021,47
GVT&D.NS,2026-08-17,monthly_20d,20,4279.40771484375,2.7903202921152115,4398.816896693379,1,BUY,1021,47
HAL.NS,2026-08-14,daily_1d,1,5029.89990234375,0.1927157281897962,5039.59331056777,0,HOLD,1020,47
HAL.NS,2026-08-14,weekly_5d,5,5029.89990234375,-0.887587945908308,4985.255117119294,-1,SELL / EXIT,1020,47
HAL.NS,2026-08-14,monthly_20d,20,5029.89990234375,-5.572940409183502,4749.586578144554,-1,SELL / EXIT,1020,47
HAPPSTMNDS.NS,2026-08-17,daily_1d,1,426.79998779296875,-1.5216507017612457,420.30558278360013,-1,SELL / EXIT,1021,47
HAPPSTMNDS.NS,2026-08-17,weekly_5d,5,426.79998779296875,0.39828382432460785,428.49986310656755,0,HOLD,1021,47
HAPPSTMNDS.NS,2026-08-17,monthly_20d,20,426.79998779296875,-19.81348991394043,342.2360152589099,-1,SELL / EXIT,1021,47
HAVELLS.NS,2026-08-14,daily_1d,1,1298.0,0.24570806417614222,1301.1892906730063,0,HOLD,1020,47
HAVELLS.NS,2026-08-14,weekly_5d,5,1298.0,-1.4069956727325916,1279.737196167931,-1,SELL / EXIT,1020,47
HAVELLS.NS,2026-08-14,monthly_20d,20,1298.0,-11.957650631666183,1142.789694800973,-1,SELL / EXIT,1020,47
HBLENGINE.NS,2026-08-17,daily_1d,1,673.6641845703125,-0.044537478243000805,673.3641515306786,0,HOLD,1021,47
HBLENGINE.NS,2026-08-17,weekly_5d,5,673.6641845703125,1.0103782638907433,680.4707410628278,1,BUY,1021,47
HBLENGINE.NS,2026-08-17,monthly_20d,20,673.6641845703125,6.647665053606033,718.4471231466532,1,BUY,1021,47
HCLTECH.NS,2026-08-17,daily_1d,1,1325.0,-0.5632475018501282,1317.5369706004858,-1,SELL / EXIT,1021,47
HCLTECH.NS,2026-08-17,weekly_5d,5,1325.0,1.300748810172081,1342.23492173478,1,BUY,1021,47
HCLTECH.NS,2026-08-17,monthly_20d,20,1325.0,-2.6772743090987206,1289.526115404442,-1,SELL / EXIT,1021,47
HDFCAMC.NS,2026-08-14,daily_1d,1,2485.0,0.9550080634653568,2508.731950377114,1,BUY,1020,47
HDFCAMC.NS,2026-08-14,weekly_5d,5,2485.0,4.518940672278404,2597.2956757061183,1,BUY,1020,47
HDFCAMC.NS,2026-08-14,monthly_20d,20,2485.0,2.262311987578869,2541.218452891335,1,BUY,1020,47
HDFCBANK.NS,2026-08-17,daily_1d,1,729.0,-0.22123041562736034,727.3872302700765,0,HOLD,1021,47
HDFCBANK.NS,2026-08-17,weekly_5d,5,729.0,-0.1455760793760419,727.9387503813487,0,HOLD,1021,47
HDFCBANK.NS,2026-08-17,monthly_20d,20,729.0,-1.431629341095686,718.5634221034124,-1,SELL / EXIT,1021,47
HDFCLIFE.NS,2026-08-17,daily_1d,1,543.0,-0.07929331040941179,542.5694373244769,0,HOLD,1021,47
HDFCLIFE.NS,2026-08-17,weekly_5d,5,543.0,1.2174589559435844,549.6108021307737,1,BUY,1021,47
HDFCLIFE.NS,2026-08-17,monthly_20d,20,543.0,-1.6060909256339073,534.2789262738079,-1,SELL / EXIT,1021,47
HEG.NS,2026-08-17,daily_1d,1,698.2999877929688,2.401193603873253,715.0675224357012,1,BUY,1021,47
HEG.NS,2026-08-17,weekly_5d,5,698.2999877929688,1.959289237856865,711.9817043017522,1,BUY,1021,47
HEG.NS,2026-08-17,monthly_20d,20,698.2999877929688,-63.28461766242981,256.38351038139444,-1,SELL / EXIT,1021,47
HEROMOTOCO.NS,2026-08-17,daily_1d,1,5745.0,-0.29103022534400225,5728.280313553987,-1,SELL / EXIT,1021,47
HEROMOTOCO.NS,2026-08-17,weekly_5d,5,5745.0,-1.324999239295721,5668.878793702461,-1,SELL / EXIT,1021,47
HEROMOTOCO.NS,2026-08-17,monthly_20d,20,5745.0,-9.45301279425621,5201.924414969981,-1,SELL / EXIT,1021,47
HFCL.NS,2026-08-17,daily_1d,1,219.5,1.5482733026146889,222.89845989923924,1,BUY,1021,47
HFCL.NS,2026-08-17,weekly_5d,5,219.5,4.322484135627747,228.9878526777029,1,BUY,1021,47
HFCL.NS,2026-08-17,monthly_20d,20,219.5,1.5453046187758446,222.89194363821298,1,BUY,1021,47
HINDALCO.NS,2026-08-14,daily_1d,1,1029.5,0.8753097616136074,1038.511313995812,1,BUY,1020,47
HINDALCO.NS,2026-08-14,weekly_5d,5,1029.5,0.8432948961853981,1038.1817209562287,1,BUY,1020,47
HINDALCO.NS,2026-08-14,monthly_20d,20,1029.5,-3.69647778570652,991.4447611961514,-1,SELL / EXIT,1020,47
HINDCOPPER.NS,2026-08-17,daily_1d,1,572.6500244140625,-0.9022864513099194,567.4830808303515,-1,SELL / EXIT,1021,47
HINDCOPPER.NS,2026-08-17,weekly_5d,5,572.6500244140625,1.5453049913048744,581.4992138240416,1,BUY,1021,47
HINDCOPPER.NS,2026-08-17,monthly_20d,20,572.6500244140625,-8.11220109462738,526.195502865161,-1,SELL / EXIT,1021,47
HINDPETRO.NS,2026-08-17,daily_1d,1,371.0,-0.7381798699498177,368.2613526824862,-1,SELL / EXIT,1021,47
HINDPETRO.NS,2026-08-17,weekly_5d,5,371.0,-0.6009964272379875,368.77030325494707,-1,SELL / EXIT,1021,47
HINDPETRO.NS,2026-08-17,monthly_20d,20,371.0,-3.0375082045793533,359.7308445610106,-1,SELL / EXIT,1021,47
HINDUNILVR.NS,2026-08-14,daily_1d,1,2077.0,-0.14655208215117455,2073.95611325372,0,HOLD,1020,47
HINDUNILVR.NS,2026-08-14,weekly_5d,5,2077.0,-1.6943257302045822,2041.8088545836508,-1,SELL / EXIT,1020,47
HINDUNILVR.NS,2026-08-14,monthly_20d,20,2077.0,-5.963654816150665,1953.1348894685507,-1,SELL / EXIT,1020,47
HINDZINC.NS,2026-08-17,daily_1d,1,567.5,-0.589219992980361,564.1561765398365,-1,SELL / EXIT,1021,47
HINDZINC.NS,2026-08-17,weekly_5d,5,567.5,4.2967889457941055,591.8842772673815,1,BUY,1021,47
HINDZINC.NS,2026-08-17,monthly_20d,20,567.5,1.4715611934661865,575.8511097729206,1,BUY,1021,47
HOMEFIRST.NS,2026-08-14,daily_1d,1,1176.5,0.1258291769772768,1177.9803802671377,0,HOLD,1019,47
HOMEFIRST.NS,2026-08-14,weekly_5d,5,1176.5,0.231443764641881,1179.2229358910117,0,HOLD,1019,47
HOMEFIRST.NS,2026-08-14,monthly_20d,20,1176.5,1.173944678157568,1190.3114591385238,0,HOLD,1019,47
HONASA.NS,2026-08-17,daily_1d,1,478.6697998046875,-0.9095115587115288,474.31624264740253,-1,SELL / EXIT,488,47
HONASA.NS,2026-08-17,weekly_5d,5,478.6697998046875,1.777874119579792,487.17994629365944,1,BUY,488,47
HONASA.NS,2026-08-17,monthly_20d,20,478.6697998046875,-3.75751331448555,460.68371834460504,-1,SELL / EXIT,488,47
HONAUT.NS,2026-08-14,daily_1d,1,37205.0,-0.9284337982535362,36859.57620535977,-1,SELL / EXIT,1018,47
HONAUT.NS,2026-08-14,weekly_5d,5,37205.0,-1.2169353663921356,36752.239196933806,-1,SELL / EXIT,1018,47
HONAUT.NS,2026-08-14,monthly_20d,20,37205.0,-7.251198589801788,34507.191564664245,-1,SELL / EXIT,1018,47
HSCL.NS,2026-08-17,daily_1d,1,787.4000244140625,-0.2640786115080118,785.3206693625762,-1,SELL / EXIT,1021,47
HSCL.NS,2026-08-17,weekly_5d,5,787.4000244140625,-12.207020819187164,691.2819395035531,-1,SELL / EXIT,1021,47
HSCL.NS,2026-08-17,monthly_20d,20,787.4000244140625,-15.277287364006042,667.1066599800724,-1,SELL / EXIT,1021,47
HUDCO.NS,2026-08-17,daily_1d,1,189.00999450683594,-0.2911461750045419,188.459699137453,-1,SELL / EXIT,1021,47
HUDCO.NS,2026-08-17,weekly_5d,5,189.00999450683594,-0.3198967780917883,188.4053576241371,0,HOLD,1021,47
HUDCO.NS,2026-08-17,monthly_20d,20,189.00999450683594,-7.7050551772117615,174.4466701396393,-1,SELL / EXIT,1021,47
ICICIBANK.NS,2026-08-17,daily_1d,1,1415.300048828125,-0.33071539364755154,1410.619433700349,-1,SELL / EXIT,1021,47
ICICIBANK.NS,2026-08-17,weekly_5d,5,1415.300048828125,-0.39283614605665207,1409.7402386611707,0,HOLD,1021,47
ICICIBANK.NS,2026-08-17,monthly_20d,20,1415.300048828125,-3.1763803213834763,1370.3447365886177,-1,SELL / EXIT,1021,47
ICICIGI.NS,2026-08-14,daily_1d,1,1630.0,-0.12069866061210632,1628.0326118320227,0,HOLD,1020,47
ICICIGI.NS,2026-08-14,weekly_5d,5,1630.0,-0.2611089264973998,1625.7439244980924,0,HOLD,1020,47
ICICIGI.NS,2026-08-14,monthly_20d,20,1630.0,-9.943559020757675,1467.91998796165,-1,SELL / EXIT,1020,47
ICICIPRULI.NS,2026-08-14,daily_1d,1,509.1499938964844,0.07764998590573668,509.5453487949841,0,HOLD,1020,47
ICICIPRULI.NS,2026-08-14,weekly_5d,5,509.1499938964844,0.3174998564645648,510.76654439629505,0,HOLD,1020,47
ICICIPRULI.NS,2026-08-14,monthly_20d,20,509.1499938964844,-6.521353125572205,475.9465248556653,-1,SELL / EXIT,1020,47
IDBI.NS,2026-08-17,daily_1d,1,82.18000030517578,-0.40461448952555656,81.84748811644889,-1,SELL / EXIT,1021,47
IDBI.NS,2026-08-17,weekly_5d,5,82.18000030517578,3.1360268592834473,84.75718718770531,1,BUY,1021,47
IDBI.NS,2026-08-17,monthly_20d,20,82.18000030517578,2.330337278544903,84.09507148779561,1,BUY,1021,47
IDEA.NS,2026-08-17,daily_1d,1,13.710000038146973,1.8467806279659271,13.963193662945592,1,BUY,1021,47
IDEA.NS,2026-08-17,weekly_5d,5,13.710000038146973,2.3652028292417526,14.03426934693827,1,BUY,1021,47
IDEA.NS,2026-08-17,monthly_20d,20,13.710000038146973,4.837729409337044,14.373252742012529,1,BUY,1021,47
IDFCFIRSTB.NS,2026-08-17,daily_1d,1,85.05000305175781,-0.1709235948510468,84.90463252912082,0,HOLD,1021,47
IDFCFIRSTB.NS,2026-08-17,weekly_5d,5,85.05000305175781,-0.4107892047613859,84.70062682057196,0,HOLD,1021,47
IDFCFIRSTB.NS,2026-08-17,monthly_20d,20,85.05000305175781,0.891922228038311,85.8085829339237,0,HOLD,1021,47
IEX.NS,2026-08-17,daily_1d,1,125.30000305175781,0.21392172202467918,125.56804697598311,0,HOLD,1021,47
IEX.NS,2026-08-17,weekly_5d,5,125.30000305175781,-1.6546281054615974,123.22675398511919,-1,SELL / EXIT,1021,47
IEX.NS,2026-08-17,monthly_20d,20,125.30000305175781,-8.217892050743103,115.00298406138654,-1,SELL / EXIT,1021,47
IFCI.NS,2026-08-17,daily_1d,1,78.93000030517578,1.3622201979160309,80.00520071154807,1,BUY,1021,47
IFCI.NS,2026-08-17,weekly_5d,5,78.93000030517578,1.9114216789603233,80.43868544221236,1,BUY,1021,47
IFCI.NS,2026-08-17,monthly_20d,20,78.93000030517578,-3.1210264191031456,76.46657414305305,-1,SELL / EXIT,1021,47
IGL.NS,2026-08-14,daily_1d,1,151.6999969482422,-0.14392987359315157,151.48165533439376,0,HOLD,1020,47
IGL.NS,2026-08-14,weekly_5d,5,151.6999969482422,-0.8852796629071236,150.35702772662867,-1,SELL / EXIT,1020,47
IGL.NS,2026-08-14,monthly_20d,20,151.6999969482422,0.09599493350833654,151.8456212594448,0,HOLD,1020,47
IIFL.NS,2026-08-17,daily_1d,1,630.0499877929688,0.6089879665523767,633.8869164018927,1,BUY,1021,47
IIFL.NS,2026-08-17,weekly_5d,5,630.0499877929688,5.896800383925438,667.2027778920667,1,BUY,1021,47
IIFL.NS,2026-08-17,monthly_20d,20,630.0499877929688,-4.369625076651573,602.519165530927,-1,SELL / EXIT,1021,47
INDGN.NS,2026-08-17,daily_1d,1,561.75,1.0638878680765629,567.7263900989201,1,BUY,366,47
INDGN.NS,2026-08-17,weekly_5d,5,561.75,0.4644043277949095,564.3587913113879,0,HOLD,366,47
INDGN.NS,2026-08-17,monthly_20d,20,561.75,2.1053846925497055,573.576998510398,1,BUY,366,47
INDHOTEL.NS,2026-08-17,daily_1d,1,720.0,-0.10316983098164201,719.2571772169322,0,HOLD,1021,47
INDHOTEL.NS,2026-08-17,weekly_5d,5,720.0,1.7086949199438095,732.3026034235954,1,BUY,1021,47
INDHOTEL.NS,2026-08-17,monthly_20d,20,720.0,-0.1847328618168831,718.6699233949184,0,HOLD,1021,47
INDIACEM.NS,2026-08-14,daily_1d,1,375.29998779296875,0.4222041927278042,376.8845200767376,1,BUY,1020,47
INDIACEM.NS,2026-08-14,weekly_5d,5,375.29998779296875,0.26489340234547853,376.2941326996357,0,HOLD,1020,47
INDIACEM.NS,2026-08-14,monthly_20d,20,375.29998779296875,-7.14603066444397,348.4809355816287,-1,SELL / EXIT,1020,47
INDIAMART.NS,2026-08-14,daily_1d,1,1789.9000244140625,-0.7776567712426186,1775.9807456757333,-1,SELL / EXIT,1020,47
INDIAMART.NS,2026-08-14,weekly_5d,5,1789.9000244140625,-2.123347669839859,1751.8942239532034,-1,SELL / EXIT,1020,47
INDIAMART.NS,2026-08-14,monthly_20d,20,1789.9000244140625,-5.228784307837486,1696.3100128115207,-1,SELL / EXIT,1020,47
INDIANB.NS,2026-08-14,daily_1d,1,894.9500122070312,-1.4616812579333782,881.8686956107285,-1,SELL / EXIT,1020,47
INDIANB.NS,2026-08-14,weekly_5d,5,894.9500122070312,-2.784605883061886,870.0291815166512,-1,SELL / EXIT,1020,47
INDIANB.NS,2026-08-14,monthly_20d,20,894.9500122070312,-6.029761582612991,840.9866601873814,-1,SELL / EXIT,1020,47
INDIGO.NS,2026-08-14,daily_1d,1,5310.0,-0.06872948724776506,5306.350464227144,0,HOLD,1019,47
INDIGO.NS,2026-08-14,weekly_5d,5,5310.0,-2.2998785600066185,5187.876448463649,-1,SELL / EXIT,1019,47
INDIGO.NS,2026-08-14,monthly_20d,20,5310.0,-6.838664412498474,4946.866919696331,-1,SELL / EXIT,1019,47
INDUSINDBK.NS,2026-08-17,daily_1d,1,1010.5999755859375,0.5393441300839186,1016.0505872328897,1,BUY,1021,47
INDUSINDBK.NS,2026-08-17,weekly_5d,5,1010.5999755859375,0.5017843563109636,1015.6710081683102,1,BUY,1021,47
INDUSINDBK.NS,2026-08-17,monthly_20d,20,1010.5999755859375,-2.3062368854880333,987.2931461842416,-1,SELL / EXIT,1021,47
INDUSTOWER.NS,2026-08-17,daily_1d,1,380.0,-1.0620040819048882,375.9643844887614,-1,SELL / EXIT,1021,47
INDUSTOWER.NS,2026-08-17,weekly_5d,5,380.0,-0.7140849251300097,377.28647728450596,-1,SELL / EXIT,1021,47
INDUSTOWER.NS,2026-08-17,monthly_20d,20,380.0,-0.13774720719084144,379.4765606126748,0,HOLD,1021,47
INFY.NS,2026-08-17,daily_1d,1,1139.9000244140625,-1.613173633813858,1121.511457768377,-1,SELL / EXIT,1021,47
INFY.NS,2026-08-17,weekly_5d,5,1139.9000244140625,-0.7935658097267151,1130.854167555246,-1,SELL / EXIT,1021,47
INFY.NS,2026-08-17,monthly_20d,20,1139.9000244140625,-5.562064424157143,1076.4980506851693,-1,SELL / EXIT,1021,47
INOXINDIA.NS,2026-08-17,daily_1d,1,1950.800048828125,0.5484547931700945,1961.4993052010873,1,BUY,458,47
INOXINDIA.NS,2026-08-17,weekly_5d,5,1950.800048828125,-0.01616191293578595,1950.484762222682,0,HOLD,458,47
INOXINDIA.NS,2026-08-17,monthly_20d,20,1950.800048828125,5.9538573026657104,2066.9478999956846,1,BUY,458,47
INOXWIND.NS,2026-08-17,daily_1d,1,78.12999725341797,-2.427130565047264,76.23368020960967,-1,SELL / EXIT,1021,47
INOXWIND.NS,2026-08-17,weekly_5d,5,78.12999725341797,-3.782990574836731,75.17434682120097,-1,SELL / EXIT,1021,47
INOXWIND.NS,2026-08-17,monthly_20d,20,78.12999725341797,-4.595267027616501,74.53971525095398,-1,SELL / EXIT,1021,47
INTELLECT.NS,2026-08-17,daily_1d,1,695.4500122070312,-0.16160118393599987,694.3261567536216,0,HOLD,1021,47
INTELLECT.NS,2026-08-17,weekly_5d,5,695.4500122070312,-0.32809299882501364,693.1682894066523,0,HOLD,1021,47
INTELLECT.NS,2026-08-17,monthly_20d,20,695.4500122070312,-1.970214769244194,681.7481533538178,-1,SELL / EXIT,1021,47
IOB.NS,2026-08-17,daily_1d,1,33.65999984741211,-0.06172707653604448,33.63922251354426,0,HOLD,1021,47
IOB.NS,2026-08-17,weekly_5d,5,33.65999984741211,-0.32967724837362766,33.54903048611259,0,HOLD,1021,47
IOB.NS,2026-08-17,monthly_20d,20,33.65999984741211,-2.2218381986021996,32.912129113152865,-1,SELL / EXIT,1021,47
IOC.NS,2026-08-17,daily_1d,1,138.61000061035156,-0.48836320638656616,137.9330803669984,-1,SELL / EXIT,1021,47
IOC.NS,2026-08-17,weekly_5d,5,138.61000061035156,0.3159688087180257,139.04796497804415,0,HOLD,1021,47
IOC.NS,2026-08-17,monthly_20d,20,138.61000061035156,-1.0195334441959858,137.19682529712878,0,HOLD,1021,47
IPCALAB.NS,2026-08-17,daily_1d,1,1884.5999755859375,-0.3995248582214117,1877.070530205437,-1,SELL / EXIT,1020,47
IPCALAB.NS,2026-08-17,weekly_5d,5,1884.5999755859375,1.6039453446865082,1914.8279291603112,1,BUY,1020,47
IPCALAB.NS,2026-08-17,monthly_20d,20,1884.5999755859375,2.3154018446803093,1928.236038185499,1,BUY,1020,47
IRB.NS,2026-08-17,daily_1d,1,19.170000076293945,-0.4722520709037781,19.07946935394139,-1,SELL / EXIT,1021,47
IRB.NS,2026-08-17,weekly_5d,5,19.170000076293945,-1.5420028939843178,18.874398120340697,-1,SELL / EXIT,1021,47
IRB.NS,2026-08-17,monthly_20d,20,19.170000076293945,0.8838342502713203,19.33943110274527,0,HOLD,1021,47
IRCON.NS,2026-08-17,daily_1d,1,124.56999969482422,-0.052980962209403515,124.50400131036164,0,HOLD,1021,47
IRCON.NS,2026-08-17,weekly_5d,5,124.56999969482422,0.13330642832443118,124.73605951218114,0,HOLD,1021,47
IRCON.NS,2026-08-17,monthly_20d,20,124.56999969482422,-6.752181798219681,116.15880684938799,-1,SELL / EXIT,1021,47
IRCTC.NS,2026-08-14,daily_1d,1,497.5,-0.041370897088199854,497.2941797869862,0,HOLD,1020,47
IRCTC.NS,2026-08-14,weekly_5d,5,497.5,-1.7450353130698204,488.81844931747764,-1,SELL / EXIT,1020,47
IRCTC.NS,2026-08-14,monthly_20d,20,497.5,-6.194811686873436,466.68081185780466,-1,SELL / EXIT,1020,47
IREDA.NS,2026-08-17,daily_1d,1,116.0766372680664,-0.5776884034276009,115.40607599548007,-1,SELL / EXIT,475,47
IREDA.NS,2026-08-17,weekly_5d,5,116.0766372680664,-0.9142155759036541,115.01544657017655,-1,SELL / EXIT,475,47
IREDA.NS,2026-08-17,monthly_20d,20,116.0766372680664,-4.005188494920731,111.42754914691494,-1,SELL / EXIT,475,47
IRFC.NS,2026-08-14,daily_1d,1,87.56999969482422,-0.3818565048277378,87.2356079547119,-1,SELL / EXIT,1020,47
IRFC.NS,2026-08-14,weekly_5d,5,87.56999969482422,-1.1155801825225353,86.59308613239372,-1,SELL / EXIT,1020,47
IRFC.NS,2026-08-14,monthly_20d,20,87.56999969482422,-6.749831140041351,81.65917258608886,-1,SELL / EXIT,1020,47
ITC.NS,2026-08-17,daily_1d,1,273.04998779296875,-0.3312471555545926,272.14551747516236,-1,SELL / EXIT,1021,47
ITC.NS,2026-08-17,weekly_5d,5,273.04998779296875,-0.32853311859071255,272.152928152761,0,HOLD,1021,47
ITC.NS,2026-08-17,monthly_20d,20,273.04998779296875,-4.034864529967308,262.0327906864302,-1,SELL / EXIT,1021,47
ITI.NS,2026-08-14,daily_1d,1,276.75,-0.6205289158970118,275.032686225255,-1,SELL / EXIT,1020,47
ITI.NS,2026-08-14,weekly_5d,5,276.75,-0.22040680050849915,276.14002417959273,0,HOLD,1020,47
ITI.NS,2026-08-14,monthly_20d,20,276.75,-4.179932922124863,265.18203563801944,-1,SELL / EXIT,1020,47
J&KBANK.NS,2026-08-14,daily_1d,1,155.47999572753906,-2.16343030333519,152.11629438434522,-1,SELL / EXIT,1020,47
J&KBANK.NS,2026-08-14,weekly_5d,5,155.47999572753906,-3.291534259915352,150.3623184008522,-1,SELL / EXIT,1020,47
J&KBANK.NS,2026-08-14,monthly_20d,20,155.47999572753906,-6.624564528465271,145.1801230817132,-1,SELL / EXIT,1020,47
JBMA.NS,2026-08-17,daily_1d,1,620.49169921875,-0.2919177059084177,618.6803740850385,-1,SELL / EXIT,1021,47
JBMA.NS,2026-08-17,weekly_5d,5,620.49169921875,3.7008583545684814,643.455218108691,1,BUY,1021,47
JBMA.NS,2026-08-17,monthly_20d,20,620.49169921875,-3.450438007712364,599.082017794206,-1,SELL / EXIT,1021,47
JINDALSAW.NS,2026-08-17,daily_1d,1,270.3999938964844,-0.6789674051105976,268.5640660745062,-1,SELL / EXIT,1021,47
JINDALSAW.NS,2026-08-17,weekly_5d,5,270.3999938964844,4.66889813542366,283.024694169703,1,BUY,1021,47
JINDALSAW.NS,2026-08-17,monthly_20d,20,270.3999938964844,10.328386723995209,298.3279509677727,1,BUY,1021,47
JINDALSTEL.NS,2026-08-14,daily_1d,1,1089.5489501953125,1.252274215221405,1103.193090760824,1,BUY,1020,47
JINDALSTEL.NS,2026-08-14,weekly_5d,5,1089.5489501953125,2.4593396112322807,1116.3446591112313,1,BUY,1020,47
JINDALSTEL.NS,2026-08-14,monthly_20d,20,1089.5489501953125,2.52718199044466,1117.0838350417273,1,BUY,1020,47
JIOFIN.NS,2026-08-14,daily_1d,1,249.0500030517578,-0.36060577258467674,248.15191436413085,-1,SELL / EXIT,541,47
JIOFIN.NS,2026-08-14,weekly_5d,5,249.0500030517578,-1.4332234859466553,245.48055991626916,-1,SELL / EXIT,541,47
JIOFIN.NS,2026-08-14,monthly_20d,20,249.0500030517578,-8.932756632566452,226.80297238574497,-1,SELL / EXIT,541,47
JKCEMENT.NS,2026-08-14,daily_1d,1,5306.5,-0.001286560291191563,5306.431728678148,0,HOLD,1020,47
JKCEMENT.NS,2026-08-14,weekly_5d,5,5306.5,0.08727475069463253,5311.131234645611,0,HOLD,1020,47
JKCEMENT.NS,2026-08-14,monthly_20d,20,5306.5,-6.422878056764603,4965.669975917786,-1,SELL / EXIT,1020,47
JKTYRE.NS,2026-08-14,daily_1d,1,384.1000061035156,-0.29534120112657547,382.96560053196225,-1,SELL / EXIT,1020,47
JKTYRE.NS,2026-08-14,weekly_5d,5,384.1000061035156,-1.8671449273824692,376.9283023234781,-1,SELL / EXIT,1020,47
JKTYRE.NS,2026-08-14,monthly_20d,20,384.1000061035156,-8.909936994314194,349.8769375645354,-1,SELL / EXIT,1020,47
JMFINANCIL.NS,2026-08-14,daily_1d,1,126.43000030517578,0.12269968865439296,126.58512952191597,0,HOLD,1020,47
JMFINANCIL.NS,2026-08-14,weekly_5d,5,126.43000030517578,0.9167175740003586,127.58900633678203,1,BUY,1020,47
JMFINANCIL.NS,2026-08-14,monthly_20d,20,126.43000030517578,-1.139595452696085,124.98920977085436,0,HOLD,1020,47
JPPOWER.NS,2026-08-17,daily_1d,1,17.389999389648438,-0.127615116070956,17.3678071217426,0,HOLD,1021,47
JPPOWER.NS,2026-08-17,weekly_5d,5,17.389999389648438,-1.185839343816042,17.183781934996617,-1,SELL / EXIT,1021,47
JPPOWER.NS,2026-08-17,monthly_20d,20,17.389999389648438,-7.547563314437866,16.077478175334363,-1,SELL / EXIT,1021,47
JSL.NS,2026-08-14,daily_1d,1,734.7687377929688,0.48736887983977795,738.3497719597632,1,BUY,1020,47
JSL.NS,2026-08-14,weekly_5d,5,734.7687377929688,-3.0137065798044205,712.6249639957562,-1,SELL / EXIT,1020,47
JSL.NS,2026-08-14,monthly_20d,20,734.7687377929688,0.5022553727030754,738.4591532554765,0,HOLD,1020,47
JSWENERGY.NS,2026-08-17,daily_1d,1,555.5,-0.272109336219728,553.9884326372994,-1,SELL / EXIT,1021,47
JSWENERGY.NS,2026-08-17,weekly_5d,5,555.5,-2.082783170044422,543.9301394904032,-1,SELL / EXIT,1021,47
JSWENERGY.NS,2026-08-17,monthly_20d,20,555.5,-6.1959560960531235,521.0814638864249,-1,SELL / EXIT,1021,47
JSWHL.NS,2026-08-14,daily_1d,1,11874.0,-0.3403921611607075,11833.581834783778,-1,SELL / EXIT,1020,47
JSWHL.NS,2026-08-14,weekly_5d,5,11874.0,-2.8605440631508827,11534.338997941464,-1,SELL / EXIT,1020,47
JSWHL.NS,2026-08-14,monthly_20d,20,11874.0,-5.86453340947628,11177.645302958786,-1,SELL / EXIT,1020,47
JSWINFRA.NS,2026-08-17,daily_1d,1,335.3999938964844,-1.8944872543215752,329.04588376112014,-1,SELL / EXIT,513,47
JSWINFRA.NS,2026-08-17,weekly_5d,5,335.3999938964844,-0.20166626200079918,334.72360526604245,0,HOLD,513,47
JSWINFRA.NS,2026-08-17,monthly_20d,20,335.3999938964844,-1.1030510067939758,331.70036088702227,0,HOLD,513,47
JSWSTEEL.NS,2026-08-17,daily_1d,1,1277.800048828125,-0.34121405333280563,1273.44001548803,-1,SELL / EXIT,1021,47
JSWSTEEL.NS,2026-08-17,weekly_5d,5,1277.800048828125,1.4571809209883213,1296.419907348028,1,BUY,1021,47
JSWSTEEL.NS,2026-08-17,monthly_20d,20,1277.800048828125,-1.7214063555002213,1255.8039175770127,-1,SELL / EXIT,1021,47
JUBLFOOD.NS,2026-08-17,daily_1d,1,511.5,-1.2236145325005054,505.2412116662599,-1,SELL / EXIT,1021,47
JUBLFOOD.NS,2026-08-17,weekly_5d,5,511.5,0.6710672285407782,514.9325088739861,1,BUY,1021,47
JUBLFOOD.NS,2026-08-17,monthly_20d,20,511.5,-4.989618808031082,485.978099796921,-1,SELL / EXIT,1021,47
JUBLINGREA.NS,2026-08-17,daily_1d,1,732.7999877929688,-0.8319241926074028,726.703647411095,-1,SELL / EXIT,1021,47
JUBLINGREA.NS,2026-08-17,weekly_5d,5,732.7999877929688,-4.698893800377846,698.3664945973953,-1,SELL / EXIT,1021,47
JUBLINGREA.NS,2026-08-17,monthly_20d,20,732.7999877929688,-12.313051521778107,642.5699477444368,-1,SELL / EXIT,1021,47
JUBLPHARMA.NS,2026-08-17,daily_1d,1,866.9500122070312,-0.19510731799528003,865.2585292898543,0,HOLD,1020,47
JUBLPHARMA.NS,2026-08-17,weekly_5d,5,866.9500122070312,2.848830632865429,891.6479497264157,1,BUY,1020,47
JUBLPHARMA.NS,2026-08-17,monthly_20d,20,866.9500122070312,15.102702379226685,997.8828923273286,1,BUY,1020,47
JUSTDIAL.NS,2026-08-14,daily_1d,1,681.0,-0.3484436543658376,678.6270987137686,-1,SELL / EXIT,1020,47
JUSTDIAL.NS,2026-08-14,weekly_5d,5,681.0,-1.446516066789627,671.1492255851626,-1,SELL / EXIT,1020,47
JUSTDIAL.NS,2026-08-14,monthly_20d,20,681.0,-2.6847608387470245,662.7167786881328,-1,SELL / EXIT,1020,47
JWL.NS,2026-08-17,daily_1d,1,252.64999389648438,-0.5768963135778904,251.1924653954408,-1,SELL / EXIT,1021,47
JWL.NS,2026-08-17,weekly_5d,5,252.64999389648438,-0.5424967966973782,251.27937577273983,-1,SELL / EXIT,1021,47
JWL.NS,2026-08-17,monthly_20d,20,252.64999389648438,-5.258240923285484,239.36504852474116,-1,SELL / EXIT,1021,47
JYOTHYLAB.NS,2026-08-17,daily_1d,1,213.92999267578125,-0.5438418593257666,212.7665518259578,-1,SELL / EXIT,1021,47
JYOTHYLAB.NS,2026-08-17,weekly_5d,5,213.92999267578125,0.22983690723776817,214.42168275460125,0,HOLD,1021,47
JYOTHYLAB.NS,2026-08-17,monthly_20d,20,213.92999267578125,-6.091634556651115,200.89815931490216,-1,SELL / EXIT,1021,47
JYOTICNC.NS,2026-08-17,daily_1d,1,857.9500122070312,6.034901738166809,909.7264524063157,1,BUY,442,47
JYOTICNC.NS,2026-08-17,weekly_5d,5,857.9500122070312,14.006654918193817,978.1201097874718,1,BUY,442,47
JYOTICNC.NS,2026-08-17,monthly_20d,20,857.9500122070312,13.185496628284454,971.0749821389554,1,BUY,442,47
KAJARIACER.NS,2026-08-17,daily_1d,1,1251.5999755859375,-0.7396307308226824,1242.3427575395347,-1,SELL / EXIT,1021,47
KAJARIACER.NS,2026-08-17,weekly_5d,5,1251.5999755859375,-1.9337443634867668,1227.3972316046427,-1,SELL / EXIT,1021,47
KAJARIACER.NS,2026-08-17,monthly_20d,20,1251.5999755859375,-2.411123737692833,1221.4223514736273,-1,SELL / EXIT,1021,47
KALYANKJIL.NS,2026-08-14,daily_1d,1,605.7782592773438,0.568602979183197,609.2227325068388,1,BUY,1020,47
KALYANKJIL.NS,2026-08-14,weekly_5d,5,605.7782592773438,-0.2700704149901867,604.1422314185932,0,HOLD,1020,47
KALYANKJIL.NS,2026-08-14,monthly_20d,20,605.7782592773438,0.3281111130490899,607.7658850664681,0,HOLD,1020,47
KANSAINER.NS,2026-08-14,daily_1d,1,204.75,0.4421836230903864,205.65537096827757,1,BUY,1018,47
KANSAINER.NS,2026-08-14,weekly_5d,5,204.75,0.3766450798138976,205.52118080091896,0,HOLD,1018,47
KANSAINER.NS,2026-08-14,monthly_20d,20,204.75,-7.603997737169266,189.18081463314593,-1,SELL / EXIT,1018,47
KARURVYSYA.NS,2026-08-17,daily_1d,1,334.0,0.4092704504728317,335.36696330457926,1,BUY,1021,47
KARURVYSYA.NS,2026-08-17,weekly_5d,5,334.0,1.5666093677282333,339.2324752882123,1,BUY,1021,47
KARURVYSYA.NS,2026-08-17,monthly_20d,20,334.0,-1.7880065366625786,328.028058167547,-1,SELL / EXIT,1021,47
KAYNES.NS,2026-08-14,daily_1d,1,3660.199951171875,-0.4948860500007868,3642.0861322113897,-1,SELL / EXIT,726,47
KAYNES.NS,2026-08-14,weekly_5d,5,3660.199951171875,4.945863038301468,3841.228427684813,1,BUY,726,47
KAYNES.NS,2026-08-14,monthly_20d,20,3660.199951171875,-6.260664761066437,3431.0471026442865,-1,SELL / EXIT,726,47
KEC.NS,2026-08-17,daily_1d,1,436.3500061035156,-0.4951277282088995,434.1895162312559,-1,SELL / EXIT,1021,47
KEC.NS,2026-08-17,weekly_5d,5,436.3500061035156,-0.1443132641725242,435.72029516649064,0,HOLD,1021,47
KEC.NS,2026-08-17,monthly_20d,20,436.3500061035156,-5.889247357845306,410.6522748981065,-1,SELL / EXIT,1021,47
KEI.NS,2026-08-17,daily_1d,1,5873.0,-0.9267787449061871,5818.57028431166,-1,SELL / EXIT,1021,47
KEI.NS,2026-08-17,weekly_5d,5,5873.0,-5.373920500278473,5557.389649018645,-1,SELL / EXIT,1021,47
KEI.NS,2026-08-17,monthly_20d,20,5873.0,-20.842377841472626,4648.927149370313,-1,SELL / EXIT,1021,47
KFINTECH.NS,2026-08-17,daily_1d,1,973.0,-0.8307237178087234,964.9170582257211,-1,SELL / EXIT,700,47
KFINTECH.NS,2026-08-17,weekly_5d,5,973.0,-0.13573563192039728,971.6792923014145,0,HOLD,700,47
KFINTECH.NS,2026-08-17,monthly_20d,20,973.0,-7.889416813850403,896.2359744012356,-1,SELL / EXIT,700,47
KIMS.NS,2026-08-14,daily_1d,1,809.0999755859375,0.10971121955662966,809.9876490365853,0,HOLD,1020,47
KIMS.NS,2026-08-14,weekly_5d,5,809.0999755859375,-1.62776168435812,795.9297561951987,-1,SELL / EXIT,1020,47
KIMS.NS,2026-08-14,monthly_20d,20,809.0999755859375,-4.200512543320656,775.1136296234458,-1,SELL / EXIT,1020,47
KIRLOSBROS.NS,2026-08-14,daily_1d,1,1905.5,0.8610867895185947,1921.9080087742768,1,BUY,1020,47
KIRLOSBROS.NS,2026-08-14,weekly_5d,5,1905.5,0.35558321978896856,1912.2756382530788,0,HOLD,1020,47
KIRLOSBROS.NS,2026-08-14,monthly_20d,20,1905.5,-6.948356330394745,1773.0990701243281,-1,SELL / EXIT,1020,47
KIRLOSENG.NS,2026-08-14,daily_1d,1,2100.10009765625,-0.3351372666656971,2093.061879591721,-1,SELL / EXIT,1019,47
KIRLOSENG.NS,2026-08-14,weekly_5d,5,2100.10009765625,1.0158571414649487,2121.4341144762034,1,BUY,1019,47
KIRLOSENG.NS,2026-08-14,monthly_20d,20,2100.10009765625,-0.20447273273020983,2095.8059655965026,0,HOLD,1019,47
KNRCON.NS,2026-08-17,daily_1d,1,134.60000610351562,-1.767800748348236,132.2205461883409,-1,SELL / EXIT,1021,47
KNRCON.NS,2026-08-17,weekly_5d,5,134.60000610351562,-4.3372392654418945,128.76208178750676,-1,SELL / EXIT,1021,47
KNRCON.NS,2026-08-17,monthly_20d,20,134.60000610351562,-8.357373625040054,123.3509806941181,-1,SELL / EXIT,1021,47
KOTAKBANK.NS,2026-08-17,daily_1d,1,392.70001220703125,-0.13459458714351058,392.1714592468887,0,HOLD,1021,47
KOTAKBANK.NS,2026-08-17,weekly_5d,5,392.70001220703125,1.8686175346374512,400.03807349365525,1,BUY,1021,47
KOTAKBANK.NS,2026-08-17,monthly_20d,20,392.70001220703125,5.370685830712318,413.7906961198398,1,BUY,1021,47
KPIL.NS,2026-08-14,daily_1d,1,1352.199951171875,1.7305528745055199,1375.6004862959421,1,BUY,1019,47
KPIL.NS,2026-08-14,weekly_5d,5,1352.199951171875,1.8810397014021873,1377.635369095759,1,BUY,1019,47
KPIL.NS,2026-08-14,monthly_20d,20,1352.199951171875,1.8237259238958359,1376.8603722243033,1,BUY,1019,47
KPITTECH.NS,2026-08-17,daily_1d,1,609.0,-1.0682924650609493,602.4940988877788,-1,SELL / EXIT,1021,47
KPITTECH.NS,2026-08-17,weekly_5d,5,609.0,-3.234533593058586,589.3016904182732,-1,SELL / EXIT,1021,47
KPITTECH.NS,2026-08-17,monthly_20d,20,609.0,-7.495582103729248,563.3519049882889,-1,SELL / EXIT,1021,47
KPRMILL.NS,2026-08-14,daily_1d,1,1110.0,1.5600211918354034,1127.316235229373,1,BUY,1020,47
KPRMILL.NS,2026-08-14,weekly_5d,5,1110.0,3.870758041739464,1152.965414263308,1,BUY,1020,47
KPRMILL.NS,2026-08-14,monthly_20d,20,1110.0,1.070244051516056,1121.8797089718282,0,HOLD,1020,47
LALPATHLAB.NS,2026-08-14,daily_1d,1,1916.300048828125,-0.9477647021412849,1898.1380333782158,-1,SELL / EXIT,1020,47
LALPATHLAB.NS,2026-08-14,weekly_5d,5,1916.300048828125,-0.9915901347994804,1897.2982065907877,-1,SELL / EXIT,1020,47
LALPATHLAB.NS,2026-08-14,monthly_20d,20,1916.300048828125,0.8148180320858955,1931.9144071748474,0,HOLD,1020,47
LATENTVIEW.NS,2026-08-14,daily_1d,1,285.20001220703125,-0.10347201023250818,284.9049100212173,0,HOLD,974,47
LATENTVIEW.NS,2026-08-14,weekly_5d,5,285.20001220703125,-2.004178985953331,279.4840934944416,-1,SELL / EXIT,974,47
LATENTVIEW.NS,2026-08-14,monthly_20d,20,285.20001220703125,-9.233006834983826,258.86747558658135,-1,SELL / EXIT,974,47
LAURUSLABS.NS,2026-08-14,daily_1d,1,1787.300048828125,1.056116633117199,1806.1760219275106,1,BUY,1020,47
LAURUSLABS.NS,2026-08-14,weekly_5d,5,1787.300048828125,1.8159642815589905,1819.7567793191301,1,BUY,1020,47
LAURUSLABS.NS,2026-08-14,monthly_20d,20,1787.300048828125,8.56752097606659,1940.427355416723,1,BUY,1020,47
LEMONTREE.NS,2026-08-14,daily_1d,1,108.91999816894531,0.016454534488730133,108.93792044760914,0,HOLD,1020,47
LEMONTREE.NS,2026-08-14,weekly_5d,5,108.91999816894531,-0.8607964031398296,107.98241874240706,-1,SELL / EXIT,1020,47
LEMONTREE.NS,2026-08-14,monthly_20d,20,108.91999816894531,-4.506910219788551,104.01107164007561,-1,SELL / EXIT,1020,47
LICHSGFIN.NS,2026-08-14,daily_1d,1,490.158447265625,-0.21292711608111858,489.1147670196343,0,HOLD,1020,47
LICHSGFIN.NS,2026-08-14,weekly_5d,5,490.158447265625,1.493215560913086,497.4775694733253,1,BUY,1020,47
LICHSGFIN.NS,2026-08-14,monthly_20d,20,490.158447265625,11.421218514442444,546.1405145948302,1,BUY,1020,47
LICI.NS,2026-08-17,daily_1d,1,410.0,-0.1871231710538268,409.2327949986793,0,HOLD,856,47
LICI.NS,2026-08-17,weekly_5d,5,410.0,2.1488508209586143,418.8102883659303,1,BUY,856,47
LICI.NS,2026-08-17,monthly_20d,20,410.0,-2.764713577926159,398.66467433050275,-1,SELL / EXIT,856,47
LINDEINDIA.NS,2026-08-14,daily_1d,1,6696.0,-0.2618614351376891,6678.46575830318,-1,SELL / EXIT,1019,47
LINDEINDIA.NS,2026-08-14,weekly_5d,5,6696.0,-0.11967469472438097,6687.986582441255,0,HOLD,1019,47
LINDEINDIA.NS,2026-08-14,monthly_20d,20,6696.0,-6.702760607004166,6247.183149755001,-1,SELL / EXIT,1019,47
LLOYDSME.NS,2026-08-17,daily_1d,1,1942.0,-0.084543542470783,1940.3581644052174,0,HOLD,566,47
LLOYDSME.NS,2026-08-17,weekly_5d,5,1942.0,-3.7832655012607574,1868.528983965516,-1,SELL / EXIT,566,47
LLOYDSME.NS,2026-08-17,monthly_20d,20,1942.0,-7.675642520189285,1792.939022257924,-1,SELL / EXIT,566,47
LODHA.NS,2026-08-14,daily_1d,1,1243.9000244140625,0.586313521489501,1251.1931784510134,1,BUY,1020,47
LODHA.NS,2026-08-14,weekly_5d,5,1243.9000244140625,0.08803581004031003,1244.9951018766471,0,HOLD,1020,47
LODHA.NS,2026-08-14,monthly_20d,20,1243.9000244140625,-7.583850622177124,1149.5645046732752,-1,SELL / EXIT,1020,47
LT.NS,2026-08-17,daily_1d,1,4086.699951171875,-0.4296419210731983,4069.1417749931625,-1,SELL / EXIT,1021,47
LT.NS,2026-08-17,weekly_5d,5,4086.699951171875,0.5966286640614271,4111.082374494751,1,BUY,1021,47
LT.NS,2026-08-17,monthly_20d,20,4086.699951171875,-3.7489667534828186,3933.490928687843,-1,SELL / EXIT,1021,47
LTF.NS,2026-08-17,daily_1d,1,315.0,1.5787923708558083,319.9731959681958,1,BUY,1021,47
LTF.NS,2026-08-17,weekly_5d,5,315.0,-0.03672972379717976,314.8843013700389,0,HOLD,1021,47
LTF.NS,2026-08-17,monthly_20d,20,315.0,-3.5538341850042343,303.80542231723666,-1,SELL / EXIT,1021,47
LTFOODS.NS,2026-08-17,daily_1d,1,417.1499938964844,0.704093836247921,420.0871212914181,1,BUY,1021,47
LTFOODS.NS,2026-08-17,weekly_5d,5,417.1499938964844,4.099825397133827,434.25241529039465,1,BUY,1021,47
LTFOODS.NS,2026-08-17,monthly_20d,20,417.1499938964844,1.8437325954437256,424.84112430584537,1,BUY,1021,47
LTTS.NS,2026-08-14,daily_1d,1,3476.800048828125,1.0194036178290844,3512.2426743105625,1,BUY,1020,47
LTTS.NS,2026-08-14,weekly_5d,5,3476.800048828125,1.595131866633892,3532.259594346125,1,BUY,1020,47
LTTS.NS,2026-08-14,monthly_20d,20,3476.800048828125,-4.247661307454109,3329.117358416507,-1,SELL / EXIT,1020,47
LUPIN.NS,2026-08-17,daily_1d,1,2259.0,-0.12858211994171143,2256.0953299105167,0,HOLD,1021,47
LUPIN.NS,2026-08-17,weekly_5d,5,2259.0,-2.2225482389330864,2208.7926352825016,-1,SELL / EXIT,1021,47
LUPIN.NS,2026-08-17,monthly_20d,20,2259.0,-6.643866002559662,2108.9150670021772,-1,SELL / EXIT,1021,47
M&M.NS,2026-08-17,daily_1d,1,3390.39990234375,0.3316552843898535,3401.6443427818213,1,BUY,1021,47
M&M.NS,2026-08-17,weekly_5d,5,3390.39990234375,0.7189908530563116,3414.7765675236315,1,BUY,1021,47
M&M.NS,2026-08-17,monthly_20d,20,3390.39990234375,-7.211510092020035,3145.900871226393,-1,SELL / EXIT,1021,47
M&MFIN.NS,2026-08-17,daily_1d,1,388.8999938964844,-0.18039020942524076,388.19845638303974,0,HOLD,1021,47
M&MFIN.NS,2026-08-17,weekly_5d,5,388.8999938964844,-1.3162865303456783,383.7809556603098,-1,SELL / EXIT,1021,47
M&MFIN.NS,2026-08-17,monthly_20d,20,388.8999938964844,-10.011148452758789,349.96663817473745,-1,SELL / EXIT,1021,47
MAHABANK.NS,2026-08-17,daily_1d,1,81.0999984741211,-0.406261021271348,80.77052079206908,-1,SELL / EXIT,1021,47
MAHABANK.NS,2026-08-17,weekly_5d,5,81.0999984741211,0.03165985981468111,81.1256746199477,0,HOLD,1021,47
MAHABANK.NS,2026-08-17,monthly_20d,20,81.0999984741211,1.535660121589899,82.3454188092982,1,BUY,1021,47
MAHSEAMLES.NS,2026-08-14,daily_1d,1,603.2152099609375,0.6208653096109629,606.960363941882,1,BUY,1020,47
MAHSEAMLES.NS,2026-08-14,weekly_5d,5,603.2152099609375,1.4424323104321957,611.9161810508555,1,BUY,1020,47
MAHSEAMLES.NS,2026-08-14,monthly_20d,20,603.2152099609375,14.311200380325317,689.5425473830473,1,BUY,1020,47
MANAPPURAM.NS,2026-08-17,daily_1d,1,348.6000061035156,-0.5879807751625776,346.55030508541137,-1,SELL / EXIT,1021,47
MANAPPURAM.NS,2026-08-17,weekly_5d,5,348.6000061035156,1.8593506887555122,355.0817027180031,1,BUY,1021,47
MANAPPURAM.NS,2026-08-17,monthly_20d,20,348.6000061035156,-7.269132882356644,323.2598084319477,-1,SELL / EXIT,1021,47
MANKIND.NS,2026-08-14,daily_1d,1,2425.199951171875,-1.4007585123181343,2391.2287564150997,-1,SELL / EXIT,612,47
MANKIND.NS,2026-08-14,weekly_5d,5,2425.199951171875,-1.0282770730555058,2400.262176098221,-1,SELL / EXIT,612,47
MANKIND.NS,2026-08-14,monthly_20d,20,2425.199951171875,-5.443760007619858,2293.177886125164,-1,SELL / EXIT,612,47
MANYAVAR.NS,2026-08-14,daily_1d,1,528.75,1.12180570140481,534.6815476461779,1,BUY,913,47
MANYAVAR.NS,2026-08-14,weekly_5d,5,528.75,2.3634953424334526,541.2469816231169,1,BUY,913,47
MANYAVAR.NS,2026-08-14,monthly_20d,20,528.75,7.972941547632217,570.9069284331053,1,BUY,913,47
MAPMYINDIA.NS,2026-08-14,daily_1d,1,989.7000122070312,-0.4299493972212076,985.4448029702489,-1,SELL / EXIT,953,47
MAPMYINDIA.NS,2026-08-14,weekly_5d,5,989.7000122070312,-1.517854630947113,974.6778047392627,-1,SELL / EXIT,953,47
MAPMYINDIA.NS,2026-08-14,monthly_20d,20,989.7000122070312,-8.430757373571396,906.26080545165,-1,SELL / EXIT,953,47
MARICO.NS,2026-08-14,daily_1d,1,865.2000122070312,-0.6528951693326235,859.5511631222663,-1,SELL / EXIT,1020,47
MARICO.NS,2026-08-14,weekly_5d,5,865.2000122070312,-1.3670417480170727,853.3723668363123,-1,SELL / EXIT,1020,47
MARICO.NS,2026-08-14,monthly_20d,20,865.2000122070312,-5.530854687094688,817.3470567791348,-1,SELL / EXIT,1020,47
MARUTI.NS,2026-08-17,daily_1d,1,13760.0,-0.071106874383986,13750.215694084764,0,HOLD,1021,47
MARUTI.NS,2026-08-17,weekly_5d,5,13760.0,-1.0907165706157684,13609.91739988327,-1,SELL / EXIT,1021,47
MARUTI.NS,2026-08-17,monthly_20d,20,13760.0,-8.834577351808548,12544.362156391144,-1,SELL / EXIT,1021,47
MASTEK.NS,2026-08-17,daily_1d,1,1796.553955078125,-1.8390677869319916,1763.5141100154306,-1,SELL / EXIT,1021,47
MASTEK.NS,2026-08-17,weekly_5d,5,1796.553955078125,-5.376242846250534,1699.9668515892063,-1,SELL / EXIT,1021,47
MASTEK.NS,2026-08-17,monthly_20d,20,1796.553955078125,-7.913387566804886,1654.3856777660312,-1,SELL / EXIT,1021,47
MAXHEALTH.NS,2026-08-14,daily_1d,1,1008.5999755859375,0.13329570647329092,1009.9443960488842,0,HOLD,1020,47
MAXHEALTH.NS,2026-08-14,weekly_5d,5,1008.5999755859375,-0.24850787594914436,1006.0935252097853,0,HOLD,1020,47
MAXHEALTH.NS,2026-08-14,monthly_20d,20,1008.5999755859375,2.1399693563580513,1030.1837059917113,1,BUY,1020,47
MAZDOCK.NS,2026-08-14,daily_1d,1,2575.350830078125,-0.10679815895855427,2572.600402804878,0,HOLD,1020,47
MAZDOCK.NS,2026-08-14,weekly_5d,5,2575.350830078125,-1.2963310815393925,2541.9657568091397,-1,SELL / EXIT,1020,47
MAZDOCK.NS,2026-08-14,monthly_20d,20,2575.350830078125,-8.021079748868942,2368.7798861844003,-1,SELL / EXIT,1020,47
MCX.NS,2026-08-17,daily_1d,1,2925.930908203125,1.9398503005504608,2982.689587719802,1,BUY,1021,47
MCX.NS,2026-08-17,weekly_5d,5,2925.930908203125,7.823497802019119,3154.8410484949945,1,BUY,1021,47
MCX.NS,2026-08-17,monthly_20d,20,2925.930908203125,9.382545948028564,3200.4577200728527,1,BUY,1021,47
MEDANTA.NS,2026-08-14,daily_1d,1,1422.5999755859375,-0.33547410275787115,1417.8275210820068,-1,SELL / EXIT,727,47
MEDANTA.NS,2026-08-14,weekly_5d,5,1422.5999755859375,0.1427467563189566,1424.6306909064806,0,HOLD,727,47
MEDANTA.NS,2026-08-14,monthly_20d,20,1422.5999755859375,0.47126971185207367,1429.304258391689,0,HOLD,727,47
METROPOLIS.NS,2026-08-14,daily_1d,1,545.5,0.7619090378284454,549.6562138013542,1,BUY,1020,47
METROPOLIS.NS,2026-08-14,weekly_5d,5,545.5,1.6978543251752853,554.7617953438312,1,BUY,1020,47
METROPOLIS.NS,2026-08-14,monthly_20d,20,545.5,5.030050501227379,572.9389254841954,1,BUY,1020,47
MFSL.NS,2026-08-14,daily_1d,1,1538.0999755859375,1.622517965734005,1563.0559240207697,1,BUY,1020,47
MFSL.NS,2026-08-14,weekly_5d,5,1538.0999755859375,2.6165565475821495,1578.3452312054908,1,BUY,1020,47
MFSL.NS,2026-08-14,monthly_20d,20,1538.0999755859375,-4.593086242675781,1467.4537172087003,-1,SELL / EXIT,1020,47
MGL.NS,2026-08-14,daily_1d,1,1120.546875,-0.6631853058934212,1113.115572779352,-1,SELL / EXIT,1019,47
MGL.NS,2026-08-14,weekly_5d,5,1120.546875,-0.7875963114202023,1111.7214891447657,-1,SELL / EXIT,1019,47
MGL.NS,2026-08-14,monthly_20d,20,1120.546875,-4.54217754304409,1069.6496464844677,-1,SELL / EXIT,1019,47
MINDACORP.NS,2026-08-14,daily_1d,1,720.0499877929688,1.0505527257919312,727.6144925667923,1,BUY,1019,47
MINDACORP.NS,2026-08-14,weekly_5d,5,720.0499877929688,1.8991176038980484,733.7245838680108,1,BUY,1019,47
MINDACORP.NS,2026-08-14,monthly_20d,20,720.0499877929688,-3.866371512413025,692.2101801898079,-1,SELL / EXIT,1019,47
MMTC.NS,2026-08-17,daily_1d,1,63.810001373291016,-0.5717303138226271,63.445180252189274,-1,SELL / EXIT,1021,47
MMTC.NS,2026-08-17,weekly_5d,5,63.810001373291016,1.2662200257182121,64.6179763890907,1,BUY,1021,47
MMTC.NS,2026-08-17,monthly_20d,20,63.810001373291016,-3.0701419338583946,61.85094376313399,-1,SELL / EXIT,1021,47
MOTHERSON.NS,2026-08-17,daily_1d,1,168.05999755859375,0.7808585651218891,169.37230844407367,1,BUY,1021,47
MOTHERSON.NS,2026-08-17,weekly_5d,5,168.05999755859375,0.3552021225914359,168.65695023714898,0,HOLD,1021,47
MOTHERSON.NS,2026-08-17,monthly_20d,20,168.05999755859375,-5.148739740252495,159.40702567682706,-1,SELL / EXIT,1021,47
MOTILALOFS.NS,2026-08-17,daily_1d,1,955.0,-0.2888341201469302,952.2416341525968,-1,SELL / EXIT,1021,47
MOTILALOFS.NS,2026-08-17,weekly_5d,5,955.0,0.3023291705176234,957.8872435784433,0,HOLD,1021,47
MOTILALOFS.NS,2026-08-17,monthly_20d,20,955.0,-2.3986779153347015,932.0926259085536,-1,SELL / EXIT,1021,47
MPHASIS.NS,2026-08-14,daily_1d,1,2545.0,-0.614976417273283,2529.348850180395,-1,SELL / EXIT,1020,47
MPHASIS.NS,2026-08-14,weekly_5d,5,2545.0,-2.936813607811928,2470.2580936811864,-1,SELL / EXIT,1020,47
MPHASIS.NS,2026-08-14,monthly_20d,20,2545.0,-4.751668870449066,2424.0700272470713,-1,SELL / EXIT,1020,47
MRF.NS,2026-08-17,daily_1d,1,133015.0,-0.06941561005078256,132922.66682629095,0,HOLD,1020,47
MRF.NS,2026-08-17,weekly_5d,5,133015.0,-0.04023694491479546,132961.47882772158,0,HOLD,1020,47
MRF.NS,2026-08-17,monthly_20d,20,133015.0,-4.701829329133034,126760.8617178537,-1,SELL / EXIT,1020,47
MRPL.NS,2026-08-17,daily_1d,1,177.14999389648438,-0.08317055180668831,177.00265726903515,0,HOLD,1021,47
MRPL.NS,2026-08-17,weekly_5d,5,177.14999389648438,-1.214545127004385,174.99842727812606,-1,SELL / EXIT,1021,47
MRPL.NS,2026-08-17,monthly_20d,20,177.14999389648438,-3.4325607120990753,171.06921280450774,-1,SELL / EXIT,1021,47
MSUMI.NS,2026-08-14,daily_1d,1,40.349998474121094,-0.1106898533180356,40.30533511999626,0,HOLD,888,47
MSUMI.NS,2026-08-14,weekly_5d,5,40.349998474121094,-2.814721316099167,39.21425846602432,-1,SELL / EXIT,888,47
MSUMI.NS,2026-08-14,monthly_20d,20,40.349998474121094,-10.029763728380203,36.30298896276173,-1,SELL / EXIT,888,47
MUTHOOTFIN.NS,2026-08-17,daily_1d,1,2888.5,0.23755154106765985,2895.3616762637394,0,HOLD,1021,47
MUTHOOTFIN.NS,2026-08-17,weekly_5d,5,2888.5,6.419088691473007,3073.915376853198,1,BUY,1021,47
MUTHOOTFIN.NS,2026-08-17,monthly_20d,20,2888.5,-2.161259204149246,2826.072027888149,-1,SELL / EXIT,1021,47
NAM-INDIA.NS,2026-08-17,daily_1d,1,1202.699951171875,-1.7209827899932861,1182.0016919969494,-1,SELL / EXIT,1021,47
NAM-INDIA.NS,2026-08-17,weekly_5d,5,1202.699951171875,2.5683488696813583,1233.589481773456,1,BUY,1021,47
NAM-INDIA.NS,2026-08-17,monthly_20d,20,1202.699951171875,-2.7534067630767822,1169.5847293767874,-1,SELL / EXIT,1021,47
NATCOPHARM.NS,2026-08-14,daily_1d,1,901.6224365234375,-1.1314737610518932,891.420815230418,-1,SELL / EXIT,1020,47
NATCOPHARM.NS,2026-08-14,weekly_5d,5,901.6224365234375,-2.2443074733018875,881.3872567995754,-1,SELL / EXIT,1020,47
NATCOPHARM.NS,2026-08-14,monthly_20d,20,901.6224365234375,-8.109141886234283,828.5085938676293,-1,SELL / EXIT,1020,47
NATIONALUM.NS,2026-08-17,daily_1d,1,386.5674743652344,0.17959801480174065,387.26174187506354,0,HOLD,1021,47
NATIONALUM.NS,2026-08-17,weekly_5d,5,386.5674743652344,2.2088438272476196,395.1061461608979,1,BUY,1021,47
NATIONALUM.NS,2026-08-17,monthly_20d,20,386.5674743652344,-6.609191000461578,361.0184916387757,-1,SELL / EXIT,1021,47
NAUKRI.NS,2026-08-17,daily_1d,1,1355.800048828125,-0.6225354038178921,1347.3597135191897,-1,SELL / EXIT,1021,47
NAUKRI.NS,2026-08-17,weekly_5d,5,1355.800048828125,-0.1795829040929675,1353.3652637267455,0,HOLD,1021,47
NAUKRI.NS,2026-08-17,monthly_20d,20,1355.800048828125,-4.306799545884132,1297.4084584820985,-1,SELL / EXIT,1021,47
NAVA.NS,2026-08-14,daily_1d,1,572.6500244140625,-1.2480271980166435,565.503196359926,-1,SELL / EXIT,1020,47
NAVA.NS,2026-08-14,weekly_5d,5,572.6500244140625,-1.6472510993480682,563.2170405914849,-1,SELL / EXIT,1020,47
NAVA.NS,2026-08-14,monthly_20d,20,572.6500244140625,-4.327677935361862,547.8675756606508,-1,SELL / EXIT,1020,47
NAVINFLUOR.NS,2026-08-17,daily_1d,1,8151.0,0.4553251899778843,8188.113556235097,1,BUY,1020,47
NAVINFLUOR.NS,2026-08-17,weekly_5d,5,8151.0,0.690523162484169,8207.284542974085,1,BUY,1020,47
NAVINFLUOR.NS,2026-08-17,monthly_20d,20,8151.0,2.985566295683384,8394.353508761153,1,BUY,1020,47
NBCC.NS,2026-08-17,daily_1d,1,89.28402709960938,-0.8904004469513893,88.48904172325825,-1,SELL / EXIT,1021,47
NBCC.NS,2026-08-17,weekly_5d,5,89.28402709960938,-0.32292152754962444,88.9957097554415,0,HOLD,1021,47
NBCC.NS,2026-08-17,monthly_20d,20,89.28402709960938,-7.379410415887833,82.69539230409669,-1,SELL / EXIT,1021,47
NCC.NS,2026-08-17,daily_1d,1,139.39999389648438,0.19077182514593005,139.66592980909402,0,HOLD,1021,47
NCC.NS,2026-08-17,weekly_5d,5,139.39999389648438,2.2769737988710403,142.57409523313515,1,BUY,1021,47
NCC.NS,2026-08-17,monthly_20d,20,139.39999389648438,0.8589848875999451,140.59741877737042,0,HOLD,1021,47
NESTLEIND.NS,2026-08-17,daily_1d,1,1470.0,-0.03250692971050739,1469.5221481332555,0,HOLD,1021,47
NESTLEIND.NS,2026-08-17,weekly_5d,5,1470.0,0.3336427267640829,1474.904548083432,0,HOLD,1021,47
NESTLEIND.NS,2026-08-17,monthly_20d,20,1470.0,-5.200527235865593,1393.5522496327758,-1,SELL / EXIT,1021,47
NETWEB.NS,2026-08-14,daily_1d,1,5007.2001953125,2.3508399724960327,5124.911459006806,1,BUY,557,47
NETWEB.NS,2026-08-14,weekly_5d,5,5007.2001953125,7.595562189817429,5387.525200116121,1,BUY,557,47
NETWEB.NS,2026-08-14,monthly_20d,20,5007.2001953125,-6.193402037024498,4697.084156418121,-1,SELL / EXIT,557,47
NETWORK18.NS,2026-08-17,daily_1d,1,28.950000762939453,-0.4769733175635338,28.811916983865792,-1,SELL / EXIT,1021,47
NETWORK18.NS,2026-08-17,weekly_5d,5,28.950000762939453,2.9329994693398476,29.79910413169035,1,BUY,1021,47
NETWORK18.NS,2026-08-17,monthly_20d,20,28.950000762939453,-7.626250386238098,26.74220121793985,-1,SELL / EXIT,1021,47
NEULANDLAB.NS,2026-08-14,daily_1d,1,23320.0,0.3197635989636183,23394.568871278316,1,BUY,1020,47
NEULANDLAB.NS,2026-08-14,weekly_5d,5,23320.0,0.8602163754403591,23520.60245875269,1,BUY,1020,47
NEULANDLAB.NS,2026-08-14,monthly_20d,20,23320.0,-0.5665665026754141,23187.876691576093,0,HOLD,1020,47
NEWGEN.NS,2026-08-14,daily_1d,1,535.1500244140625,-0.6972824689000845,531.4185171115087,-1,SELL / EXIT,1020,47
NEWGEN.NS,2026-08-14,weekly_5d,5,535.1500244140625,-1.6291078180074692,526.4318535282641,-1,SELL / EXIT,1020,47
NEWGEN.NS,2026-08-14,monthly_20d,20,535.1500244140625,-3.009728156030178,519.0434634522701,-1,SELL / EXIT,1020,47
NH.NS,2026-08-14,daily_1d,1,1832.5999755859375,-0.30187859665602446,1827.06774849732,-1,SELL / EXIT,1020,47
NH.NS,2026-08-14,weekly_5d,5,1832.5999755859375,-0.798427127301693,1817.9680002459352,-1,SELL / EXIT,1020,47
NH.NS,2026-08-14,monthly_20d,20,1832.5999755859375,2.9851308092474937,1887.3054820674154,1,BUY,1020,47
NHPC.NS,2026-08-17,daily_1d,1,76.5999984741211,-0.23965686559677124,76.41642131873084,0,HOLD,1021,47
NHPC.NS,2026-08-17,weekly_5d,5,76.5999984741211,-0.12073509860783815,76.50751539042976,0,HOLD,1021,47
NHPC.NS,2026-08-17,monthly_20d,20,76.5999984741211,0.6085402797907591,77.06614031915522,0,HOLD,1021,47
NIACL.NS,2026-08-17,daily_1d,1,183.63999938964844,-0.7681735325604677,182.22932551914295,-1,SELL / EXIT,1021,47
NIACL.NS,2026-08-17,weekly_5d,5,183.63999938964844,1.1509128846228123,185.75353580394517,1,BUY,1021,47
NIACL.NS,2026-08-17,monthly_20d,20,183.63999938964844,5.062345042824745,192.9364897953937,1,BUY,1021,47
NLCINDIA.NS,2026-08-17,daily_1d,1,277.6499938964844,-0.11015930213034153,277.34413660084306,0,HOLD,1021,47
NLCINDIA.NS,2026-08-17,weekly_5d,5,277.6499938964844,-1.2125956825911999,274.2832220577809,-1,SELL / EXIT,1021,47
NLCINDIA.NS,2026-08-17,monthly_20d,20,277.6499938964844,-4.900825396180153,264.0428524831128,-1,SELL / EXIT,1021,47
NMDC.NS,2026-08-17,daily_1d,1,85.5,-0.25010767858475447,85.28615793481003,-1,SELL / EXIT,1021,47
NMDC.NS,2026-08-17,weekly_5d,5,85.5,0.08096208912320435,85.56922258620034,0,HOLD,1021,47
NMDC.NS,2026-08-17,monthly_20d,20,85.5,-3.6577556282281876,82.3726189378649,-1,SELL / EXIT,1021,47
NSLNISP.NS,2026-08-14,daily_1d,1,44.5,-2.879219129681587,43.218747487291694,-1,SELL / EXIT,663,47
NSLNISP.NS,2026-08-14,weekly_5d,5,44.5,-7.2956182062625885,41.25344989821315,-1,SELL / EXIT,663,47
NSLNISP.NS,2026-08-14,monthly_20d,20,44.5,-4.916891828179359,42.311983136460185,-1,SELL / EXIT,663,47
NTPC.NS,2026-08-17,daily_1d,1,333.3984680175781,-0.439081946387887,331.93457553497916,-1,SELL / EXIT,1021,47
NTPC.NS,2026-08-17,weekly_5d,5,333.3984680175781,0.1635446329601109,333.94372331839213,0,HOLD,1021,47
NTPC.NS,2026-08-17,monthly_20d,20,333.3984680175781,-1.6822056844830513,327.790020036607,-1,SELL / EXIT,1021,47
NUVAMA.NS,2026-08-14,daily_1d,1,1670.0999755859375,2.2096317261457443,1707.0030345048367,1,BUY,516,47
NUVAMA.NS,2026-08-14,weekly_5d,5,1670.0999755859375,3.3352553844451904,1725.8020749472853,1,BUY,516,47
NUVAMA.NS,2026-08-14,monthly_20d,20,1670.0999755859375,0.9632379747927189,1686.1870127677853,0,HOLD,516,47
NYKAA.NS,2026-08-14,daily_1d,1,331.0,-0.6239771842956543,328.9346355199814,-1,SELL / EXIT,982,47
NYKAA.NS,2026-08-14,weekly_5d,5,331.0,0.4208233207464218,332.39292519167066,0,HOLD,982,47
NYKAA.NS,2026-08-14,monthly_20d,20,331.0,2.3023808375000954,338.6208805721253,1,BUY,982,47
OBEROIRLTY.NS,2026-08-17,daily_1d,1,1931.0,-1.7158836126327515,1897.8662874400616,-1,SELL / EXIT,1020,47
OBEROIRLTY.NS,2026-08-17,weekly_5d,5,1931.0,-1.1605862528085709,1908.5890794582665,-1,SELL / EXIT,1020,47
OBEROIRLTY.NS,2026-08-17,monthly_20d,20,1931.0,-7.1278586983680725,1793.3610485345125,-1,SELL / EXIT,1020,47
OFSS.NS,2026-08-17,daily_1d,1,11789.0,-0.58674281463027,11719.828889583237,-1,SELL / EXIT,1021,47
OFSS.NS,2026-08-17,weekly_5d,5,11789.0,-1.745346374809742,11583.24111587368,-1,SELL / EXIT,1021,47
OFSS.NS,2026-08-17,monthly_20d,20,11789.0,-0.16890153056010604,11769.08819856227,0,HOLD,1021,47
OIL.NS,2026-08-17,daily_1d,1,473.68133544921875,0.7586972787976265,477.27514285144423,1,BUY,1021,47
OIL.NS,2026-08-17,weekly_5d,5,473.68133544921875,0.5041857715696096,476.0695693451346,1,BUY,1021,47
OIL.NS,2026-08-17,monthly_20d,20,473.68133544921875,3.8747113198041916,492.0351197736693,1,BUY,1021,47
OLAELEC.NS,2026-08-17,daily_1d,1,39.220001220703125,-1.223557349294424,38.74012201337385,-1,SELL / EXIT,305,47
OLAELEC.NS,2026-08-17,weekly_5d,5,39.220001220703125,-5.512048676609993,37.058175662450935,-1,SELL / EXIT,305,47
OLAELEC.NS,2026-08-17,monthly_20d,20,39.220001220703125,-2.2448165342211723,38.339584148579036,-1,SELL / EXIT,305,47
OLECTRA.NS,2026-08-14,daily_1d,1,1316.9000244140625,0.6404811516404152,1325.3345208563826,1,BUY,1020,47
OLECTRA.NS,2026-08-14,weekly_5d,5,1316.9000244140625,-1.0519948787987232,1303.0463035983275,-1,SELL / EXIT,1020,47
OLECTRA.NS,2026-08-14,monthly_20d,20,1316.9000244140625,-8.841297030448914,1200.468981661561,-1,SELL / EXIT,1020,47
ONGC.NS,2026-08-17,daily_1d,1,237.4794464111328,0.3143447218462825,238.22595051639598,1,BUY,1021,47
ONGC.NS,2026-08-17,weekly_5d,5,237.4794464111328,-1.0154048912227154,235.06806849662553,-1,SELL / EXIT,1021,47
ONGC.NS,2026-08-17,monthly_20d,20,237.4794464111328,-1.3773798942565918,234.208452263274,-1,SELL / EXIT,1021,47
PAGEIND.NS,2026-08-17,daily_1d,1,37154.8671875,-1.0643985122442245,36759.39133392993,-1,SELL / EXIT,1019,47
PAGEIND.NS,2026-08-17,weekly_5d,5,37154.8671875,-2.8644943609833717,36090.5681120832,-1,SELL / EXIT,1019,47
PAGEIND.NS,2026-08-17,monthly_20d,20,37154.8671875,-5.124884098768234,35250.723307089356,-1,SELL / EXIT,1019,47
PATANJALI.NS,2026-08-17,daily_1d,1,351.58953857421875,-0.40254034101963043,350.17424884665274,-1,SELL / EXIT,1021,47
PATANJALI.NS,2026-08-17,weekly_5d,5,351.58953857421875,-1.6553128138184547,345.7696318901545,-1,SELL / EXIT,1021,47
PATANJALI.NS,2026-08-17,monthly_20d,20,351.58953857421875,-3.7382252514362335,338.44632966182917,-1,SELL / EXIT,1021,47
PAYTM.NS,2026-08-14,daily_1d,1,1603.0,-0.7239284459501505,1591.395427011419,-1,SELL / EXIT,976,47
PAYTM.NS,2026-08-14,weekly_5d,5,1603.0,-0.3727847244590521,1597.0242608669214,0,HOLD,976,47
PAYTM.NS,2026-08-14,monthly_20d,20,1603.0,8.480633795261383,1738.94455973804,1,BUY,976,47
PCBL.NS,2026-08-14,daily_1d,1,309.79998779296875,1.1424881406128407,313.33941591312345,1,BUY,1020,47
PCBL.NS,2026-08-14,weekly_5d,5,309.79998779296875,1.9719287753105164,315.90902289816677,1,BUY,1020,47
PCBL.NS,2026-08-14,monthly_20d,20,309.79998779296875,2.677854150533676,318.0959796244356,1,BUY,1020,47
PERSISTENT.NS,2026-08-17,daily_1d,1,5570.0,-0.8516564965248108,5522.562733143568,-1,SELL / EXIT,1021,47
PERSISTENT.NS,2026-08-17,weekly_5d,5,5570.0,1.4575153589248657,5651.183605492115,1,BUY,1021,47
PERSISTENT.NS,2026-08-17,monthly_20d,20,5570.0,1.0408475063741207,5627.9752061050385,0,HOLD,1021,47
PETRONET.NS,2026-08-14,daily_1d,1,282.6000061035156,0.03526817308738828,282.69967396281316,0,HOLD,1020,47
PETRONET.NS,2026-08-14,weekly_5d,5,282.6000061035156,2.595428004860878,289.9346858036648,1,BUY,1020,47
PETRONET.NS,2026-08-14,monthly_20d,20,282.6000061035156,1.370861940085888,286.4740620298691,1,BUY,1020,47
PFC.NS,2026-08-17,daily_1d,1,370.3896484375,0.4002573434263468,371.8721602046621,1,BUY,1021,47
PFC.NS,2026-08-17,weekly_5d,5,370.3896484375,-1.4105170965194702,365.1652391225507,-1,SELL / EXIT,1021,47
PFC.NS,2026-08-17,monthly_20d,20,370.3896484375,-6.907252222299576,344.8059012146332,-1,SELL / EXIT,1021,47
PFIZER.NS,2026-08-14,daily_1d,1,4874.7998046875,-0.9619623422622681,4827.906066305732,-1,SELL / EXIT,1019,47
PFIZER.NS,2026-08-14,weekly_5d,5,4874.7998046875,0.6725872401148081,4907.58708615497,1,BUY,1019,47
PFIZER.NS,2026-08-14,monthly_20d,20,4874.7998046875,-14.739099144935608,4156.298228357482,-1,SELL / EXIT,1019,47
PGEL.NS,2026-08-17,daily_1d,1,614.0,-1.4535574242472649,605.0751574151218,-1,SELL / EXIT,1021,47
PGEL.NS,2026-08-17,weekly_5d,5,614.0,-2.6450425386428833,597.7594388127327,-1,SELL / EXIT,1021,47
PGEL.NS,2026-08-17,monthly_20d,20,614.0,-12.252513319253922,538.7695682197809,-1,SELL / EXIT,1021,47
PGHH.NS,2026-08-17,daily_1d,1,8302.1015625,-0.24099021684378386,8282.09430994194,0,HOLD,1020,47
PGHH.NS,2026-08-17,weekly_5d,5,8302.1015625,-1.5619813464581966,8172.4242847297355,-1,SELL / EXIT,1020,47
PGHH.NS,2026-08-17,monthly_20d,20,8302.1015625,-8.613621443510056,7586.989962050517,-1,SELL / EXIT,1020,47
PHOENIXLTD.NS,2026-08-17,daily_1d,1,1927.2474365234375,0.0053140276577323675,1927.3498509852473,0,HOLD,1019,47
PHOENIXLTD.NS,2026-08-17,weekly_5d,5,1927.2474365234375,-0.7898401468992233,1912.0252625396893,-1,SELL / EXIT,1019,47
PHOENIXLTD.NS,2026-08-17,monthly_20d,20,1927.2474365234375,-3.353375568985939,1862.6195918331528,-1,SELL / EXIT,1019,47
PIDILITIND.NS,2026-08-17,daily_1d,1,1669.0,0.2066581044346094,1672.4491237630136,0,HOLD,1021,47
PIDILITIND.NS,2026-08-17,weekly_5d,5,1669.0,-0.5918690003454685,1659.1217063842341,-1,SELL / EXIT,1021,47
PIDILITIND.NS,2026-08-17,monthly_20d,20,1669.0,-6.356822699308395,1562.9046291485429,-1,SELL / EXIT,1021,47
PIIND.NS,2026-08-17,daily_1d,1,2472.0,1.029130443930626,2497.440104573965,1,BUY,1021,47
PIIND.NS,2026-08-17,weekly_5d,5,2472.0,0.3777709789574146,2481.3384985998273,0,HOLD,1021,47
PIIND.NS,2026-08-17,monthly_20d,20,2472.0,-6.640471518039703,2307.8475440740585,-1,SELL / EXIT,1021,47
PNB.NS,2026-08-17,daily_1d,1,117.31999969482422,0.38449536077678204,117.77108965091415,1,BUY,1021,47
PNB.NS,2026-08-17,weekly_5d,5,117.31999969482422,-0.7226475514471531,116.47218958967176,-1,SELL / EXIT,1021,47
PNB.NS,2026-08-17,monthly_20d,20,117.31999969482422,-1.7108539119362831,115.31282589056168,-1,SELL / EXIT,1021,47
PNBHOUSING.NS,2026-08-14,daily_1d,1,1150.5,-0.17704949714243412,1148.4630455353763,0,HOLD,1020,47
PNBHOUSING.NS,2026-08-14,weekly_5d,5,1150.5,1.1876504868268967,1164.1639188509434,1,BUY,1020,47
PNBHOUSING.NS,2026-08-14,monthly_20d,20,1150.5,-0.16928613185882568,1148.5523630529642,0,HOLD,1020,47
PNCINFRA.NS,2026-08-14,daily_1d,1,217.9199981689453,-0.6971960887312889,216.40066846514813,-1,SELL / EXIT,1020,47
PNCINFRA.NS,2026-08-14,weekly_5d,5,217.9199981689453,-3.558070957660675,210.1662500031614,-1,SELL / EXIT,1020,47
PNCINFRA.NS,2026-08-14,monthly_20d,20,217.9199981689453,-26.808834075927734,159.498187441568,-1,SELL / EXIT,1020,47
POLICYBZR.NS,2026-08-14,daily_1d,1,1741.0,-0.8504606783390045,1726.193479590118,-1,SELL / EXIT,978,47
POLICYBZR.NS,2026-08-14,weekly_5d,5,1741.0,2.1018732339143753,1777.5936130024493,1,BUY,978,47
POLICYBZR.NS,2026-08-14,monthly_20d,20,1741.0,0.43327887542545795,1748.5433852211572,0,HOLD,978,47
POLYCAB.NS,2026-08-17,daily_1d,1,9370.0,-0.5232988856732845,9320.966894412413,-1,SELL / EXIT,1021,47
POLYCAB.NS,2026-08-17,weekly_5d,5,9370.0,-2.449396811425686,9140.491518769413,-1,SELL / EXIT,1021,47
POLYCAB.NS,2026-08-17,monthly_20d,20,9370.0,-10.844822973012924,8353.840087428689,-1,SELL / EXIT,1021,47
POLYMED.NS,2026-08-17,daily_1d,1,1730.05712890625,1.2436900287866592,1751.5736769107698,1,BUY,1021,47
POLYMED.NS,2026-08-17,weekly_5d,5,1730.05712890625,-0.9586907923221588,1713.4712305095127,-1,SELL / EXIT,1021,47
POLYMED.NS,2026-08-17,monthly_20d,20,1730.05712890625,-0.4486595746129751,1722.2950619511378,0,HOLD,1021,47
POONAWALLA.NS,2026-08-17,daily_1d,1,497.45001220703125,0.145276403054595,498.1726896917603,0,HOLD,1021,47
POONAWALLA.NS,2026-08-17,weekly_5d,5,497.45001220703125,-1.196890790015459,491.4960788259945,-1,SELL / EXIT,1021,47
POONAWALLA.NS,2026-08-17,monthly_20d,20,497.45001220703125,-11.023864895105362,442.611794940643,-1,SELL / EXIT,1021,47
POWERGRID.NS,2026-08-14,daily_1d,1,266.04998779296875,0.08070904877968132,266.2647142073949,0,HOLD,1020,47
POWERGRID.NS,2026-08-14,weekly_5d,5,266.04998779296875,1.139918901026249,269.08274188999883,1,BUY,1020,47
POWERGRID.NS,2026-08-14,monthly_20d,20,266.04998779296875,-0.651975255459547,264.31540770540545,0,HOLD,1020,47
POWERINDIA.NS,2026-08-14,daily_1d,1,35691.4765625,0.06494388217106462,35714.65599298386,0,HOLD,1020,47
POWERINDIA.NS,2026-08-14,weekly_5d,5,35691.4765625,-4.5755039900541306,34058.41162827358,-1,SELL / EXIT,1020,47
POWERINDIA.NS,2026-08-14,monthly_20d,20,35691.4765625,-11.614114046096802,31546.22776979534,-1,SELL / EXIT,1020,47
PPLPHARMA.NS,2026-08-14,daily_1d,1,206.63999938964844,-0.5027062725275755,205.60120715116574,-1,SELL / EXIT,748,47
PPLPHARMA.NS,2026-08-14,weekly_5d,5,206.63999938964844,3.413892164826393,213.69446613820895,1,BUY,748,47
PPLPHARMA.NS,2026-08-14,monthly_20d,20,206.63999938964844,2.0666416734457016,210.91050773104286,1,BUY,748,47
PRAJIND.NS,2026-08-14,daily_1d,1,335.25,0.15180212212726474,335.75891661443166,0,HOLD,1020,47
PRAJIND.NS,2026-08-14,weekly_5d,5,335.25,2.292032353579998,342.93403846537694,1,BUY,1020,47
PRAJIND.NS,2026-08-14,monthly_20d,20,335.25,-3.226745128631592,324.4323369562626,-1,SELL / EXIT,1020,47
PRESTIGE.NS,2026-08-17,daily_1d,1,1591.9000244140625,0.6625507026910782,1602.4471692119573,1,BUY,1021,47
PRESTIGE.NS,2026-08-17,weekly_5d,5,1591.9000244140625,1.6010619699954987,1617.387330305305,1,BUY,1021,47
PRESTIGE.NS,2026-08-17,monthly_20d,20,1591.9000244140625,-5.4237112402915955,1505.5599638557123,-1,SELL / EXIT,1021,47
PTCIL.NS,2026-08-14,daily_1d,1,19050.0,4.324604570865631,19873.837170749903,1,BUY,589,47
PTCIL.NS,2026-08-14,weekly_5d,5,19050.0,5.477806180715561,20093.522077426314,1,BUY,589,47
PTCIL.NS,2026-08-14,monthly_20d,20,19050.0,19.1488116979599,22697.84862846136,1,BUY,589,47
PVRINOX.NS,2026-08-17,daily_1d,1,1192.0,-0.14245951315388083,1190.3018826032057,0,HOLD,1020,47
PVRINOX.NS,2026-08-17,weekly_5d,5,1192.0,2.678791619837284,1223.9311961084604,1,BUY,1020,47
PVRINOX.NS,2026-08-17,monthly_20d,20,1192.0,2.565615624189377,1222.5821382403374,1,BUY,1020,47
QUESS.NS,2026-08-17,daily_1d,1,343.8999938964844,-0.6346573121845722,341.717407438618,-1,SELL / EXIT,1021,47
QUESS.NS,2026-08-17,weekly_5d,5,343.8999938964844,0.11679348535835743,344.3016466855033,0,HOLD,1021,47
QUESS.NS,2026-08-17,monthly_20d,20,343.8999938964844,2.988552860915661,354.17762700276654,1,BUY,1021,47
RADICO.NS,2026-08-17,daily_1d,1,4693.39990234375,0.23612563963979483,4704.482222884013,0,HOLD,1020,47
RADICO.NS,2026-08-17,weekly_5d,5,4693.39990234375,-0.19150320440530777,4684.411891135206,0,HOLD,1020,47
RADICO.NS,2026-08-17,monthly_20d,20,4693.39990234375,-4.974984750151634,4459.903972938517,-1,SELL / EXIT,1020,47
RAILTEL.NS,2026-08-14,daily_1d,1,282.1499938964844,0.09472077945247293,282.41724856992823,0,HOLD,1020,47
RAILTEL.NS,2026-08-14,weekly_5d,5,282.1499938964844,1.7341718077659607,287.0429595462506,1,BUY,1020,47
RAILTEL.NS,2026-08-14,monthly_20d,20,282.1499938964844,-6.406756490468979,264.07333084966353,-1,SELL / EXIT,1020,47
RAINBOW.NS,2026-08-14,daily_1d,1,1461.800048828125,0.6600473541766405,1471.4486213737678,1,BUY,859,47
RAINBOW.NS,2026-08-14,weekly_5d,5,1461.800048828125,-0.47300485894083977,1454.8856635691684,0,HOLD,859,47
RAINBOW.NS,2026-08-14,monthly_20d,20,1461.800048828125,-1.2495609000325203,1443.5339669813125,-1,SELL / EXIT,859,47
RAMCOCEM.NS,2026-08-14,daily_1d,1,907.2000122070312,0.9562854655086994,915.8754340668602,1,BUY,1019,47
RAMCOCEM.NS,2026-08-14,weekly_5d,5,907.2000122070312,-0.09583602077327669,906.3305878148774,0,HOLD,1019,47
RAMCOCEM.NS,2026-08-14,monthly_20d,20,907.2000122070312,-3.240079805254936,877.8060078182409,-1,SELL / EXIT,1019,47
RAYMOND.NS,2026-08-14,daily_1d,1,635.4500122070312,0.08410781156271696,635.9844753058736,0,HOLD,1020,47
RAYMOND.NS,2026-08-14,weekly_5d,5,635.4500122070312,1.247837394475937,643.3793950825525,1,BUY,1020,47
RAYMOND.NS,2026-08-14,monthly_20d,20,635.4500122070312,44.373008608818054,917.4183008283926,1,BUY,1020,47
RBLBANK.NS,2026-08-14,daily_1d,1,385.0,-0.8430925197899342,381.75409379880875,-1,SELL / EXIT,1020,47
RBLBANK.NS,2026-08-14,weekly_5d,5,385.0,1.1819501407444477,389.5505080418661,1,BUY,1020,47
RBLBANK.NS,2026-08-14,monthly_20d,20,385.0,4.239246994256973,401.32110092788935,1,BUY,1020,47
RCF.NS,2026-08-14,daily_1d,1,124.05000305175781,-0.27599469758570194,123.70763162098007,-1,SELL / EXIT,1020,47
RCF.NS,2026-08-14,weekly_5d,5,124.05000305175781,-2.884236164391041,120.47210800181082,-1,SELL / EXIT,1020,47
RCF.NS,2026-08-14,monthly_20d,20,124.05000305175781,-8.803128451108932,113.12972193950702,-1,SELL / EXIT,1020,47
RECLTD.NS,2026-08-17,daily_1d,1,340.0,0.07736312691122293,340.26303463149816,0,HOLD,1021,47
RECLTD.NS,2026-08-17,weekly_5d,5,340.0,-1.4990109950304031,334.90336261689663,-1,SELL / EXIT,1021,47
RECLTD.NS,2026-08-17,monthly_20d,20,340.0,-5.33975325524807,321.84483893215656,-1,SELL / EXIT,1021,47
REDINGTON.NS,2026-08-17,daily_1d,1,332.79998779296875,-1.8790727481245995,326.5464339165891,-1,SELL / EXIT,1021,47
REDINGTON.NS,2026-08-17,weekly_5d,5,332.79998779296875,5.99801167845726,352.76136992669535,1,BUY,1021,47
REDINGTON.NS,2026-08-17,monthly_20d,20,332.79998779296875,14.067888259887695,379.6179182046035,1,BUY,1021,47
RELIANCE.NS,2026-08-17,daily_1d,1,1316.0,0.6388711277395487,1324.4075440410525,1,BUY,1021,47
RELIANCE.NS,2026-08-17,weekly_5d,5,1316.0,0.2253022976219654,1318.964978236705,0,HOLD,1021,47
RELIANCE.NS,2026-08-17,monthly_20d,20,1316.0,-3.4313082695007324,1270.8439831733704,-1,SELL / EXIT,1021,47
RENUKA.NS,2026-08-17,daily_1d,1,23.0,0.8037758059799671,23.184868435375392,1,BUY,1021,47
RENUKA.NS,2026-08-17,weekly_5d,5,23.0,9.397897124290466,25.161516338586807,1,BUY,1021,47
RENUKA.NS,2026-08-17,monthly_20d,20,23.0,1.5293973498046398,23.351761390455067,1,BUY,1021,47
RHIM.NS,2026-08-14,daily_1d,1,377.3424072265625,-0.9121384471654892,373.90052205278926,-1,SELL / EXIT,1019,47
RHIM.NS,2026-08-14,weekly_5d,5,377.3424072265625,-0.12650437420234084,376.8650525757005,0,HOLD,1019,47
RHIM.NS,2026-08-14,monthly_20d,20,377.3424072265625,-3.2530099153518677,365.067421304655,-1,SELL / EXIT,1019,47
RITES.NS,2026-08-14,daily_1d,1,221.05999755859375,0.3946172073483467,221.9323383475238,1,BUY,1020,47
RITES.NS,2026-08-14,weekly_5d,5,221.05999755859375,-1.7572056502103806,217.1755187911392,-1,SELL / EXIT,1020,47
RITES.NS,2026-08-14,monthly_20d,20,221.05999755859375,-4.156965389847755,211.87060996928471,-1,SELL / EXIT,1020,47
RKFORGE.NS,2026-08-17,daily_1d,1,755.0,-0.0019091950889560394,754.9855855770784,0,HOLD,1021,47
RKFORGE.NS,2026-08-17,weekly_5d,5,755.0,-2.570737525820732,735.5909316800535,-1,SELL / EXIT,1021,47
RKFORGE.NS,2026-08-17,monthly_20d,20,755.0,-8.503838628530502,690.7960183545947,-1,SELL / EXIT,1021,47
ROUTE.NS,2026-08-14,daily_1d,1,503.26318359375,-0.08050389587879181,502.8580371244334,0,HOLD,1020,47
ROUTE.NS,2026-08-14,weekly_5d,5,503.26318359375,-1.5919080004096031,495.251696711005,-1,SELL / EXIT,1020,47
ROUTE.NS,2026-08-14,monthly_20d,20,503.26318359375,-3.4736361354589462,485.7816517919764,-1,SELL / EXIT,1020,47
RPOWER.NS,2026-08-17,daily_1d,1,22.719999313354492,-0.658975588157773,22.57028006424987,-1,SELL / EXIT,1021,47
RPOWER.NS,2026-08-17,weekly_5d,5,22.719999313354492,1.6353428363800049,23.09154919455102,1,BUY,1021,47
RPOWER.NS,2026-08-17,monthly_20d,20,22.719999313354492,-3.530712053179741,21.91782155911553,-1,SELL / EXIT,1021,47
RRKABEL.NS,2026-08-14,daily_1d,1,2785.60009765625,-0.9382512420415878,2759.4641701416786,-1,SELL / EXIT,518,47
RRKABEL.NS,2026-08-14,weekly_5d,5,2785.60009765625,3.1479697674512863,2873.2899465725623,1,BUY,518,47
RRKABEL.NS,2026-08-14,monthly_20d,20,2785.60009765625,-12.63231486082077,2433.7143225569816,-1,SELL / EXIT,518,47
RTNINDIA.NS,2026-08-17,daily_1d,1,30.479999542236328,0.49372646026313305,30.630487365064432,1,BUY,1021,47
RTNINDIA.NS,2026-08-17,weekly_5d,5,30.479999542236328,-0.6544223520904779,30.28053161231486,-1,SELL / EXIT,1021,47
RTNINDIA.NS,2026-08-17,monthly_20d,20,30.479999542236328,-7.8522540628910065,28.086632539811916,-1,SELL / EXIT,1021,47
RVNL.NS,2026-08-14,daily_1d,1,226.64356994628906,0.5204830318689346,227.8232112706815,1,BUY,1020,47
RVNL.NS,2026-08-14,weekly_5d,5,226.64356994628906,0.25878665037453175,227.23009324924232,0,HOLD,1020,47
RVNL.NS,2026-08-14,monthly_20d,20,226.64356994628906,-7.908260077238083,208.72000698659951,-1,SELL / EXIT,1020,47
SAIL.NS,2026-08-17,daily_1d,1,173.60000610351562,-1.0547258891165257,171.76900189563398,-1,SELL / EXIT,1021,47
SAIL.NS,2026-08-17,weekly_5d,5,173.60000610351562,0.7292278576642275,174.86594570892925,1,BUY,1021,47
SAIL.NS,2026-08-17,monthly_20d,20,173.60000610351562,2.7492307126522064,178.37267078847958,1,BUY,1021,47
SAMMAANCAP.NS,2026-08-17,daily_1d,1,153.3300018310547,-1.2094740755856037,151.47551520881314,-1,SELL / EXIT,1021,47
SAMMAANCAP.NS,2026-08-17,weekly_5d,5,153.3300018310547,-1.2440714053809643,151.42246712240444,-1,SELL / EXIT,1021,47
SAMMAANCAP.NS,2026-08-17,monthly_20d,20,153.3300018310547,-5.286041647195816,145.22491407661903,-1,SELL / EXIT,1021,47
SAPPHIRE.NS,2026-08-14,daily_1d,1,234.72000122070312,0.23914328776299953,235.28131834865968,0,HOLD,976,47
SAPPHIRE.NS,2026-08-14,weekly_5d,5,234.72000122070312,3.1792666763067245,242.18237600213968,1,BUY,976,47
SAPPHIRE.NS,2026-08-14,monthly_20d,20,234.72000122070312,-4.067825898528099,225.1720002220219,-1,SELL / EXIT,976,47
SARDAEN.NS,2026-08-14,daily_1d,1,531.1500244140625,-1.365597266703844,523.8966541985673,-1,SELL / EXIT,1020,47
SARDAEN.NS,2026-08-14,weekly_5d,5,531.1500244140625,-2.7192985638976097,516.7064694280291,-1,SELL / EXIT,1020,47
SARDAEN.NS,2026-08-14,monthly_20d,20,531.1500244140625,-3.4488413482904434,512.8315027506155,-1,SELL / EXIT,1020,47
SAREGAMA.NS,2026-08-14,daily_1d,1,527.2999877929688,0.04740924923680723,527.5499767584072,0,HOLD,1019,47
SAREGAMA.NS,2026-08-14,weekly_5d,5,527.2999877929688,-2.1923551335930824,515.7396994411539,-1,SELL / EXIT,1019,47
SAREGAMA.NS,2026-08-14,monthly_20d,20,527.2999877929688,-6.3569143414497375,493.7799792464948,-1,SELL / EXIT,1019,47
SBFC.NS,2026-08-14,daily_1d,1,94.05000305175781,-0.19407536601647735,93.8674751640966,0,HOLD,543,47
SBFC.NS,2026-08-14,weekly_5d,5,94.05000305175781,-0.22784324828535318,93.83571646979222,0,HOLD,543,47
SBFC.NS,2026-08-14,monthly_20d,20,94.05000305175781,2.7751319110393524,96.66001469878063,1,BUY,543,47
SBICARD.NS,2026-08-14,daily_1d,1,633.0,1.0229607112705708,639.4753413023427,1,BUY,1020,47
SBICARD.NS,2026-08-14,weekly_5d,5,633.0,0.7991928607225418,638.0588908083737,1,BUY,1020,47
SBICARD.NS,2026-08-14,monthly_20d,20,633.0,0.6540758535265923,637.1403001528233,0,HOLD,1020,47
SBILIFE.NS,2026-08-17,daily_1d,1,1790.4000244140625,-0.44308840297162533,1782.4669695390826,-1,SELL / EXIT,1021,47
SBILIFE.NS,2026-08-17,weekly_5d,5,1790.4000244140625,-0.41704620234668255,1782.9332291054295,0,HOLD,1021,47
SBILIFE.NS,2026-08-17,monthly_20d,20,1790.4000244140625,-4.393357038497925,1711.7413589241987,-1,SELL / EXIT,1021,47
SBIN.NS,2026-08-17,daily_1d,1,1061.199951171875,-0.0654403236694634,1060.505498489048,0,HOLD,1021,47
SBIN.NS,2026-08-17,weekly_5d,5,1061.199951171875,-0.7809121627360582,1052.9129116822246,-1,SELL / EXIT,1021,47
SBIN.NS,2026-08-17,monthly_20d,20,1061.199951171875,-6.495513021945953,992.2695701546218,-1,SELL / EXIT,1021,47
SCHAEFFLER.NS,2026-08-14,daily_1d,1,4043.199951171875,0.022741977591067553,4044.1194547987325,0,HOLD,1020,47
SCHAEFFLER.NS,2026-08-14,weekly_5d,5,4043.199951171875,0.3609406063333154,4057.793501590903,0,HOLD,1020,47
SCHAEFFLER.NS,2026-08-14,monthly_20d,20,4043.199951171875,-2.514752745628357,3941.523469388536,-1,SELL / EXIT,1020,47
SCHNEIDER.NS,2026-08-14,daily_1d,1,1369.199951171875,-7.5462572276592255,1265.8766008954608,-1,SELL / EXIT,1020,47
SCHNEIDER.NS,2026-08-14,weekly_5d,5,1369.199951171875,-8.28850343823433,1255.7137661426914,-1,SELL / EXIT,1020,47
SCHNEIDER.NS,2026-08-14,monthly_20d,20,1369.199951171875,-12.563809752464294,1197.1762741758066,-1,SELL / EXIT,1020,47
SCI.NS,2026-08-17,daily_1d,1,285.4289855957031,1.6969295218586922,290.2725143162184,1,BUY,1021,47
SCI.NS,2026-08-17,weekly_5d,5,285.4289855957031,2.0576292648911476,291.30205593380225,1,BUY,1021,47
SCI.NS,2026-08-17,monthly_20d,20,285.4289855957031,-3.673986718058586,274.94236257542764,-1,SELL / EXIT,1021,47
SHREECEM.NS,2026-08-17,daily_1d,1,24535.0,0.34976776223629713,24620.815520464676,1,BUY,1021,47
SHREECEM.NS,2026-08-17,weekly_5d,5,24535.0,-0.6303008180111647,24380.35569430096,-1,SELL / EXIT,1021,47
SHREECEM.NS,2026-08-17,monthly_20d,20,24535.0,-4.376419261097908,23461.24553428963,-1,SELL / EXIT,1021,47
SHRIRAMFIN.NS,2026-08-17,daily_1d,1,1122.0,-0.42365542612969875,1117.2465861188248,-1,SELL / EXIT,1021,47
SHRIRAMFIN.NS,2026-08-17,weekly_5d,5,1122.0,0.31425831839442253,1125.5259783323854,0,HOLD,1021,47
SHRIRAMFIN.NS,2026-08-17,monthly_20d,20,1122.0,-9.597446769475937,1014.31664724648,-1,SELL / EXIT,1021,47
SHYAMMETL.NS,2026-08-17,daily_1d,1,986.9000244140625,-0.033162045292556286,986.572748180974,0,HOLD,1021,47
SHYAMMETL.NS,2026-08-17,weekly_5d,5,986.9000244140625,1.366657204926014,1000.3875647031339,1,BUY,1021,47
SHYAMMETL.NS,2026-08-17,monthly_20d,20,986.9000244140625,7.427024096250534,1060.1973270331973,1,BUY,1021,47
SIEMENS.NS,2026-08-17,daily_1d,1,3943.0,0.25589053984731436,3953.0897639861796,1,BUY,1020,47
SIEMENS.NS,2026-08-17,weekly_5d,5,3943.0,1.8172284588217735,4014.6533181313425,1,BUY,1020,47
SIEMENS.NS,2026-08-17,monthly_20d,20,3943.0,-2.155119925737381,3858.023621328175,-1,SELL / EXIT,1020,47
SIGNATURE.NS,2026-08-14,daily_1d,1,809.25,-0.25523293297737837,807.1845274898806,-1,SELL / EXIT,513,47
SIGNATURE.NS,2026-08-14,weekly_5d,5,809.25,-1.5867708250880241,796.4090570979752,-1,SELL / EXIT,513,47
SIGNATURE.NS,2026-08-14,monthly_20d,20,809.25,-6.744126230478287,754.6731584798545,-1,SELL / EXIT,513,47
SJVN.NS,2026-08-14,daily_1d,1,66.8539047241211,-0.26125095319002867,66.67924826078458,-1,SELL / EXIT,1020,47
SJVN.NS,2026-08-14,weekly_5d,5,66.8539047241211,-1.5230516903102398,65.83568519818198,-1,SELL / EXIT,1020,47
SJVN.NS,2026-08-14,monthly_20d,20,66.8539047241211,-1.833568513393402,65.62809257712559,-1,SELL / EXIT,1020,47
SKFINDIA.NS,2026-08-17,daily_1d,1,1652.800048828125,-1.8023891374468803,1623.0101602843301,-1,SELL / EXIT,1021,47
SKFINDIA.NS,2026-08-17,weekly_5d,5,1652.800048828125,-3.445529192686081,1595.8523406490222,-1,SELL / EXIT,1021,47
SKFINDIA.NS,2026-08-17,monthly_20d,20,1652.800048828125,-8.491048961877823,1512.4599874401883,-1,SELL / EXIT,1021,47
SOBHA.NS,2026-08-17,daily_1d,1,1321.0,-0.02739386400207877,1320.6381270565325,0,HOLD,1020,47
SOBHA.NS,2026-08-17,weekly_5d,5,1321.0,-0.7941389456391335,1310.509424528107,-1,SELL / EXIT,1020,47
SOBHA.NS,2026-08-17,monthly_20d,20,1321.0,-7.80312716960907,1217.9206900894642,-1,SELL / EXIT,1020,47
SOLARINDS.NS,2026-08-17,daily_1d,1,20000.0,0.8535305969417095,20170.706119388342,1,BUY,1020,47
SOLARINDS.NS,2026-08-17,weekly_5d,5,20000.0,-1.3282612897455692,19734.347742050886,-1,SELL / EXIT,1020,47
SOLARINDS.NS,2026-08-17,monthly_20d,20,20000.0,-0.6382864434272051,19872.34271131456,0,HOLD,1020,47
SONACOMS.NS,2026-08-17,daily_1d,1,805.0999755859375,1.332934945821762,815.8314345093249,1,BUY,1021,47
SONACOMS.NS,2026-08-17,weekly_5d,5,805.0999755859375,1.728292740881443,819.0144600208275,1,BUY,1021,47
SONACOMS.NS,2026-08-17,monthly_20d,20,805.0999755859375,0.1667759264819324,806.4426885293268,0,HOLD,1021,47
SONATSOFTW.NS,2026-08-17,daily_1d,1,320.3999938964844,-1.1777847073972225,316.62637176587,-1,SELL / EXIT,1021,47
SONATSOFTW.NS,2026-08-17,weekly_5d,5,320.3999938964844,-2.3007243871688843,313.02847310042034,-1,SELL / EXIT,1021,47
SONATSOFTW.NS,2026-08-17,monthly_20d,20,320.3999938964844,-11.714710295200348,282.86606282567163,-1,SELL / EXIT,1021,47
SRF.NS,2026-08-14,daily_1d,1,2606.0,-0.06124524516053498,2604.4039489111165,0,HOLD,1020,47
SRF.NS,2026-08-14,weekly_5d,5,2606.0,-1.209131721407175,2574.490027340129,-1,SELL / EXIT,1020,47
SRF.NS,2026-08-14,monthly_20d,20,2606.0,-3.987651690840721,2502.081796936691,-1,SELL / EXIT,1020,47
STARHEALTH.NS,2026-08-14,daily_1d,1,585.1500244140625,0.08328212425112724,585.6373497844505,0,HOLD,961,47
STARHEALTH.NS,2026-08-14,weekly_5d,5,585.1500244140625,-1.4327875338494778,576.7660678099406,-1,SELL / EXIT,961,47
STARHEALTH.NS,2026-08-14,monthly_20d,20,585.1500244140625,-5.054693669080734,555.5724831753805,-1,SELL / EXIT,961,47
SUMICHEM.NS,2026-08-14,daily_1d,1,564.9500122070312,-0.43427152559161186,562.4965951701897,-1,SELL / EXIT,1020,47
SUMICHEM.NS,2026-08-14,weekly_5d,5,564.9500122070312,-4.037326201796532,542.1411373371441,-1,SELL / EXIT,1020,47
SUMICHEM.NS,2026-08-14,monthly_20d,20,564.9500122070312,-15.844404697418213,475.4370459348356,-1,SELL / EXIT,1020,47
SUNDARMFIN.NS,2026-08-14,daily_1d,1,4470.5,0.6196667440235615,4498.202201791573,1,BUY,1020,47
SUNDARMFIN.NS,2026-08-14,weekly_5d,5,4470.5,1.9305946305394173,4556.807232958265,1,BUY,1020,47
SUNDARMFIN.NS,2026-08-14,monthly_20d,20,4470.5,2.6401422917842865,4588.5275611542165,1,BUY,1020,47
SUNDRMFAST.NS,2026-08-14,daily_1d,1,1217.5999755859375,0.3697117092087865,1222.101585267002,1,BUY,1019,47
SUNDRMFAST.NS,2026-08-14,weekly_5d,5,1217.5999755859375,1.5619001351296902,1236.6176712499532,1,BUY,1019,47
SUNDRMFAST.NS,2026-08-14,monthly_20d,20,1217.5999755859375,2.7405446395277977,1250.9688464477497,1,BUY,1019,47
SUNPHARMA.NS,2026-08-17,daily_1d,1,1882.0,-0.02101397985825315,1881.6045168990677,0,HOLD,1021,47
SUNPHARMA.NS,2026-08-17,weekly_5d,5,1882.0,0.0719515373930335,1883.354127933737,0,HOLD,1021,47
SUNPHARMA.NS,2026-08-17,monthly_20d,20,1882.0,-2.025873400270939,1843.873062606901,-1,SELL / EXIT,1021,47
SUNTV.NS,2026-08-14,daily_1d,1,479.63739013671875,-0.12511428212746978,479.03729525923427,0,HOLD,1020,47
SUNTV.NS,2026-08-14,weekly_5d,5,479.63739013671875,-1.5423296950757504,472.2398002399538,-1,SELL / EXIT,1020,47
SUNTV.NS,2026-08-14,monthly_20d,20,479.63739013671875,-4.170817136764526,459.63259167456636,-1,SELL / EXIT,1020,47
SUPREMEIND.NS,2026-08-14,daily_1d,1,3558.89990234375,0.370745244435966,3572.0943544859256,1,BUY,1020,47
SUPREMEIND.NS,2026-08-14,weekly_5d,5,3558.89990234375,2.150384336709976,3635.4299284029366,1,BUY,1020,47
SUPREMEIND.NS,2026-08-14,monthly_20d,20,3558.89990234375,-3.6188270896673203,3430.1094685835906,-1,SELL / EXIT,1020,47
SUZLON.NS,2026-08-17,daily_1d,1,49.0,-1.243453100323677,48.3907079808414,-1,SELL / EXIT,1021,47
SUZLON.NS,2026-08-17,weekly_5d,5,49.0,-3.609691932797432,47.23125095292926,-1,SELL / EXIT,1021,47
SUZLON.NS,2026-08-17,monthly_20d,20,49.0,-10.57375892996788,43.81885812431574,-1,SELL / EXIT,1021,47
SWSOLAR.NS,2026-08-14,daily_1d,1,202.00999450683594,0.39393575862050056,202.8057841111857,1,BUY,1020,47
SWSOLAR.NS,2026-08-14,weekly_5d,5,202.00999450683594,-4.0317002683877945,193.86555701613366,-1,SELL / EXIT,1020,47
SWSOLAR.NS,2026-08-14,monthly_20d,20,202.00999450683594,-10.502535849809647,180.793822413557,-1,SELL / EXIT,1020,47
SYNGENE.NS,2026-08-17,daily_1d,1,403.0,-0.09210560820065439,402.62881439895136,0,HOLD,1021,47
SYNGENE.NS,2026-08-17,weekly_5d,5,403.0,-0.6653833203017712,400.31850521918386,-1,SELL / EXIT,1021,47
SYNGENE.NS,2026-08-17,monthly_20d,20,403.0,-5.251793563365936,381.8352719396353,-1,SELL / EXIT,1021,47
SYRMA.NS,2026-08-14,daily_1d,1,1463.7027587890625,-0.1755744218826294,1461.1328711322385,0,HOLD,784,47
SYRMA.NS,2026-08-14,weekly_5d,5,1463.7027587890625,-0.8471307344734669,1451.3032828580244,-1,SELL / EXIT,784,47
SYRMA.NS,2026-08-14,monthly_20d,20,1463.7027587890625,4.063427448272705,1523.179258450822,1,BUY,784,47
TANLA.NS,2026-08-17,daily_1d,1,573.5,0.8982973173260689,578.651735114865,1,BUY,1021,47
TANLA.NS,2026-08-17,weekly_5d,5,573.5,-0.9167497046291828,568.2424404439516,-1,SELL / EXIT,1021,47
TANLA.NS,2026-08-17,monthly_20d,20,573.5,-11.592080444097519,507.01941865310073,-1,SELL / EXIT,1021,47
TARIL.NS,2026-08-17,daily_1d,1,296.29998779296875,2.4345899000763893,303.51367736970394,1,BUY,1021,47
TARIL.NS,2026-08-17,weekly_5d,5,296.29998779296875,2.5527173653244972,303.86368903481423,1,BUY,1021,47
TARIL.NS,2026-08-17,monthly_20d,20,296.29998779296875,0.5202813073992729,297.8415812432819,0,HOLD,1021,47
TATACHEM.NS,2026-08-17,daily_1d,1,662.9000244140625,-1.0393423028290272,656.0102240348632,-1,SELL / EXIT,1021,47
TATACHEM.NS,2026-08-17,weekly_5d,5,662.9000244140625,-4.167056828737259,635.2766036790154,-1,SELL / EXIT,1021,47
TATACHEM.NS,2026-08-17,monthly_20d,20,662.9000244140625,7.516010105609894,712.7236572391139,1,BUY,1021,47
TATACOMM.NS,2026-08-14,daily_1d,1,1718.0999755859375,-0.4169055260717869,1710.9371218442816,-1,SELL / EXIT,1020,47
TATACOMM.NS,2026-08-14,weekly_5d,5,1718.0999755859375,-3.0002597719430923,1666.5525131766685,-1,SELL / EXIT,1020,47
TATACOMM.NS,2026-08-14,monthly_20d,20,1718.0999755859375,0.7083980832248926,1730.2709628808757,0,HOLD,1020,47
TATACONSUM.NS,2026-08-17,daily_1d,1,1072.5999755859375,-0.3573700087144971,1068.7668249597143,-1,SELL / EXIT,1021,47
TATACONSUM.NS,2026-08-17,weekly_5d,5,1072.5999755859375,-0.21743495017290115,1070.2677683634677,0,HOLD,1021,47
TATACONSUM.NS,2026-08-17,monthly_20d,20,1072.5999755859375,-4.7929830849170685,1021.1904401872789,-1,SELL / EXIT,1021,47
TATAELXSI.NS,2026-08-17,daily_1d,1,3760.0,-1.1029881425201893,3718.527645841241,-1,SELL / EXIT,1021,47
TATAELXSI.NS,2026-08-17,weekly_5d,5,3760.0,-1.8329717218875885,3691.0802632570267,-1,SELL / EXIT,1021,47
TATAELXSI.NS,2026-08-17,monthly_20d,20,3760.0,-8.518285304307938,3439.7124725580215,-1,SELL / EXIT,1021,47
TATAINVEST.NS,2026-08-17,daily_1d,1,654.5499877929688,-0.4753834567964077,651.4383654345381,-1,SELL / EXIT,1021,47
TATAINVEST.NS,2026-08-17,weekly_5d,5,654.5499877929688,-0.6354202516376972,650.3908446134401,-1,SELL / EXIT,1021,47
TATAINVEST.NS,2026-08-17,monthly_20d,20,654.5499877929688,2.5383593514561653,671.1648186180668,1,BUY,1021,47
TATAPOWER.NS,2026-08-17,daily_1d,1,381.5,-0.3187088994309306,380.284125548671,-1,SELL / EXIT,1021,47
TATAPOWER.NS,2026-08-17,weekly_5d,5,381.5,-0.8337276056408882,378.31932918448,-1,SELL / EXIT,1021,47
TATAPOWER.NS,2026-08-17,monthly_20d,20,381.5,-4.136710241436958,365.718450428918,-1,SELL / EXIT,1021,47
TATASTEEL.NS,2026-08-17,daily_1d,1,186.0,0.20756865851581097,186.3860777048394,0,HOLD,1021,47
TATASTEEL.NS,2026-08-17,weekly_5d,5,186.0,0.32401743810623884,186.6026724348776,0,HOLD,1021,47
TATASTEEL.NS,2026-08-17,monthly_20d,20,186.0,-0.7669662125408649,184.573442844674,0,HOLD,1021,47
TATATECH.NS,2026-08-17,daily_1d,1,841.6500244140625,-0.04485668323468417,841.2724881286664,0,HOLD,474,47
TATATECH.NS,2026-08-17,weekly_5d,5,841.6500244140625,-4.052232950925827,807.5444047932806,-1,SELL / EXIT,474,47
TATATECH.NS,2026-08-17,monthly_20d,20,841.6500244140625,-9.267456084489822,763.6504780163914,-1,SELL / EXIT,474,47
TBOTEK.NS,2026-08-17,daily_1d,1,1700.0,-0.3188718343153596,1694.579178816639,-1,SELL / EXIT,364,47
TBOTEK.NS,2026-08-17,weekly_5d,5,1700.0,-0.9676318615674973,1683.5502583533525,-1,SELL / EXIT,364,47
TBOTEK.NS,2026-08-17,monthly_20d,20,1700.0,-2.1542521193623543,1663.37771397084,-1,SELL / EXIT,364,47
TCS.NS,2026-08-17,daily_1d,1,2313.199951171875,-0.8279046975076199,2294.0488601133793,-1,SELL / EXIT,1021,47
TCS.NS,2026-08-17,weekly_5d,5,2313.199951171875,-0.6305668968707323,2298.613678021355,-1,SELL / EXIT,1021,47
TCS.NS,2026-08-17,monthly_20d,20,2313.199951171875,-3.642433136701584,2228.9431896322258,-1,SELL / EXIT,1021,47
TECHM.NS,2026-08-17,daily_1d,1,1610.0,-0.7521225605159998,1597.8908267756924,-1,SELL / EXIT,1021,47
TECHM.NS,2026-08-17,weekly_5d,5,1610.0,-1.823226921260357,1580.6460465677083,-1,SELL / EXIT,1021,47
TECHM.NS,2026-08-17,monthly_20d,20,1610.0,-3.297419846057892,1556.911540478468,-1,SELL / EXIT,1021,47
TECHNOE.NS,2026-08-14,daily_1d,1,961.4676513671875,-0.23203014861792326,959.236756546807,0,HOLD,1020,47
TECHNOE.NS,2026-08-14,weekly_5d,5,961.4676513671875,1.5072556212544441,975.9594265889625,1,BUY,1020,47
TECHNOE.NS,2026-08-14,monthly_20d,20,961.4676513671875,-0.27118592988699675,958.8602863762648,0,HOLD,1020,47
TEJASNET.NS,2026-08-17,daily_1d,1,522.8499755859375,0.0409782980568707,523.0642306073233,0,HOLD,1021,47
TEJASNET.NS,2026-08-17,weekly_5d,5,522.8499755859375,-0.6206820253282785,519.6047397680422,-1,SELL / EXIT,1021,47
TEJASNET.NS,2026-08-17,monthly_20d,20,522.8499755859375,2.310343272984028,534.9296048246858,1,BUY,1021,47
THERMAX.NS,2026-08-17,daily_1d,1,4141.39990234375,-1.1727957986295223,4092.8297382846154,-1,SELL / EXIT,1020,47
THERMAX.NS,2026-08-17,weekly_5d,5,4141.39990234375,-3.5079561173915863,3996.1214111238332,-1,SELL / EXIT,1020,47
THERMAX.NS,2026-08-17,monthly_20d,20,4141.39990234375,-11.827833950519562,3651.561998667552,-1,SELL / EXIT,1020,47
TIINDIA.NS,2026-08-14,daily_1d,1,2733.5,0.3744731657207012,2743.7362239849754,1,BUY,1020,47
TIINDIA.NS,2026-08-14,weekly_5d,5,2733.5,3.9458058774471283,2841.3586036600173,1,BUY,1020,47
TIINDIA.NS,2026-08-14,monthly_20d,20,2733.5,-3.5401932895183563,2636.7288164310157,-1,SELL / EXIT,1020,47
TIMKEN.NS,2026-08-17,daily_1d,1,3290.5,0.0436682254076004,3291.936902957037,0,HOLD,1020,47
TIMKEN.NS,2026-08-17,weekly_5d,5,3290.5,-3.8845397531986237,3162.6792194209993,-1,SELL / EXIT,1020,47
TIMKEN.NS,2026-08-17,monthly_20d,20,3290.5,-3.5060908645391464,3175.1320801023394,-1,SELL / EXIT,1020,47
TITAGARH.NS,2026-08-17,daily_1d,1,820.9500122070312,1.115711499005556,830.1094458943126,1,BUY,1021,47
TITAGARH.NS,2026-08-17,weekly_5d,5,820.9500122070312,1.8577303737401962,836.2010499370251,1,BUY,1021,47
TITAGARH.NS,2026-08-17,monthly_20d,20,820.9500122070312,-0.8548939600586891,813.9317601375723,0,HOLD,1021,47
TITAN.NS,2026-08-17,daily_1d,1,5068.5,-0.20414558239281178,5058.15288115642,0,HOLD,1021,47
TITAN.NS,2026-08-17,weekly_5d,5,5068.5,0.14460769016295671,5075.8294407759095,0,HOLD,1021,47
TITAN.NS,2026-08-17,monthly_20d,20,5068.5,-2.0171431824564934,4966.261097797193,-1,SELL / EXIT,1021,47
TORNTPHARM.NS,2026-08-17,daily_1d,1,4900.0,0.3511480987071991,4917.206256836653,1,BUY,1021,47
TORNTPHARM.NS,2026-08-17,weekly_5d,5,4900.0,0.1899041119031608,4909.305301483255,0,HOLD,1021,47
TORNTPHARM.NS,2026-08-17,monthly_20d,20,4900.0,1.6074256971478462,4978.7638591602445,1,BUY,1021,47
TORNTPOWER.NS,2026-08-14,daily_1d,1,1309.0999755859375,-0.0771211925894022,1308.090382072578,0,HOLD,1020,47
TORNTPOWER.NS,2026-08-14,weekly_5d,5,1309.0999755859375,-3.190263733267784,1267.336233832602,-1,SELL / EXIT,1020,47
TORNTPOWER.NS,2026-08-14,monthly_20d,20,1309.0999755859375,-0.8181132376194,1298.3900553919966,0,HOLD,1020,47
TRENT.NS,2026-08-17,daily_1d,1,2946.0,-0.09566287626512349,2943.1817716652295,0,HOLD,1021,47
TRENT.NS,2026-08-17,weekly_5d,5,2946.0,-0.8537087589502335,2920.849739961326,-1,SELL / EXIT,1021,47
TRENT.NS,2026-08-17,monthly_20d,20,2946.0,-5.77516034245491,2775.8637763112783,-1,SELL / EXIT,1021,47
TRIDENT.NS,2026-08-14,daily_1d,1,24.34000015258789,-0.11374085443094373,24.312315628445845,0,HOLD,1020,47
TRIDENT.NS,2026-08-14,weekly_5d,5,24.34000015258789,-0.1983261201530695,24.291727574640014,0,HOLD,1020,47
TRIDENT.NS,2026-08-14,monthly_20d,20,24.34000015258789,-3.9403263479471207,23.3809247134851,-1,SELL / EXIT,1020,47
TRITURBINE.NS,2026-08-14,daily_1d,1,590.3519897460938,0.4955426789820194,593.2774358115053,1,BUY,1020,47
TRITURBINE.NS,2026-08-14,weekly_5d,5,590.3519897460938,-2.480773814022541,575.7066921739116,-1,SELL / EXIT,1020,47
TRITURBINE.NS,2026-08-14,monthly_20d,20,590.3519897460938,-4.107832536101341,566.1013186337821,-1,SELL / EXIT,1020,47
TRIVENI.NS,2026-08-14,daily_1d,1,265.24664306640625,2.914433181285858,272.97707924418046,1,BUY,1020,47
TRIVENI.NS,2026-08-14,weekly_5d,5,265.24664306640625,11.642463505268097,296.12788668436133,1,BUY,1020,47
TRIVENI.NS,2026-08-14,monthly_20d,20,265.24664306640625,-4.1944097727537155,254.12111194772774,-1,SELL / EXIT,1020,47
TTML.NS,2026-08-17,daily_1d,1,38.150001525878906,-0.6392870098352432,37.906113521872015,-1,SELL / EXIT,1021,47
TTML.NS,2026-08-17,weekly_5d,5,38.150001525878906,-3.2353725284337997,36.915706856913545,-1,SELL / EXIT,1021,47
TTML.NS,2026-08-17,monthly_20d,20,38.150001525878906,-3.3375173807144165,36.87673859420988,-1,SELL / EXIT,1021,47
TVSMOTOR.NS,2026-08-17,daily_1d,1,4385.89990234375,-0.40647215209901333,4368.072440621785,-1,SELL / EXIT,1021,47
TVSMOTOR.NS,2026-08-17,weekly_5d,5,4385.89990234375,-1.0060635395348072,4341.774962545776,-1,SELL / EXIT,1021,47
TVSMOTOR.NS,2026-08-17,monthly_20d,20,4385.89990234375,-6.666861474514008,4093.498031443647,-1,SELL / EXIT,1021,47
TVSSCS.NS,2026-08-14,daily_1d,1,123.38999938964844,-1.2671688571572304,121.82643974453632,-1,SELL / EXIT,538,47
TVSSCS.NS,2026-08-14,weekly_5d,5,123.38999938964844,-1.3961759395897388,121.66725790631024,-1,SELL / EXIT,538,47
TVSSCS.NS,2026-08-14,monthly_20d,20,123.38999938964844,2.720239944756031,126.74650344087988,1,BUY,538,47
UBL.NS,2026-08-14,daily_1d,1,1376.5999755859375,0.05458551459014416,1377.3513997664588,0,HOLD,1020,47
UBL.NS,2026-08-14,weekly_5d,5,1376.5999755859375,-0.7013713009655476,1366.944898428079,-1,SELL / EXIT,1020,47
UBL.NS,2026-08-14,monthly_20d,20,1376.5999755859375,-7.844558358192444,1268.6117871422357,-1,SELL / EXIT,1020,47
UCOBANK.NS,2026-08-14,daily_1d,1,26.0,0.7423198781907558,26.193003168329597,1,BUY,1020,47
UCOBANK.NS,2026-08-14,weekly_5d,5,26.0,-0.14474865747615695,25.9623653490562,0,HOLD,1020,47
UCOBANK.NS,2026-08-14,monthly_20d,20,26.0,-7.610113173723221,24.021370574831963,-1,SELL / EXIT,1020,47
ULTRACEMCO.NS,2026-08-17,daily_1d,1,11681.0,-0.45984419994056225,11627.285599004943,-1,SELL / EXIT,1021,47
ULTRACEMCO.NS,2026-08-17,weekly_5d,5,11681.0,-0.7940840907394886,11588.24303736072,-1,SELL / EXIT,1021,47
ULTRACEMCO.NS,2026-08-17,monthly_20d,20,11681.0,-6.125500425696373,10965.480295274407,-1,SELL / EXIT,1021,47
UNIONBANK.NS,2026-08-17,daily_1d,1,188.89999389648438,-0.46265721321105957,188.02603444896704,-1,SELL / EXIT,1021,47
UNIONBANK.NS,2026-08-17,weekly_5d,5,188.89999389648438,-2.5198038667440414,184.1400845460015,-1,SELL / EXIT,1021,47
UNIONBANK.NS,2026-08-17,monthly_20d,20,188.89999389648438,-4.176106303930283,181.01132934324937,-1,SELL / EXIT,1021,47
UNITDSPR.NS,2026-08-17,daily_1d,1,1545.0,-0.9717774577438831,1529.986038277857,-1,SELL / EXIT,1021,47
UNITDSPR.NS,2026-08-17,weekly_5d,5,1545.0,-0.43462966568768024,1538.2849716651253,0,HOLD,1021,47
UNITDSPR.NS,2026-08-17,monthly_20d,20,1545.0,-9.506595134735107,1398.1231051683426,-1,SELL / EXIT,1021,47
UNOMINDA.NS,2026-08-17,daily_1d,1,1269.9000244140625,0.18838902469724417,1272.2923766846861,0,HOLD,1021,47
UNOMINDA.NS,2026-08-17,weekly_5d,5,1269.9000244140625,-1.6635654494166374,1248.7744063657767,-1,SELL / EXIT,1021,47
UNOMINDA.NS,2026-08-17,monthly_20d,20,1269.9000244140625,-5.920356139540672,1194.717420352636,-1,SELL / EXIT,1021,47
UPL.NS,2026-08-17,daily_1d,1,567.0999755859375,-0.8545481599867344,562.2538331792827,-1,SELL / EXIT,1021,47
UPL.NS,2026-08-17,weekly_5d,5,567.0999755859375,0.4109504632651806,569.4304755627846,0,HOLD,1021,47
UPL.NS,2026-08-17,monthly_20d,20,567.0999755859375,-0.9707322344183922,561.594953321546,0,HOLD,1021,47
USHAMART.NS,2026-08-14,daily_1d,1,487.95001220703125,0.7694388274103403,491.7044890593056,1,BUY,1020,47
USHAMART.NS,2026-08-14,weekly_5d,5,487.95001220703125,0.2903982065618038,489.36701029139857,0,HOLD,1020,47
USHAMART.NS,2026-08-14,monthly_20d,20,487.95001220703125,0.206611561588943,488.95817334702565,0,HOLD,1020,47
UTIAMC.NS,2026-08-17,daily_1d,1,907.2999877929688,-0.3585073398426175,904.0472507423398,-1,SELL / EXIT,1021,47
UTIAMC.NS,2026-08-17,weekly_5d,5,907.2999877929688,0.2979896729812026,910.0036480595516,0,HOLD,1021,47
UTIAMC.NS,2026-08-17,monthly_20d,20,907.2999877929688,0.10224980069324374,908.2277002221768,0,HOLD,1021,47
VBL.NS,2026-08-17,daily_1d,1,433.8500061035156,0.5617911461740732,436.28733702548084,1,BUY,1021,47
VBL.NS,2026-08-17,weekly_5d,5,433.8500061035156,0.6957870908081532,436.86867843945424,1,BUY,1021,47
VBL.NS,2026-08-17,monthly_20d,20,433.8500061035156,-3.661109134554863,417.966283899793,-1,SELL / EXIT,1021,47
VEDL.NS,2026-08-17,daily_1d,1,269.70001220703125,-1.247615460306406,266.33519315828806,-1,SELL / EXIT,1021,47
VEDL.NS,2026-08-17,weekly_5d,5,269.70001220703125,1.156359724700451,272.81871452570556,1,BUY,1021,47
VEDL.NS,2026-08-17,monthly_20d,20,269.70001220703125,-1.4545544050633907,265.7770787990174,-1,SELL / EXIT,1021,47
VGUARD.NS,2026-08-14,daily_1d,1,326.75,3.3735767006874084,337.7731618694961,1,BUY,1019,47
VGUARD.NS,2026-08-14,weekly_5d,5,326.75,2.466108836233616,334.80801062239334,1,BUY,1019,47
VGUARD.NS,2026-08-14,monthly_20d,20,326.75,0.7654992863535881,329.25126891816035,0,HOLD,1019,47
VIJAYA.NS,2026-08-17,daily_1d,1,1506.5999755859375,-0.7031778804957867,1496.0058978100624,-1,SELL / EXIT,1020,47
VIJAYA.NS,2026-08-17,weekly_5d,5,1506.5999755859375,-1.0301422327756882,1491.0798529584386,-1,SELL / EXIT,1020,47
VIJAYA.NS,2026-08-17,monthly_20d,20,1506.5999755859375,-2.159261517226696,1474.0685420945636,-1,SELL / EXIT,1020,47
VOLTAS.NS,2026-08-17,daily_1d,1,1267.0,-0.3782276762649417,1262.2078553417232,-1,SELL / EXIT,1021,47
VOLTAS.NS,2026-08-17,weekly_5d,5,1267.0,-0.918637216091156,1255.360866472125,-1,SELL / EXIT,1021,47
VOLTAS.NS,2026-08-17,monthly_20d,20,1267.0,-6.692574173212051,1182.2050852254033,-1,SELL / EXIT,1021,47
VTL.NS,2026-08-14,daily_1d,1,585.6336059570312,1.6154378652572632,595.0941529793326,1,BUY,1020,47
VTL.NS,2026-08-14,weekly_5d,5,585.6336059570312,1.829240471124649,596.3462528897039,1,BUY,1020,47
VTL.NS,2026-08-14,monthly_20d,20,585.6336059570312,-4.838276281952858,557.299034100867,-1,SELL / EXIT,1020,47
WELCORP.NS,2026-08-17,daily_1d,1,1882.0,0.5994335282593966,1893.2813390018418,1,BUY,1021,47
WELCORP.NS,2026-08-17,weekly_5d,5,1882.0,21.208758652210236,2281.1488378345966,1,BUY,1021,47
WELCORP.NS,2026-08-17,monthly_20d,20,1882.0,31.58603012561798,2476.4490869641304,1,BUY,1021,47
WELSPUNLIV.NS,2026-08-17,daily_1d,1,168.14999389648438,2.8100259602069855,172.87505237706205,1,BUY,1021,47
WELSPUNLIV.NS,2026-08-17,weekly_5d,5,168.14999389648438,10.135066509246826,185.19210761318755,1,BUY,1021,47
WELSPUNLIV.NS,2026-08-17,monthly_20d,20,168.14999389648438,17.441478371620178,197.47783871382035,1,BUY,1021,47
WESTLIFE.NS,2026-08-14,daily_1d,1,582.9000244140625,-0.1692538266070187,581.9134438174484,0,HOLD,1019,47
WESTLIFE.NS,2026-08-14,weekly_5d,5,582.9000244140625,0.4357549827545881,585.4400403149245,0,HOLD,1019,47
WESTLIFE.NS,2026-08-14,monthly_20d,20,582.9000244140625,-4.357939958572388,557.4975913315939,-1,SELL / EXIT,1019,47
WHIRLPOOL.NS,2026-08-14,daily_1d,1,774.27001953125,-0.3687635064125061,771.4147942581258,-1,SELL / EXIT,1020,47
WHIRLPOOL.NS,2026-08-14,weekly_5d,5,774.27001953125,-2.0650340244174004,758.2810801870664,-1,SELL / EXIT,1020,47
WHIRLPOOL.NS,2026-08-14,monthly_20d,20,774.27001953125,-0.6412538234144449,769.3049834274541,0,HOLD,1020,47
WIPRO.NS,2026-08-17,daily_1d,1,181.89999389648438,-0.8150504902005196,180.41741710455636,-1,SELL / EXIT,1021,47
WIPRO.NS,2026-08-17,weekly_5d,5,181.89999389648438,0.1325051998719573,182.14102084696398,0,HOLD,1021,47
WIPRO.NS,2026-08-17,monthly_20d,20,181.89999389648438,-7.083217054605484,169.01562250648226,-1,SELL / EXIT,1021,47
WOCKPHARMA.NS,2026-08-17,daily_1d,1,1898.800048828125,-1.3191119767725468,1873.7527499690702,-1,SELL / EXIT,1021,47
WOCKPHARMA.NS,2026-08-17,weekly_5d,5,1898.800048828125,-0.7697658147662878,1884.1837351614804,-1,SELL / EXIT,1021,47
WOCKPHARMA.NS,2026-08-17,monthly_20d,20,1898.800048828125,10.88932380080223,2105.5665344748104,1,BUY,1021,47
YESBANK.NS,2026-08-17,daily_1d,1,22.920000076293945,-0.7698104251176119,22.74355952626967,-1,SELL / EXIT,1021,47
YESBANK.NS,2026-08-17,weekly_5d,5,22.920000076293945,-0.813997071236372,22.733431946945537,-1,SELL / EXIT,1021,47
YESBANK.NS,2026-08-17,monthly_20d,20,22.920000076293945,-1.1308010667562485,22.66082047093068,0,HOLD,1021,47
ZEEL.NS,2026-08-17,daily_1d,1,102.42291259765625,1.0110500268638134,103.45845948298955,1,BUY,1021,47
ZEEL.NS,2026-08-17,weekly_5d,5,102.42291259765625,-0.7603106088936329,101.64418032723842,-1,SELL / EXIT,1021,47
ZEEL.NS,2026-08-17,monthly_20d,20,102.42291259765625,-19.571150839328766,82.37756987913508,-1,SELL / EXIT,1021,47
ZENSARTECH.NS,2026-08-17,daily_1d,1,490.75,-0.7427452597767115,487.1049776376458,-1,SELL / EXIT,1021,47
ZENSARTECH.NS,2026-08-17,weekly_5d,5,490.75,-1.5393678098917007,483.1955524729565,-1,SELL / EXIT,1021,47
ZENSARTECH.NS,2026-08-17,monthly_20d,20,490.75,-10.359792411327362,439.90931874141097,-1,SELL / EXIT,1021,47
ZENTEC.NS,2026-08-14,daily_1d,1,1856.2271728515625,-0.1274677342735231,1853.8610821313591,0,HOLD,1020,47
ZENTEC.NS,2026-08-14,weekly_5d,5,1856.2271728515625,1.9014541059732437,1891.5224806459396,1,BUY,1020,47
ZENTEC.NS,2026-08-14,monthly_20d,20,1856.2271728515625,-9.769855439662933,1674.8764614322226,-1,SELL / EXIT,1020,47
ZFCVINDIA.NS,2026-08-14,daily_1d,1,2636.699951171875,-0.5584825295954943,2621.974442586727,-1,SELL / EXIT,1020,47
ZFCVINDIA.NS,2026-08-14,weekly_5d,5,2636.699951171875,-0.49132881686091423,2623.74508449761,0,HOLD,1020,47
ZFCVINDIA.NS,2026-08-14,monthly_20d,20,2636.699951171875,-6.204796582460403,2473.0980827118274,-1,SELL / EXIT,1020,47
ZYDUSLIFE.NS,2026-08-17,daily_1d,1,1131.5,-0.7056571543216705,1123.5154892988503,-1,SELL / EXIT,1021,47
ZYDUSLIFE.NS,2026-08-17,weekly_5d,5,1131.5,-2.1702878177165985,1106.9431933425367,-1,SELL / EXIT,1021,47
ZYDUSLIFE.NS,2026-08-17,monthly_20d,20,1131.5,-2.1127192303538322,1107.5945819085464,-1,SELL / EXIT,1021,47
