date,open,high,low,close,volume,dividends,stock splits,symbol
2025-09-15,1386.5889315301856,1394.3530818320328,1382.2091575524387,1392.8599853515625,5396697,0.0,0.0,RELIANCE.NS
2025-09-16,1398.2350616507645,1401.5199225726963,1391.7649767809332,1398.8323974609375,8686961,0.0,0.0,RELIANCE.NS
2025-09-17,1400.5245819104894,1409.6821922648512,1400.4250664409112,1407.2933349609375,7519417,0.0,0.0,RELIANCE.NS
2025-09-18,1413.8628424954393,1415.4554544293837,1404.2074124117412,1408.4876708984375,9332642,0.0,0.0,RELIANCE.NS
2025-09-19,1408.3882121473878,1410.4785229891424,1397.1401696768169,1400.9227294921875,13461373,0.0,0.0,RELIANCE.NS
2025-09-22,1397.4387885526373,1404.2074196840813,1381.6119415772491,1384.199951171875,7757970,0.0,0.0,RELIANCE.NS
2025-09-23,1384.5982372618869,1388.5798281670254,1370.4636381520502,1383.40380859375,14014702,0.0,0.0,RELIANCE.NS
2025-09-24,1378.9244730635044,1389.5751797778832,1374.0470000648747,1376.635009765625,5922759,0.0,0.0,RELIANCE.NS
2025-09-25,1374.942926360271,1378.128150477363,1362.6994857374575,1366.0838623046875,11411143,0.0,0.0,RELIANCE.NS
2025-09-26,1365.685684712474,1376.3363918134596,1359.7132983361805,1371.2598876953125,9879109,0.0,0.0,RELIANCE.NS
2025-09-29,1375.2413599514077,1382.6073268149732,1361.7039763015719,1366.48193359375,14231999,0.0,0.0,RELIANCE.NS
2025-09-30,1370.7620971908361,1370.7620971908361,1356.5279835173724,1357.722412109375,14604684,0.0,0.0,RELIANCE.NS
2025-10-01,1360.7086293823172,1372.255218175594,1356.4283707523282,1362.4007568359375,12045916,0.0,0.0,RELIANCE.NS
2025-10-03,1356.926091696157,1365.287456651113,1350.6551591113212,1357.125244140625,12842347,0.0,0.0,RELIANCE.NS
2025-10-06,1353.740909090909,1371.0608538471567,1352.7455113636363,1368.671875,12396580,0.0,0.0,RELIANCE.NS
2025-10-07,1369.667209612737,1389.47564777439,1369.5676941462978,1378.4267578125,11244040,0.0,0.0,RELIANCE.NS
2025-10-08,1378.426755451918,1382.6073771032557,1358.2201339506064,1361.1068115234375,8525081,0.0,0.0,RELIANCE.NS
2025-10-09,1367.676424553763,1373.6488106871855,1362.7989515764332,1371.458984375,8826633,0.0,0.0,RELIANCE.NS
2025-10-10,1371.45898859096,1381.6119964455866,1368.7713419175536,1375.3409423828125,6373084,0.0,0.0,RELIANCE.NS
2025-10-13,1370.5631549835205,1371.3594002602317,1361.505059967041,1368.671875,7600682,0.0,0.0,RELIANCE.NS
2025-10-14,1373.6488553790207,1381.612037149334,1363.7943936365562,1369.5677490234375,9768174,0.0,0.0,RELIANCE.NS
2025-10-15,1376.6350089791804,1377.6304066718624,1366.382364141153,1367.97509765625,10882743,0.0,0.0,RELIANCE.NS
2025-10-16,1368.7713249510273,1394.0544503152107,1368.671809484766,1391.8646240234375,12315932,0.0,0.0,RELIANCE.NS
2025-10-17,1394.5522084059296,1416.7496262080865,1392.6609284325848,1410.279541015625,19335561,0.0,0.0,RELIANCE.NS
2025-10-20,1433.3726108781723,1467.0170999313523,1426.7034952504036,1460.04931640625,24721978,0.0,0.0,RELIANCE.NS
2025-10-21,1461.2438272093502,1467.2162134241023,1453.2806455896807,1458.4566650390625,2066169,0.0,0.0,RELIANCE.NS
2025-10-23,1468.2115624957596,1476.0752283864208,1437.9514490416038,1441.7340087890625,18707090,0.0,0.0,RELIANCE.NS
2025-10-24,1443.3266994671071,1453.0816457634617,1434.3681199531734,1444.9193115234375,9700837,0.0,0.0,RELIANCE.NS
2025-10-27,1456.266786847925,1478.16553552233,1451.289798512833,1477.2696533203125,14113867,0.0,0.0,RELIANCE.NS
2025-10-28,1477.26972256393,1485.1333888036675,1470.79963742504,1480.056884765625,17631577,0.0,0.0,RELIANCE.NS
2025-10-29,1483.1425015536738,1501.3583271895798,1481.2512217130793,1497.277099609375,11884745,0.0,0.0,RELIANCE.NS
2025-10-30,1493.0964871305005,1496.1821955688695,1477.1701246011085,1481.6494140625,9318663,0.0,0.0,RELIANCE.NS
2025-10-31,1483.540795005222,1490.6080945575152,1475.4780977270138,1479.5592041015625,8758053,0.0,0.0,RELIANCE.NS
2025-11-03,1479.1610089962214,1488.1195884585134,1472.4918928888083,1477.866943359375,8452085,0.0,0.0,RELIANCE.NS
2025-11-04,1477.07065615293,1485.9297198935935,1463.334119430687,1466.3203125,10007806,0.0,0.0,RELIANCE.NS
2025-11-06,1477.1701896475465,1494.6891648996161,1469.406038969176,1489.2144775390625,16772678,0.0,0.0,RELIANCE.NS
2025-11-07,1487.7213309001133,1491.5038906434634,1469.1074431042953,1471.19775390625,7821765,0.0,0.0,RELIANCE.NS
2025-11-10,1471.0982430243503,1494.0919049344996,1468.7092643110286,1482.44580078125,7068438,0.0,0.0,RELIANCE.NS
2025-11-11,1490.1103850249956,1491.9021495222175,1473.3876547459602,1486.5269775390625,7127506,0.0,0.0,RELIANCE.NS
2025-11-12,1498.0734942427068,1517.6827797499902,1493.0965058897411,1504.5435791015625,12384459,0.0,0.0,RELIANCE.NS
2025-11-13,1508.0275174062697,1515.0948167835015,1499.8653048593553,1503.9464111328125,7196443,0.0,0.0,RELIANCE.NS
2025-11-14,1498.5711928131457,1513.900341239272,1498.5711928131457,1511.9095458984375,7682823,0.0,0.0,RELIANCE.NS
2025-11-17,1513.900387650411,1516.6874283079178,1504.5436249599409,1511.3123779296875,5871416,0.0,0.0,RELIANCE.NS
2025-11-18,1514.696568271851,1520.7685911952462,1503.5481631005248,1512.4072265625,11045042,0.0,0.0,RELIANCE.NS
2025-11-19,1510.4164493928117,1515.2939222795571,1505.0412776708577,1511.9095458984375,5692366,0.0,0.0,RELIANCE.NS
2025-11-20,1522.9585089376258,1543.7623455509595,1519.6736478639639,1541.9705810546875,18171724,0.0,0.0,RELIANCE.NS
2025-11-21,1533.9078528560988,1550.6305827884978,1533.0119706260582,1539.4820556640625,9615271,0.0,0.0,RELIANCE.NS
2025-11-24,1542.8663816107544,1542.8663816107544,1524.7501927010492,1528.831298828125,18433951,0.0,0.0,RELIANCE.NS
2025-11-25,1528.8313312270848,1552.4222077972818,1518.0809876078647,1532.61376953125,15033482,0.0,0.0,RELIANCE.NS
2025-11-26,1535.2018536795324,1564.3669320995493,1533.4100892950657,1562.6748046875,14054299,0.0,0.0,RELIANCE.NS
2025-11-27,1567.7513003642512,1568.2489991897637,1548.8387449947777,1556.2047119140625,9794643,0.0,0.0,RELIANCE.NS
2025-11-28,1560.7835875199362,1574.0224254817672,1555.806599039324,1560.285888671875,8959508,0.0,0.0,RELIANCE.NS
2025-12-01,1567.7513979315313,1570.2398922139623,1556.403839701944,1558.892333984375,8920233,0.0,0.0,RELIANCE.NS
2025-12-02,1553.9152843475838,1560.2858537619331,1534.9032130787248,1539.1834716796875,11389150,0.0,0.0,RELIANCE.NS
2025-12-03,1538.0884656023031,1545.2554018922647,1525.9446623591427,1531.718017578125,6090883,0.0,0.0,RELIANCE.NS
2025-12-04,1528.9308982335338,1553.3181423785347,1510.6155558800758,1528.53271484375,11867930,0.0,0.0,RELIANCE.NS
2025-12-05,1523.356635808528,1538.685784402705,1513.6016899280953,1533.5096435546875,10183266,0.0,0.0,RELIANCE.NS
2025-12-08,1532.1161217020071,1543.861863398969,1527.9354998822807,1535.898681640625,11301491,0.0,0.0,RELIANCE.NS
2025-12-09,1533.211064854301,1535.4008911036892,1513.1039592099478,1522.3612060546875,11503971,0.0,0.0,RELIANCE.NS
2025-12-10,1526.9401045329791,1540.3779737710465,1524.3520947592017,1529.8267822265625,7991629,0.0,0.0,RELIANCE.NS
2025-12-11,1529.826707449835,1542.8663926602953,1516.9860531705099,1537.889404296875,4706197,0.0,0.0,RELIANCE.NS
2025-12-12,1543.6628294631555,1552.62140892391,1538.9843872841,1549.3365478515625,5106655,0.0,0.0,RELIANCE.NS
2025-12-15,1544.060853330096,1551.4268205626304,1539.3825327747268,1549.037841796875,5774543,0.0,0.0,RELIANCE.NS
2025-12-16,1537.8894294536826,1544.5585453663573,1531.7180123854912,1535.201904296875,11731856,0.0,0.0,RELIANCE.NS
2025-12-17,1542.8664391614582,1542.8664391614582,1532.2157323461342,1537.292236328125,7116649,0.0,0.0,RELIANCE.NS
2025-12-18,1528.1345045583196,1544.3595357154854,1528.1345045583196,1537.292236328125,6580829,0.0,0.0,RELIANCE.NS
2025-12-19,1547.2461442463334,1566.9549449740825,1543.8617679066683,1557.8968505859375,13937275,0.0,0.0,RELIANCE.NS
2025-12-22,1566.2582562309594,1570.2398469681211,1558.0960438231807,1568.1495361328125,10184852,0.0,0.0,RELIANCE.NS
2025-12-23,1573.6241984599117,1573.6241984599117,1560.8830596994947,1563.4710693359375,7506564,0.0,0.0,RELIANCE.NS
2025-12-24,1565.4619535362338,1568.448146711295,1546.4498812900458,1551.0286865234375,8815745,0.0,0.0,RELIANCE.NS
2025-12-26,1547.5447581940155,1553.8158123179846,1547.1466963201515,1552.0240478515625,2311495,0.0,0.0,RELIANCE.NS
2025-12-29,1547.7439417510202,1550.9291658570105,1536.495898892566,1538.4866943359375,5972105,0.0,0.0,RELIANCE.NS
2025-12-30,1539.8801935176687,1546.449793829553,1530.7225835687998,1532.71337890625,8815884,0.0,0.0,RELIANCE.NS
2025-12-31,1533.9078900841737,1569.7422080874378,1533.9078900841737,1563.172607421875,5771830,0.0,0.0,RELIANCE.NS
2026-01-01,1566.457230908256,1585.1707553042595,1563.8692213237453,1568.3485107421875,6408128,0.0,0.0,RELIANCE.NS
2026-01-02,1572.7283614795997,1587.2611435561273,1570.9365970213464,1584.9718017578125,6602230,0.0,0.0,RELIANCE.NS
2026-01-05,1585.6684856930358,1604.3820104615531,1568.049995566515,1570.8370361328125,8704973,0.0,0.0,RELIANCE.NS
2026-01-06,1561.77894010158,1561.77894010158,1489.4135782872731,1500.6614990234375,27417125,0.0,0.0,RELIANCE.NS
2026-01-07,1503.0504545946628,1513.004431115157,1491.1056827700695,1497.277099609375,11199340,0.0,0.0,RELIANCE.NS
2026-01-08,1493.0965028672745,1496.9785780764303,1462.040144211037,1463.831787109375,16518684,0.0,0.0,RELIANCE.NS
2026-01-09,1458.2576091430024,1473.0890589574892,1458.2576091430024,1468.51025390625,8335311,0.0,0.0,RELIANCE.NS
2026-01-12,1468.5102348906719,1478.4642116159973,1444.322022844729,1476.373779296875,8883745,0.0,0.0,RELIANCE.NS
2026-01-13,1478.165525590484,1478.9618923221497,1438.050951275772,1446.11376953125,13499760,0.0,0.0,RELIANCE.NS
2026-01-14,1437.3542473990606,1460.2483939989072,1433.5716876182923,1452.086181640625,8321764,0.0,0.0,RELIANCE.NS
2026-01-15,1452.086181640625,1452.086181640625,1452.086181640625,1452.086181640625,0,0.0,0.0,RELIANCE.NS
2026-01-16,1452.0861898343726,1473.1885721290346,1448.4031454989463,1451.1903076171875,17167161,0.0,0.0,RELIANCE.NS
2026-01-19,1443.9238298491432,1443.9238298491432,1396.8415931572963,1407.0941162109375,20392765,0.0,0.0,RELIANCE.NS
2026-01-20,1404.207443054835,1409.4830993039366,1383.6027599099377,1387.5843505859375,13189498,0.0,0.0,RELIANCE.NS
2026-01-21,1383.105138772638,1406.3974698374059,1366.681076311502,1398.1356201171875,17352720,0.0,0.0,RELIANCE.NS
2026-01-22,1403.610286379211,1412.9670491536458,1388.5798052619484,1396.0452880859375,15721693,0.0,0.0,RELIANCE.NS
2026-01-23,1395.348519642108,1400.5245389866304,1374.6441992470054,1379.720703125,9837802,0.0,0.0,RELIANCE.NS
2026-01-27,1373.6487855396595,1385.195374217857,1361.7040134914885,1374.146484375,26302396,0.0,0.0,RELIANCE.NS
2026-01-28,1378.6257466723232,1403.4111724845945,1378.526231208921,1390.2718505859375,11121657,0.0,0.0,RELIANCE.NS
2026-01-29,1396.4434009824272,1396.4434009824272,1377.6303609139109,1384.59814453125,20846683,0.0,0.0,RELIANCE.NS
2026-01-30,1376.236766748553,1391.5659148620384,1372.1556606847782,1388.9779052734375,11239835,0.0,0.0,RELIANCE.NS
2026-02-02,1333.8329085367304,1386.4894707948447,1329.35361891851,1384.0009765625,15711165,0.0,0.0,RELIANCE.NS
2026-02-03,1467.1166446366906,1482.6448239290096,1423.6176937150067,1430.4859619140625,25456171,0.0,0.0,RELIANCE.NS
2026-02-04,1437.3543194605445,1457.2622740237098,1433.6713964697635,1450.095458984375,8333387,0.0,0.0,RELIANCE.NS
2026-02-05,1450.2944646433757,1454.7737543419996,1432.8750047042822,1436.757080078125,11763658,0.0,0.0,RELIANCE.NS
2026-02-06,1434.865799564727,1446.113842295832,1426.9026178813986,1444.123046875,8277304,0.0,0.0,RELIANCE.NS
2026-02-09,1451.2898835062008,1459.153549837875,1446.3128948796364,1454.873291015625,5775864,0.0,0.0,RELIANCE.NS
2026-02-10,1464.2299462371711,1464.2299462371711,1445.5164217743147,1451.7874755859375,10259630,0.0,0.0,RELIANCE.NS
2026-02-11,1452.882456999606,1463.234617369774,1446.91007080626,1461.9405517578125,7106877,0.0,0.0,RELIANCE.NS
2026-02-12,1463.2345557130195,1466.2207486838624,1438.8473131178025,1442.231689453125,11135399,0.0,0.0,RELIANCE.NS
2026-02-13,1438.8473526451965,1444.0233720001163,1409.7817888672503,1413.0665283203125,10755693,0.0,0.0,RELIANCE.NS
2026-02-16,1413.564201587246,1432.9744560797708,1402.8139796964888,1430.4859619140625,5896514,0.0,0.0,RELIANCE.NS
2026-02-17,1424.5136248062843,1425.2104761017015,1412.0711535507119,1416.450927734375,10731630,0.0,0.0,RELIANCE.NS
2026-02-18,1420.4325123887006,1435.4629932986807,1412.6683617554224,1434.666748046875,5521096,0.0,0.0,RELIANCE.NS
2026-02-19,1436.3588845536149,1436.3588845536149,1393.5567833507007,1403.0130615234375,11884664,0.0,0.0,RELIANCE.NS
2026-02-20,1403.013091941889,1420.8307355027325,1399.6287153786739,1412.8675537109375,8177670,0.0,0.0,RELIANCE.NS
2026-02-23,1418.4416634695872,1428.2961245911818,1411.772547760535,1421.4278564453125,7758856,0.0,0.0,RELIANCE.NS
2026-02-24,1418.7403513100855,1426.7035326906043,1408.4877066792656,1422.2242431640625,12529409,0.0,0.0,RELIANCE.NS
2026-02-25,1428.395737725409,1433.8704252219175,1387.0867320699354,1392.063720703125,10728792,0.0,0.0,RELIANCE.NS
2026-02-26,1392.0637118415314,1406.397463315574,1385.4941111892442,1400.3255615234375,16683858,0.0,0.0,RELIANCE.NS
2026-02-27,1391.5659695052796,1403.9089251530934,1381.711508080472,1387.48486328125,12031440,0.0,0.0,RELIANCE.NS
2026-03-02,1369.1694587628867,1372.2551671563263,1335.3259388807069,1351.75,23728722,0.0,0.0,RELIANCE.NS
2026-03-04,1323.8789706886037,1346.5740873609554,1300.9848230751916,1338.8099365234375,32495007,0.0,0.0,RELIANCE.NS
2026-03-05,1346.8726294272453,1392.5614090361375,1346.8726294272453,1383.005615234375,25957532,0.0,0.0,RELIANCE.NS
2026-03-06,1390.0728674061675,1417.7449716586152,1383.9014503612218,1398.334716796875,19311971,0.0,0.0,RELIANCE.NS
2026-03-09,1368.6718029922313,1422.8214608086796,1363.6948146177142,1417.4462890625,24870822,0.0,0.0,RELIANCE.NS
2026-03-10,1424.015880450879,1424.9117626543534,1394.1539503917586,1402.3162841796875,18071259,0.0,0.0,RELIANCE.NS
2026-03-11,1418.34212900751,1427.4002232775151,1377.2321576556008,1383.8017578125,21848087,0.0,0.0,RELIANCE.NS
2026-03-12,1383.6027762448114,1404.4066120742223,1374.7437125844203,1385.7926025390625,20939959,0.0,0.0,RELIANCE.NS
2026-03-13,1378.8248707870416,1394.3531723993444,1372.0562392077015,1374.3455810546875,17265090,0.0,0.0,RELIANCE.NS
2026-03-16,1373.6488401657623,1390.8692691567512,1357.224777946389,1388.6793212890625,22837802,0.0,0.0,RELIANCE.NS
2026-03-17,1392.5613056143347,1399.429573667814,1381.8109624429321,1391.167724609375,19007744,0.0,0.0,RELIANCE.NS
2026-03-18,1390.7696473738063,1406.3974645008152,1390.7696473738063,1401.6195068359375,9559327,0.0,0.0,RELIANCE.NS
2026-03-19,1381.6119817895922,1409.1844489610974,1369.7667250791762,1378.4267578125,16498373,0.0,0.0,RELIANCE.NS
2026-03-20,1391.5659566755692,1423.4186824363833,1389.6746767818195,1407.8905029296875,22994918,0.0,0.0,RELIANCE.NS
2026-03-23,1393.5567722314413,1409.0849519631759,1384.598192981382,1401.3209228515625,18979554,0.0,0.0,RELIANCE.NS
2026-03-24,1413.4647025895886,1415.8536813182018,1400.1263494042955,1405.302490234375,18620893,0.0,0.0,RELIANCE.NS
2026-03-25,1413.464703831985,1423.9163794589117,1401.9181150601291,1406.596435546875,19041331,0.0,0.0,RELIANCE.NS
2026-03-27,1394.552193095842,1398.235116023098,1338.809921280448,1341.8956298828125,23266517,0.0,0.0,RELIANCE.NS
2026-03-30,1328.855902170806,1358.7178325566667,1327.960019957529,1337.7149658203125,24393861,0.0,0.0,RELIANCE.NS
2026-04-01,1377.8294025098971,1378.028554948465,1356.6275051009459,1362.8984375,14404619,0.0,0.0,RELIANCE.NS
2026-04-02,1350.7546307176451,1351.9490593116357,1321.8880984473344,1344.2845458984375,21280051,0.0,0.0,RELIANCE.NS
2026-04-06,1352.7454554606609,1352.7454554606609,1284.0630151171836,1298.6953125,29274881,0.0,0.0,RELIANCE.NS
2026-04-07,1289.040031502862,1302.2788696189978,1285.058440671965,1298.5958251953125,28388922,0.0,0.0,RELIANCE.NS
2026-04-08,1342.7914745147666,1344.3840865060406,1320.0963587364665,1341.5970458984375,21817543,0.0,0.0,RELIANCE.NS
2026-04-09,1339.8052690319548,1343.7868597274437,1320.195983460075,1323.87890625,20725390,0.0,0.0,RELIANCE.NS
2026-04-10,1330.8467605257397,1346.0763943468285,1325.3720730291864,1343.9859619140625,19364461,0.0,0.0,RELIANCE.NS
2026-04-13,1315.1193869938081,1321.4899565481755,1303.970981405046,1309.0474853515625,28753269,0.0,0.0,RELIANCE.NS
2026-04-15,1330.8467629297493,1340.8007402141902,1328.059600686701,1337.9140625,15313779,0.0,0.0,RELIANCE.NS
2026-04-16,1345.7777093601655,1347.5694738488123,1323.8789596516422,1337.1177978515625,30211012,0.0,0.0,RELIANCE.NS
2026-04-17,1333.832952366644,1362.1022720767137,1333.832952366644,1358.7178955078125,13869105,0.0,0.0,RELIANCE.NS
2026-04-20,1356.9261198573818,1366.6810660920328,1346.5740808024586,1357.0257568359375,13614733,0.0,0.0,RELIANCE.NS
2026-04-21,1352.7454957201878,1363.4958396538184,1343.8864317482064,1347.07177734375,27293629,0.0,0.0,RELIANCE.NS
2026-04-22,1344.085556855853,1359.7132520720183,1342.8910067161314,1355.8311767578125,9525953,0.0,0.0,RELIANCE.NS
2026-04-23,1339.8052948565,1349.261572940554,1334.529638479888,1337.21728515625,16385079,0.0,0.0,RELIANCE.NS
2026-04-24,1333.8328899956957,1339.7057606040942,1318.9019248091768,1321.6890869140625,11744802,0.0,0.0,RELIANCE.NS
2026-04-27,1306.9571155871217,1365.2873936261717,1304.9663202853897,1359.51416015625,24673098,0.0,0.0,RELIANCE.NS
2026-04-28,1351.7500009887617,1388.7787447541255,1350.75460334444,1382.5078125,41027699,0.0,0.0,RELIANCE.NS
2026-04-29,1385.5935377241706,1427.2012083655534,1384.896807968084,1418.83984375,30542143,0.0,0.0,RELIANCE.NS
2026-04-30,1402.5153692729207,1430.386505071105,1386.6885214286783,1424.215087890625,30957881,0.0,0.0,RELIANCE.NS
2026-05-01,1424.215087890625,1424.215087890625,1424.215087890625,1424.215087890625,0,0.0,0.0,RELIANCE.NS
2026-05-04,1426.8030702776819,1460.6465916696056,1426.8030702776819,1456.3663330078125,24035700,0.0,0.0,RELIANCE.NS
2026-05-05,1453.280606341501,1466.6189594959255,1443.3266295857375,1456.864013671875,23543341,0.0,0.0,RELIANCE.NS
2026-05-06,1456.2668061036345,1466.519450812893,1420.9301884572374,1431.2823486328125,14221786,0.0,0.0,RELIANCE.NS
2026-05-07,1432.1782190445704,1442.828925531327,1423.717338832762,1429.590087890625,19816903,0.0,0.0,RELIANCE.NS
2026-05-08,1419.4371163507371,1436.1598462687914,1410.9762359236815,1428.5947265625,8663105,0.0,0.0,RELIANCE.NS
2026-05-11,1413.4647305422184,1421.427912122738,1375.6396180347506,1381.81103515625,15261787,0.0,0.0,RELIANCE.NS
2026-05-12,1385.593546668805,1387.0866431630602,1354.0394893602804,1357.722412109375,24357500,0.0,0.0,RELIANCE.NS
2026-05-13,1355.1343963286624,1366.0837705701026,1346.1758174038478,1352.54638671875,13797989,0.0,0.0,RELIANCE.NS
2026-05-14,1358.9168476375535,1371.6579863902991,1352.148216400817,1355.5325927734375,17303059,0.0,0.0,RELIANCE.NS
2026-05-15,1350.5556491178086,1358.5188307246153,1323.082575367519,1330.24951171875,19976192,0.0,0.0,RELIANCE.NS
2026-05-18,1327.860551095503,1335.8237328112184,1312.6309174607939,1329.7518310546875,13022473,0.0,0.0,RELIANCE.NS
2026-05-19,1332.5387892026445,1337.8144453658963,1312.3322897558653,1316.6124267578125,21665501,0.0,0.0,RELIANCE.NS
2026-05-20,1312.6308349443716,1356.6274840630256,1306.558933569541,1353.442138671875,13248515,0.0,0.0,RELIANCE.NS
2026-05-21,1360.9076465750106,1364.590690861155,1339.0088978228712,1343.388671875,17150630,0.0,0.0,RELIANCE.NS
2026-05-22,1343.7868238683554,1361.106767233248,1342.8909416840763,1348.26611328125,7105813,0.0,0.0,RELIANCE.NS
2026-05-25,1360.5095872329855,1364.7897243191815,1350.7546414401118,1360.7086181640625,6750071,0.0,0.0,RELIANCE.NS
2026-05-26,1353.8404218493883,1362.2017870434288,1346.1759079681497,1350.0579833984375,13769747,0.0,0.0,RELIANCE.NS
2026-05-27,1346.7730400596713,1354.736221375619,1342.393266034199,1344.2845458984375,13215138,0.0,0.0,RELIANCE.NS
2026-05-28,1344.2845458984375,1344.2845458984375,1344.2845458984375,1344.2845458984375,0,0.0,0.0,RELIANCE.NS
2026-05-29,1357.7224546740495,1362.6994431442622,1310.9387630540493,1315.119384765625,42634247,0.0,0.0,RELIANCE.NS
2026-06-01,1326.3673976551404,1329.353590670499,1312.4318302501333,1313.9249267578125,10700603,0.0,0.0,RELIANCE.NS
2026-06-02,1301.6815361898255,1321.689127358814,1294.3156903458798,1308.5498046875,23302785,0.0,0.0,RELIANCE.NS
2026-06-03,1308.9480145168118,1317.906594083847,1295.0124463014238,1307.15625,20012293,0.0,0.0,RELIANCE.NS
2026-06-04,1295.0124259474096,1305.1654340270677,1287.1487597049047,1297.699951171875,23474327,0.0,0.0,RELIANCE.NS
2026-06-05,1304.5,1306.0,1288.0,1291.0,17785223,6.0,0.0,RELIANCE.NS
2026-06-08,1277.0,1282.5999755859375,1259.199951171875,1263.300048828125,16494759,0.0,0.0,RELIANCE.NS
2026-06-09,1269.0,1274.199951171875,1257.5,1269.199951171875,23620214,0.0,0.0,RELIANCE.NS
2026-06-10,1275.0,1300.5,1254.4000244140625,1258.800048828125,21012796,0.0,0.0,RELIANCE.NS
2026-06-11,1258.0,1276.0,1253.199951171875,1263.0,13117486,0.0,0.0,RELIANCE.NS
2026-06-12,1277.0,1297.0,1262.5,1293.0,11988785,0.0,0.0,RELIANCE.NS
2026-06-15,1315.300048828125,1325.0,1303.300048828125,1307.0,18633321,0.0,0.0,RELIANCE.NS
2026-06-16,1313.4000244140625,1333.4000244140625,1306.4000244140625,1328.800048828125,18513223,0.0,0.0,RELIANCE.NS
2026-06-17,1333.0,1334.0,1317.0,1332.699951171875,10029170,0.0,0.0,RELIANCE.NS
2026-06-18,1330.0,1333.9000244140625,1322.0,1328.0999755859375,15494549,0.0,0.0,RELIANCE.NS
2026-06-19,1328.0,1338.199951171875,1305.300048828125,1309.5,24887034,0.0,0.0,RELIANCE.NS
2026-06-22,1316.699951171875,1344.9000244140625,1314.0999755859375,1326.5,12931213,0.0,0.0,RELIANCE.NS
2026-06-23,1328.9000244140625,1333.0,1304.0,1309.5,15400184,0.0,0.0,RELIANCE.NS
2026-06-24,1305.699951171875,1322.0,1297.5,1313.5999755859375,11030917,0.0,0.0,RELIANCE.NS
2026-06-25,1318.0,1328.0,1314.5999755859375,1318.0999755859375,12694362,0.0,0.0,RELIANCE.NS
2026-06-26,1318.0999755859375,1318.0999755859375,1318.0999755859375,1318.0999755859375,0,0.0,0.0,RELIANCE.NS
2026-06-29,1308.0,1313.699951171875,1292.5999755859375,1301.0,13757656,0.0,0.0,RELIANCE.NS
2026-06-30,1306.9000244140625,1306.9000244140625,1290.0,1293.9000244140625,15695263,0.0,0.0,RELIANCE.NS
2026-07-01,1298.9000244140625,1312.199951171875,1296.5,1308.0,7001401,0.0,0.0,RELIANCE.NS
2026-07-02,1310.0,1313.199951171875,1299.0,1303.5,17795024,0.0,0.0,RELIANCE.NS
2026-07-03,1312.0,1312.0,1302.0,1304.0,7839550,0.0,0.0,RELIANCE.NS
2026-07-06,1304.0,1325.5999755859375,1299.4000244140625,1321.300048828125,7610709,0.0,0.0,RELIANCE.NS
2026-07-07,1323.5,1328.0,1304.0999755859375,1308.4000244140625,14335554,0.0,0.0,RELIANCE.NS
2026-07-08,1297.0,1302.300048828125,1271.5999755859375,1275.9000244140625,19960868,0.0,0.0,RELIANCE.NS
2026-07-09,1277.0999755859375,1296.5,1274.199951171875,1279.800048828125,14651963,0.0,0.0,RELIANCE.NS
2026-07-10,1291.9000244140625,1311.0999755859375,1287.800048828125,1307.800048828125,8412537,0.0,0.0,RELIANCE.NS
2026-07-13,1300.0,1306.4000244140625,1295.0,1296.9000244140625,9488352,0.0,0.0,RELIANCE.NS
2026-07-14,1290.0,1308.0,1286.9000244140625,1293.0,13511284,0.0,0.0,RELIANCE.NS
2026-07-15,1294.0999755859375,1310.9000244140625,1294.0999755859375,1295.5,9577965,0.0,0.0,RELIANCE.NS
2026-07-16,1295.5,1309.4000244140625,1291.800048828125,1296.5999755859375,15631046,0.0,0.0,RELIANCE.NS
2026-07-17,1300.0,1330.300048828125,1296.0999755859375,1327.199951171875,18302218,0.0,0.0,RELIANCE.NS
2026-07-20,1317.199951171875,1345.9000244140625,1314.9000244140625,1323.0999755859375,14305844,0.0,0.0,RELIANCE.NS
2026-07-21,1321.0,1326.9000244140625,1302.699951171875,1303.699951171875,12753410,0.0,0.0,RELIANCE.NS
2026-07-22,1302.0,1304.5999755859375,1280.699951171875,1288.5999755859375,10840383,0.0,0.0,RELIANCE.NS
2026-07-23,1283.0,1287.300048828125,1268.0,1272.199951171875,12580741,0.0,0.0,RELIANCE.NS
2026-07-24,1265.0,1283.4000244140625,1249.800048828125,1278.0,9817000,0.0,0.0,RELIANCE.NS
2026-07-27,1288.199951171875,1288.699951171875,1278.0,1280.0,7163132,0.0,0.0,RELIANCE.NS
2026-07-28,1275.0,1279.199951171875,1265.9000244140625,1267.699951171875,9312184,0.0,0.0,RELIANCE.NS
2026-07-29,1275.0,1282.4000244140625,1268.699951171875,1275.9000244140625,9448307,0.0,0.0,RELIANCE.NS
2026-07-30,1279.800048828125,1297.0,1275.300048828125,1292.9000244140625,12158451,0.0,0.0,RELIANCE.NS
2026-07-31,1295.0,1309.699951171875,1293.5999755859375,1307.800048828125,8624996,0.0,0.0,RELIANCE.NS
2026-08-03,1315.199951171875,1319.0,1306.0,1319.0,7508023,0.0,0.0,RELIANCE.NS
2026-08-04,1315.0,1315.0,1286.4000244140625,1290.9000244140625,10759546,0.0,0.0,RELIANCE.NS
2026-08-05,1293.0,1299.0,1270.0999755859375,1280.0,24820782,0.0,0.0,RELIANCE.NS
2026-08-06,1285.0,1325.199951171875,1281.199951171875,1325.0,20342297,0.0,0.0,RELIANCE.NS
2026-08-07,1320.0,1337.0,1316.5999755859375,1334.800048828125,9885638,0.0,0.0,RELIANCE.NS
2026-08-10,1330.0999755859375,1332.9000244140625,1321.300048828125,1327.300048828125,8207102,0.0,0.0,RELIANCE.NS
2026-08-11,1326.5999755859375,1328.699951171875,1314.0999755859375,1323.9000244140625,9953124,0.0,0.0,RELIANCE.NS
2026-08-12,1323.9000244140625,1329.0,1309.199951171875,1329.0,7901012,0.0,0.0,RELIANCE.NS
2026-08-13,1327.800048828125,1327.800048828125,1307.199951171875,1317.0,9397301,0.0,0.0,RELIANCE.NS
2026-08-14,1317.0,1317.5,1301.5,1310.0,10497358,0.0,0.0,RELIANCE.NS
2026-08-17,1314.0,1320.800048828125,1298.0999755859375,1316.0,13383867,0.0,0.0,RELIANCE.NS
2026-08-18,1314.0,1328.5999755859375,1311.199951171875,1322.0,10180567,0.0,0.0,RELIANCE.NS
2026-08-19,1320.300048828125,1321.5999755859375,1303.5,1311.0,7489365,0.0,0.0,RELIANCE.NS
2026-08-20,1315.5,1316.5,1307.0,1313.199951171875,5546227,0.0,0.0,RELIANCE.NS
2026-08-21,1314.0,1316.0,1308.0,1316.0,5434871,0.0,0.0,RELIANCE.NS
2026-08-24,1316.5999755859375,1320.0,1302.4000244140625,1309.800048828125,7277167,0.0,0.0,RELIANCE.NS
2026-08-25,1304.300048828125,1317.0999755859375,1300.0,1317.0,7115355,0.0,0.0,RELIANCE.NS
2026-08-26,1310.0,1315.5999755859375,1298.0,1298.0,5744474,0.0,0.0,RELIANCE.NS
2026-08-27,1305.0,1308.4000244140625,1282.199951171875,1282.199951171875,11271497,0.0,0.0,RELIANCE.NS
2026-08-28,1284.9000244140625,1291.800048828125,1280.0,1287.0,6830228,0.0,0.0,RELIANCE.NS
2026-08-31,1278.699951171875,1297.5999755859375,1271.0,1277.0,34871137,0.0,0.0,RELIANCE.NS
2026-09-01,1285.0,1311.800048828125,1280.0,1309.0,12617528,0.0,0.0,RELIANCE.NS
2026-09-02,1298.0,1321.9000244140625,1293.0999755859375,1313.0999755859375,13497841,0.0,0.0,RELIANCE.NS
2026-09-03,1313.0999755859375,1316.800048828125,1302.5,1302.5,9721454,0.0,0.0,RELIANCE.NS
2026-09-04,1304.0999755859375,1333.0,1304.0999755859375,1322.0,13031534,0.0,0.0,RELIANCE.NS
2026-09-07,1323.0999755859375,1324.199951171875,1301.9000244140625,1309.5,10210522,0.0,0.0,RELIANCE.NS
2026-09-08,1304.0999755859375,1306.800048828125,1288.0,1294.9000244140625,9799528,0.0,0.0,RELIANCE.NS
2026-09-09,1283.5,1294.699951171875,1277.199951171875,1279.0,12152819,0.0,0.0,RELIANCE.NS
2026-09-10,1278.5,1285.300048828125,1266.300048828125,1274.0,9296079,0.0,0.0,RELIANCE.NS
2026-09-11,1267.0,1267.4000244140625,1253.0,1257.5,8777736,0.0,0.0,RELIANCE.NS
2026-09-15,1252.5,1259.4000244140625,1241.0999755859375,1242.300048828125,10094723,0.0,0.0,RELIANCE.NS
2025-09-15,3009.0844623500607,3009.0844623500607,2972.5990732086116,2987.865234375,1732539,0.0,0.0,TCS.NS
2025-09-16,3003.3236516831826,3024.4467719955323,2985.1770648150605,3020.318115234375,2573429,0.0,0.0,TCS.NS
2025-09-17,3026.366894691811,3055.5551110798156,3017.1494398273812,3046.337890625,2418271,0.0,0.0,TCS.NS
2025-09-18,3058.0517436415034,3075.334296666793,3035.392302577828,3050.08251953125,2633138,0.0,0.0,TCS.NS
2025-09-19,3043.6495079786732,3053.730996885227,3018.685821162444,3042.88134765625,4901694,0.0,0.0,TCS.NS
2025-09-22,2971.6388949892716,2983.0644887376598,2942.8346407567424,2951.283935546875,3634901,0.0,0.0,TCS.NS
2025-09-23,2947.6353061603577,2957.9087764692863,2930.352753876681,2940.338134765625,3177741,0.0,0.0,TCS.NS
2025-09-24,2928.4322252766387,2935.1532172690772,2912.1098161521463,2914.4140625,1625714,0.0,0.0,TCS.NS
2025-09-25,2901.5486952997107,2908.8458671854296,2833.378623371756,2839.5234375,4974361,0.0,0.0,TCS.NS
2025-09-26,2823.7769658283983,2837.0269692313786,2776.057966398974,2783.547119140625,3934636,0.0,0.0,TCS.NS
2025-09-29,2799.7732301976002,2812.5431618400235,2778.6501125486475,2780.66650390625,3110035,0.0,0.0,TCS.NS
2025-09-30,2794.9727356006983,2799.101392157332,2770.105157137798,2773.2734375,2253458,0.0,0.0,TCS.NS
2025-10-01,2775.7699233020426,2808.222762784315,2752.342557318892,2798.045166015625,1952902,0.0,0.0,TCS.NS
2025-10-03,2807.4548247704774,2807.4548247704774,2775.866251046319,2786.235595703125,2899519,0.0,0.0,TCS.NS
2025-10-06,2786.3316788238635,2874.28076699856,2780.1868646812827,2869.287841796875,2112774,0.0,0.0,TCS.NS
2025-10-07,2875.624650921264,2884.745997894136,2837.699050349848,2855.173583984375,3062943,0.0,0.0,TCS.NS
2025-10-08,2856.4219038307547,2921.711547346886,2849.7009111158586,2906.541259765625,4121889,0.0,0.0,TCS.NS
2025-10-09,2913.069893498166,2943.794427641851,2899.6279098103037,2939.665771484375,3211304,0.0,0.0,TCS.NS
2025-10-10,2928.432687835625,2947.635525132908,2887.0504796961263,2907.59765625,8817365,0.0,0.0,TCS.NS
2025-10-13,2906.349233459963,2914.5104387736105,2878.6971026918,2887.33837890625,2866865,0.0,0.0,TCS.NS
2025-10-14,2900.5884226064827,2906.5412549765147,2837.699133735008,2842.307861328125,3611416,0.0,0.0,TCS.NS
2025-10-15,2863.220385125294,2871.6047262713414,2843.9459294866183,2862.06396484375,4282226,11.0,0.0,TCS.NS
2025-10-16,2862.160371154854,2867.0754517571395,2836.332787245134,2862.931396484375,3251495,0.0,0.0,TCS.NS
2025-10-17,2862.256586509825,2880.3746213869317,2848.1861401528254,2854.739501953125,4374683,0.0,0.0,TCS.NS
2025-10-20,2877.1943748710046,2913.333979311689,2870.4483153754104,2905.81689453125,3133039,0.0,0.0,TCS.NS
2025-10-21,2921.1404673344027,2921.815026282457,2887.3137006926995,2897.62548828125,310644,0.0,0.0,TCS.NS
2025-10-23,2944.1731825516827,2985.613263353556,2925.958915568601,2961.712890625,5564758,0.0,0.0,TCS.NS
2025-10-24,2968.2662739630537,2977.9035021252716,2947.3535359078196,2952.07568359375,2684318,0.0,0.0,TCS.NS
2025-10-27,2955.2558763824863,2981.9509500743798,2949.184375870237,2972.98828125,1946312,0.0,0.0,TCS.NS
2025-10-28,2964.4112497423184,2978.0960660621163,2929.9099274122086,2946.9677734375,3470737,0.0,0.0,TCS.NS
2025-10-29,2946.96788369373,2964.4113606511696,2935.596142774,2946.678955078125,2895420,0.0,0.0,TCS.NS
2025-10-30,2938.487165302022,2952.653842834952,2922.778437237614,2925.187744140625,2241536,0.0,0.0,TCS.NS
2025-10-31,2924.898585437403,2956.1231088421955,2915.357824198127,2947.064208984375,1868085,0.0,0.0,TCS.NS
2025-11-03,2936.367047373489,2947.06446508497,2900.80576844531,2907.359130859375,2194877,0.0,0.0,TCS.NS
2025-11-04,2910.0574685167057,2919.4055326440953,2868.039060214524,2881.723876953125,2670720,0.0,0.0,TCS.NS
2025-11-06,2881.627605776501,2914.2977142131544,2881.531139384038,2901.6728515625,2542721,0.0,0.0,TCS.NS
2025-11-07,2892.1323165785257,2895.0234851722394,2853.101540563387,2883.26611328125,1830520,0.0,0.0,TCS.NS
2025-11-10,2884.422275161144,2937.3305615709287,2883.4585523829414,2915.4541015625,1556656,0.0,0.0,TCS.NS
2025-11-11,2934.5361772818296,2944.8479650680415,2908.5156594537148,2936.463623046875,2806868,0.0,0.0,TCS.NS
2025-11-12,2948.991669923252,3022.619995280987,2946.1969680097523,3018.18701171875,4460315,0.0,0.0,TCS.NS
2025-11-13,3018.186949242595,3018.2831803470704,2989.4679642954256,2993.03369140625,1740435,0.0,0.0,TCS.NS
2025-11-14,2977.9034333434784,3000.1655239975616,2965.6642009169345,2993.322998046875,2210794,0.0,0.0,TCS.NS
2025-11-17,2993.322838009285,3010.187986001932,2974.6267109195564,2989.66064453125,2232853,0.0,0.0,TCS.NS
2025-11-18,2989.4682629851,2992.3594315179676,2966.338914722159,2975.10888671875,2548350,0.0,0.0,TCS.NS
2025-11-19,2984.6493140956795,3040.545232796858,2971.639057156612,3033.510009765625,3151053,0.0,0.0,TCS.NS
2025-11-20,3033.79944214396,3049.7008686990343,3024.2586803244717,3030.715576171875,2700767,0.0,0.0,TCS.NS
2025-11-21,3030.715536432949,3055.0013041600305,3021.463703354114,3036.30517578125,4177037,0.0,0.0,TCS.NS
2025-11-24,3043.4366842823783,3063.578397230728,3017.4161679823073,3027.24609375,6703764,0.0,0.0,TCS.NS
2025-11-25,3031.197695489111,3035.534448554938,3001.9968444557608,3006.04443359375,2737920,0.0,0.0,TCS.NS
2025-11-26,3005.658898650244,3062.711244826224,3003.9241504478728,3048.158935546875,2508527,0.0,0.0,TCS.NS
2025-11-27,3064.6384631299097,3064.6384631299097,3011.6337098367826,3022.81298828125,2836233,0.0,0.0,TCS.NS
2025-11-28,3026.089482694223,3033.12470593688,3011.6336412163846,3023.68017578125,1616690,0.0,0.0,TCS.NS
2025-12-01,3024.0660011073596,3039.5820339484353,3008.9355985975626,3019.729248046875,1747647,0.0,0.0,TCS.NS
2025-12-02,3017.416350282513,3029.9447477765,3007.2007935969305,3021.94580078125,2512003,0.0,0.0,TCS.NS
2025-12-03,3026.089757763365,3095.3813367654693,3025.126034910574,3064.638671875,3952112,0.0,0.0,TCS.NS
2025-12-04,3078.13047294951,3132.0989471151875,3071.769808666434,3112.053466796875,5025905,0.0,0.0,TCS.NS
2025-12-05,3112.824571063191,3152.915532717371,3105.5001838412545,3120.72705078125,5244013,0.0,0.0,TCS.NS
2025-12-08,3125.353065437683,3141.6398867746047,3092.2010949656524,3119.0888671875,2544725,0.0,0.0,TCS.NS
2025-12-09,3112.824602659864,3116.390329915732,3065.794883587669,3091.911865234375,2734893,0.0,0.0,TCS.NS
2025-12-10,3108.005961204973,3108.005961204973,3062.8074569989867,3073.504638671875,1386849,0.0,0.0,TCS.NS
2025-12-11,3088.7315521574005,3092.0081155406747,3038.7144333046613,3076.106689453125,1914362,0.0,0.0,TCS.NS
2025-12-12,3081.696263178982,3106.078496384854,3070.131589906683,3103.669189453125,1146554,0.0,0.0,TCS.NS
2025-12-15,3094.6101270221197,3120.7268716204835,3081.310706400481,3113.01708984375,1562190,0.0,0.0,TCS.NS
2025-12-16,3103.187500999765,3103.187500999765,3075.3360054304358,3088.828125,1734623,0.0,0.0,TCS.NS
2025-12-17,3084.3949307247763,3119.4743477745933,3084.3949307247763,3101.0673828125,1376350,0.0,0.0,TCS.NS
2025-12-18,3110.897128527372,3168.5277977297296,3104.1510690788923,3161.78173828125,2307422,0.0,0.0,TCS.NS
2025-12-19,3179.3215200364916,3197.5357868591873,3159.854366515901,3162.938232421875,3902511,0.0,0.0,TCS.NS
2025-12-22,3189.9226061933546,3207.8479451634685,3171.6118722000997,3204.281982421875,2632816,0.0,0.0,TCS.NS
2025-12-23,3199.463369445318,3199.463369445318,3174.0211805268714,3189.922607421875,2365420,0.0,0.0,TCS.NS
2025-12-24,3184.2368148202168,3206.4024407323423,3176.5270318942603,3198.59619140625,1367708,0.0,0.0,TCS.NS
2025-12-26,3192.9103071634727,3199.559900795541,3153.108505919085,3161.010986328125,1176664,0.0,0.0,TCS.NS
2025-12-29,3161.010777477703,3168.7205598617948,3125.2565675579217,3133.544677734375,2079473,0.0,0.0,TCS.NS
2025-12-30,3132.0992469072426,3148.9643966982817,3121.9801570326194,3129.015380859375,2807593,0.0,0.0,TCS.NS
2025-12-31,3122.461816571668,3128.2441532690227,3082.4673210816295,3089.887939453125,3362634,0.0,0.0,TCS.NS
2026-01-01,3098.368779137981,3116.775978595714,3082.1781891606697,3110.31884765625,1255735,0.0,0.0,TCS.NS
2026-01-02,3116.6795578205924,3136.243177859361,3102.7055771191704,3132.773681640625,1184324,0.0,0.0,TCS.NS
2026-01-05,3122.94369701057,3129.207895137578,3075.2394189664337,3099.428955078125,2341703,0.0,0.0,TCS.NS
2026-01-06,3093.550169667909,3144.8201752673103,3088.7315556964636,3137.688720703125,2912325,0.0,0.0,TCS.NS
2026-01-07,3125.2565425983025,3180.8635358265738,3106.271250685878,3176.044921875,1989442,0.0,0.0,TCS.NS
2026-01-08,3167.6606296336045,3167.6606296336045,3066.566193971062,3087.671630859375,4159336,0.0,0.0,TCS.NS
2026-01-09,3075.239584998998,3112.5356118812538,3075.239584998998,3091.43017578125,1938673,0.0,0.0,TCS.NS
2026-01-12,3086.804068110982,3134.026484388671,3059.145271347969,3122.076416015625,2228342,0.0,0.0,TCS.NS
2026-01-13,3127.2804209827063,3161.0107182814413,3094.0319850739534,3149.446044921875,5645341,0.0,0.0,TCS.NS
2026-01-14,3141.7363480080267,3141.7363480080267,3067.529691935444,3076.68505859375,3539511,0.0,0.0,TCS.NS
2026-01-15,3076.68505859375,3076.68505859375,3076.68505859375,3076.68505859375,0,0.0,0.0,TCS.NS
2026-01-16,3159.0110444402844,3161.464149941515,3111.519017760894,3146.54931640625,4293470,57.0,0.0,TCS.NS
2026-01-19,3128.2002715520307,3159.600023336744,3092.973770842994,3104.258056640625,3387562,0.0,0.0,TCS.NS
2026-01-20,3092.4832014713097,3100.7255406282875,3033.118044759914,3044.10791015625,4499273,0.0,0.0,TCS.NS
2026-01-21,3041.8509292683366,3079.6287553253787,3024.188569033875,3064.027099609375,2015150,0.0,0.0,TCS.NS
2026-01-22,3090.9130188550284,3100.7254411371077,3063.7326570458863,3091.305419921875,2269827,0.0,0.0,TCS.NS
2026-01-23,3130.457047950816,3134.578217290946,3092.875423666008,3103.178466796875,2068857,0.0,0.0,TCS.NS
2026-01-27,3115.4440572399217,3115.4440572399217,3071.2881572160486,3098.762939453125,4279874,0.0,0.0,TCS.NS
2026-01-28,3116.425451779539,3145.0776781720924,3111.1268393421374,3140.073486328125,2751234,0.0,0.0,TCS.NS
2026-01-29,3140.07335254898,3140.07335254898,3066.9708064954257,3085.41796875,2457641,0.0,0.0,TCS.NS
2026-01-30,3082.081828102924,3082.081828102924,3034.000959087629,3065.302490234375,3022068,0.0,0.0,TCS.NS
2026-02-02,3138.0126916764966,3138.0126916764966,3075.2131881532646,3110.1455078125,2636272,0.0,0.0,TCS.NS
2026-02-03,3287.1613923698505,3287.1613923698505,3126.53209104895,3164.800537109375,4366060,0.0,0.0,TCS.NS
2026-02-04,3061.475843095512,3061.475843095512,2929.9893806035893,2942.84375,10852595,0.0,0.0,TCS.NS
2026-02-05,2933.9143670738968,2972.869637012123,2916.5464269268496,2935.38623046875,3521545,0.0,0.0,TCS.NS
2026-02-06,2920.765595757455,2929.0079343210614,2861.302223276454,2886.422119140625,4687389,0.0,0.0,TCS.NS
2026-02-09,2903.5941220720847,2921.15826303242,2882.3991930324937,2892.8984375,2380318,0.0,0.0,TCS.NS
2026-02-10,2894.468444356794,2955.109263473934,2888.2865702537815,2928.61572265625,3547763,0.0,0.0,TCS.NS
2026-02-11,2924.1019081110685,2941.76426862986,2849.723697569715,2855.21875,3363513,0.0,0.0,TCS.NS
2026-02-12,2815.9687988010764,2825.977420921291,2688.603518515395,2698.51416015625,10612156,0.0,0.0,TCS.NS
2026-02-13,2536.5110796879476,2662.110080925881,2536.5110796879476,2641.7001953125,11168735,0.0,0.0,TCS.NS
2026-02-16,2649.3540277067937,2668.7826718221954,2620.898002964758,2655.830322265625,2918730,0.0,0.0,TCS.NS
2026-02-17,2665.0538469624375,2708.228504276998,2644.6439610469733,2666.427490234375,4209118,0.0,0.0,TCS.NS
2026-02-18,2678.7913077273606,2678.7913077273606,2607.4550449905755,2644.349609375,2950820,0.0,0.0,TCS.NS
2026-02-19,2657.2039438116426,2697.140454434555,2616.5806115438327,2627.66845703125,3238849,0.0,0.0,TCS.NS
2026-02-20,2616.972941852777,2651.905259923164,2597.838718993336,2635.812744140625,2293482,0.0,0.0,TCS.NS
2026-02-23,2635.616634548502,2653.2789947204583,2610.3005370564806,2626.0986328125,4699596,0.0,0.0,TCS.NS
2026-02-24,2591.460746119642,2597.8388206557183,2513.255787797201,2525.423095703125,7798833,0.0,0.0,TCS.NS
2026-02-25,2547.3048106742554,2604.4130601353972,2546.3235684513456,2579.980224609375,3621285,0.0,0.0,TCS.NS
2026-02-26,2600.2918170703697,2620.897903167908,2585.5731841435563,2598.034912109375,3464267,0.0,0.0,TCS.NS
2026-02-27,2631.299321894741,2638.168017666852,2576.8403768444346,2587.92822265625,5083717,0.0,0.0,TCS.NS
2026-03-02,2543.37985460111,2574.5834053591284,2531.8993684474203,2564.4765625,3374385,0.0,0.0,TCS.NS
2026-03-04,2575.7609535201655,2585.5733762002424,2531.997452542583,2539.2587890625,3446434,0.0,0.0,TCS.NS
2026-03-05,2551.229777430436,2560.551578540278,2498.6350985020495,2530.427490234375,2960636,0.0,0.0,TCS.NS
2026-03-06,2523.7550365456814,2570.069622274581,2505.7002751879877,2509.625244140625,3998643,0.0,0.0,TCS.NS
2026-03-09,2482.542780637602,2511.9800468111703,2458.0117254929614,2479.991455078125,3653428,0.0,0.0,TCS.NS
2026-03-10,2493.3365235176843,2497.45769299971,2443.39138949283,2465.9599609375,4323710,0.0,0.0,TCS.NS
2026-03-11,2461.0536733182116,2473.711601954393,2413.9540474182472,2418.663818359375,2720664,0.0,0.0,TCS.NS
2026-03-12,2413.6596961153996,2426.513825649523,2390.3060830242093,2396.5859375,2752075,0.0,0.0,TCS.NS
2026-03-13,2391.287343235487,2400.0203033629555,2352.0376535639975,2365.284423828125,2466488,0.0,0.0,TCS.NS
2026-03-16,2364.793830777467,2379.5124645789865,2321.7173916761253,2364.0087890625,3807907,0.0,0.0,TCS.NS
2026-03-17,2374.6061161428333,2374.6061161428333,2315.731584337639,2346.8369140625,2993367,0.0,0.0,TCS.NS
2026-03-18,2364.793804301608,2436.326267951688,2364.793804301608,2395.01611328125,3082388,0.0,0.0,TCS.NS
2026-03-19,2371.6624152761565,2378.5311107279285,2306.115387909886,2311.806640625,2757060,0.0,0.0,TCS.NS
2026-03-20,2341.2440023374425,2362.6351312433567,2319.8528734315287,2345.7578125,4206320,0.0,0.0,TCS.NS
2026-03-23,2320.6378037995523,2361.6537756859007,2303.956686393805,2339.085205078125,3860515,0.0,0.0,TCS.NS
2026-03-24,2359.0045869106293,2389.7172776589064,2334.47353068287,2353.803955078125,3420182,0.0,0.0,TCS.NS
2026-03-25,2355.864368126978,2376.1762738846405,2325.3478785890734,2332.80517578125,5843778,0.0,0.0,TCS.NS
2026-03-27,2358.8080275261386,2376.6668272056972,2340.262645780238,2344.97265625,4979411,0.0,0.0,TCS.NS
2026-03-30,2330.5484146912077,2353.0187649541185,2302.1903717438945,2314.652099609375,6804756,0.0,0.0,TCS.NS
2026-04-01,2383.4374750291136,2425.630892660341,2352.9207445923203,2363.027587890625,4132661,0.0,0.0,TCS.NS
2026-04-02,2341.24390183887,2423.570027038862,2331.1370592120925,2404.730224609375,5378361,0.0,0.0,TCS.NS
2026-04-06,2427.593337237373,2435.4432752720936,2402.2772391631793,2427.4951171875,2572417,0.0,0.0,TCS.NS
2026-04-07,2414.837240451596,2496.182129281132,2402.0810908677395,2492.1591796875,4516550,0.0,0.0,TCS.NS
2026-04-08,2523.755016821873,2531.899375247164,2492.453485493659,2511.195068359375,4769337,0.0,0.0,TCS.NS
2026-04-09,2506.092558435327,2556.135910228672,2483.6222080623565,2540.43603515625,5628261,0.0,0.0,TCS.NS
2026-04-10,2517.671257898199,2517.671257898199,2454.1849361455575,2476.94970703125,10480239,0.0,0.0,TCS.NS
2026-04-13,2443.195026142192,2457.9136601554055,2423.6684008424363,2426.2197265625,3739587,0.0,0.0,TCS.NS
2026-04-15,2454.9697496490417,2510.9987747578325,2446.629190999006,2506.9755859375,5261384,0.0,0.0,TCS.NS
2026-04-16,2523.754997213638,2545.3423261167095,2510.0176060935014,2528.56298828125,3905403,0.0,0.0,TCS.NS
2026-04-17,2521.792618261851,2540.4362212762385,2507.957006516208,2533.076904296875,2718206,0.0,0.0,TCS.NS
2026-04-20,2538.571963483115,2545.3424392975157,2513.15764504414,2531.212646484375,2288558,0.0,0.0,TCS.NS
2026-04-21,2511.9802240950007,2564.9673069470045,2511.9802240950007,2561.532958984375,2719959,0.0,0.0,TCS.NS
2026-04-22,2531.6048516902206,2531.6048516902206,2456.6380441545243,2490.88330078125,5232045,0.0,0.0,TCS.NS
2026-04-23,2481.5614778281533,2511.489364373728,2469.0997500312283,2474.49658203125,2509050,0.0,0.0,TCS.NS
2026-04-24,2441.3307179215667,2458.0118361710306,2343.991534636913,2351.939453125,5107719,0.0,0.0,TCS.NS
2026-04-27,2351.9393059532576,2412.874541687738,2351.9393059532576,2401.6884765625,5853425,0.0,0.0,TCS.NS
2026-04-28,2398.155951805419,2440.349366669426,2381.867235359066,2398.8427734375,4508363,0.0,0.0,TCS.NS
2026-04-29,2405.024637022461,2441.2323784506298,2401.688509360205,2428.280029296875,2835961,0.0,0.0,TCS.NS
2026-04-30,2432.4995485090735,2444.2744555611544,2392.26861608113,2427.4951171875,3970446,0.0,0.0,TCS.NS
2026-05-01,2427.4951171875,2427.4951171875,2427.4951171875,2427.4951171875,0,0.0,0.0,TCS.NS
2026-05-04,2447.2181772447047,2451.4375668418284,2379.512461835769,2385.6943359375,2632358,0.0,0.0,TCS.NS
2026-05-05,2384.4185931895904,2414.24826083551,2366.952433771704,2381.769287109375,3385720,0.0,0.0,TCS.NS
2026-05-06,2396.0951150032492,2424.6493574491965,2361.359238648924,2389.717041015625,3147628,0.0,0.0,TCS.NS
2026-05-07,2392.4647422177254,2393.9366055534624,2353.018852732181,2356.35498046875,5829594,0.0,0.0,TCS.NS
2026-05-08,2353.0188960201936,2361.8500761970836,2330.548544505656,2349.486328125,3792199,0.0,0.0,TCS.NS
2026-05-11,2326.5252955775945,2369.699953108347,2326.5252955775945,2348.014404296875,1975188,0.0,0.0,TCS.NS
2026-05-12,2330.450360002076,2330.450360002076,2240.176072372522,2257.151611328125,6347884,0.0,0.0,TCS.NS
2026-05-13,2262.7446759395275,2265.8846032931383,2226.4387119283556,2230.16748046875,3171843,0.0,0.0,TCS.NS
2026-05-14,2222.513720137884,2222.513720137884,2165.012827845418,2203.8701171875,5633313,0.0,0.0,TCS.NS
2026-05-15,2209.7573207679993,2261.6649346543286,2209.7573207679993,2221.5322265625,3410637,0.0,0.0,TCS.NS
2026-05-18,2221.5322685970373,2249.8900714309348,2209.953563101145,2240.3720703125,3773336,0.0,0.0,TCS.NS
2026-05-19,2256.857213357978,2333.0017090765828,2254.0117066090534,2283.448974609375,10394707,0.0,0.0,TCS.NS
2026-05-20,2280.3085723429836,2298.06915136111,2274.3231388707036,2283.742919921875,2537422,0.0,0.0,TCS.NS
2026-05-21,2287.275643394801,2292.0836345084317,2270.594525446405,2283.546875,3299087,0.0,0.0,TCS.NS
2026-05-22,2287.373954930871,2296.106915322829,2264.805382686245,2273.832763671875,2617262,0.0,0.0,TCS.NS
2026-05-25,2312.3217190072714,2313.415817804508,2280.496215777924,2295.61328125,3298364,31.0,0.0,TCS.NS
2026-05-26,2295.613098349941,2315.205623652634,2260.008270887014,2263.78759765625,3587597,0.0,0.0,TCS.NS
2026-05-27,2262.5943570616037,2283.0821217701528,2248.571147658945,2271.744140625,2653950,0.0,0.0,TCS.NS
2026-05-28,2271.744140625,2271.744140625,2271.744140625,2271.744140625,0,0.0,0.0,TCS.NS
2026-05-29,2278.507085795833,2321.2726050840133,2222.81245602518,2246.58203125,16331582,0.0,0.0,TCS.NS
2026-06-01,2271.5452382799426,2322.267132829976,2267.5670504720965,2284.8720703125,7505095,0.0,0.0,TCS.NS
2026-06-02,2307.34897134468,2443.9996279549005,2303.569644295269,2433.556884765625,11306127,0.0,0.0,TCS.NS
2026-06-03,2379.9508308808004,2379.9508308808004,2212.6680838914085,2229.475830078125,15660062,0.0,0.0,TCS.NS
2026-06-04,2229.4759194813155,2240.8139007540485,2204.5129359355733,2228.77978515625,4867263,0.0,0.0,TCS.NS
2026-06-05,2250.560184151513,2259.4117976453776,2180.0469028924485,2186.9091796875,5019717,0.0,0.0,TCS.NS
2026-06-08,2158.1668832997775,2165.128711955583,2131.6125282744956,2139.668212890625,6536734,0.0,0.0,TCS.NS
2026-06-09,2162.145087858845,2162.145087858845,2121.169801728995,2139.2705078125,4148655,0.0,0.0,TCS.NS
2026-06-10,2139.568864676436,2168.907999188303,2133.1043096144995,2142.154541015625,2848650,0.0,0.0,TCS.NS
2026-06-11,2115.4013888441136,2142.8509821277357,2098.494090484758,2123.95458984375,3079815,0.0,0.0,TCS.NS
2026-06-12,2138.276030955957,2156.177876796519,2126.3414670622496,2149.61376953125,2124656,0.0,0.0,TCS.NS
2026-06-15,2180.046856932239,2180.046856932239,2147.525221086398,2150.21044921875,3337083,0.0,0.0,TCS.NS
2026-06-16,2155.183285992923,2196.954258771743,2148.818282502735,2187.0087890625,3079898,0.0,0.0,TCS.NS
2026-06-17,2196.9542720106556,2218.8343055028395,2188.6994835403766,2210.8779296875,2865010,0.0,0.0,TCS.NS
2026-06-18,2196.9542695909468,2201.927004470057,2170.101501243751,2191.285400390625,3735188,0.0,0.0,TCS.NS
2026-06-19,2093.521413717831,2126.341464384191,2048.6672473500757,2113.412353515625,13286502,0.0,0.0,TCS.NS
2026-06-22,2120.5729308842238,2145.237743488044,2109.434053749718,2116.197021484375,4566101,0.0,0.0,TCS.NS
2026-06-23,2099.4885101234904,2102.4721508294924,2043.7938836114508,2048.368896484375,6392736,0.0,0.0,TCS.NS
2026-06-24,2049.7612582514666,2109.1356624395376,2049.7612582514666,2097.49951171875,4747277,0.0,0.0,TCS.NS
2026-06-25,2121.965363861958,2136.78401555451,2076.61392807904,2083.27734375,4738903,0.0,0.0,TCS.NS
2026-06-26,2083.27734375,2083.27734375,2083.27734375,2083.27734375,0,0.0,0.0,TCS.NS
2026-06-29,2078.6031371123327,2093.521341445675,2059.706744956766,2086.4599609375,3412470,0.0,0.0,TCS.NS
2026-06-30,2078.60311543387,2092.8251853118586,2007.791421498655,2020.422119140625,6848411,0.0,0.0,TCS.NS
2026-07-01,2028.776408877907,2040.8104030555382,1966.0205187179013,1971.788818359375,4658295,0.0,0.0,TCS.NS
2026-07-02,1997.0503819057583,2065.5745732846704,1991.580373389582,2056.82275390625,6040621,0.0,0.0,TCS.NS
2026-07-03,2088.5485393778363,2105.0581154318793,2073.6303355251375,2082.083984375,4028819,0.0,0.0,TCS.NS
2026-07-06,2078.6031065753987,2081.5867473982344,2039.4180542258837,2046.3798828125,2567386,0.0,0.0,TCS.NS
2026-07-07,2038.8212111731864,2111.124724588052,2037.8266642409067,2084.669921875,4769048,0.0,0.0,TCS.NS
2026-07-08,2082.5813599967723,2098.1956989000228,2037.6278854106638,2046.2803955078125,3666985,0.0,0.0,TCS.NS
2026-07-09,2046.280350211656,2053.7394523387943,2005.006651774823,2038.323974609375,3791498,0.0,0.0,TCS.NS
2026-07-10,2093.7200783959847,2121.666943317309,2053.341620075063,2057.717529296875,6714551,0.0,0.0,TCS.NS
2026-07-13,2063.684994131224,2192.8765503750355,2053.8390761022306,2169.604248046875,12382622,0.0,0.0,TCS.NS
2026-07-14,2170.996422535663,2215.850586742918,2167.1177865856457,2188.60009765625,9546290,0.0,0.0,TCS.NS
2026-07-15,2174.10009765625,2202.89990234375,2145.39990234375,2189.199951171875,5426489,12.0,0.0,TCS.NS
2026-07-16,2206.0,2231.39990234375,2187.800048828125,2201.0,5197595,0.0,0.0,TCS.NS
2026-07-17,2224.800048828125,2275.0,2215.10009765625,2269.0,5615138,0.0,0.0,TCS.NS
2026-07-20,2280.10009765625,2283.39990234375,2245.10009765625,2251.10009765625,2202693,0.0,0.0,TCS.NS
2026-07-21,2245.10009765625,2259.89990234375,2218.5,2221.10009765625,2382160,0.0,0.0,TCS.NS
2026-07-22,2216.0,2226.800048828125,2201.0,2208.300048828125,1599665,0.0,0.0,TCS.NS
2026-07-23,2204.0,2250.0,2193.60009765625,2242.89990234375,2503539,0.0,0.0,TCS.NS
2026-07-24,2205.10009765625,2264.300048828125,2205.10009765625,2254.300048828125,3211699,0.0,0.0,TCS.NS
2026-07-27,2286.0,2315.0,2272.39990234375,2295.60009765625,4007292,0.0,0.0,TCS.NS
2026-07-28,2325.0,2417.39990234375,2323.0,2398.0,8248513,0.0,0.0,TCS.NS
2026-07-29,2440.0,2475.5,2415.10009765625,2446.60009765625,7169419,0.0,0.0,TCS.NS
2026-07-30,2440.0,2495.0,2423.0,2431.800048828125,4901582,0.0,0.0,TCS.NS
2026-07-31,2385.0,2391.0,2326.10009765625,2365.60009765625,4343683,0.0,0.0,TCS.NS
2026-08-03,2383.89990234375,2473.699951171875,2383.0,2473.699951171875,3036839,0.0,0.0,TCS.NS
2026-08-04,2463.10009765625,2467.39990234375,2435.10009765625,2460.0,2792792,0.0,0.0,TCS.NS
2026-08-05,2460.0,2460.89990234375,2408.0,2413.0,3014409,0.0,0.0,TCS.NS
2026-08-06,2417.0,2434.5,2368.5,2373.0,2729141,0.0,0.0,TCS.NS
2026-08-07,2375.0,2457.699951171875,2375.0,2452.699951171875,4547979,0.0,0.0,TCS.NS
2026-08-10,2452.699951171875,2472.89990234375,2423.5,2425.699951171875,2322023,0.0,0.0,TCS.NS
2026-08-11,2438.0,2456.60009765625,2428.0,2445.699951171875,1514105,0.0,0.0,TCS.NS
2026-08-12,2445.699951171875,2445.800048828125,2300.10009765625,2349.699951171875,7022647,0.0,0.0,TCS.NS
2026-08-13,2349.699951171875,2375.0,2332.300048828125,2375.0,2123494,0.0,0.0,TCS.NS
2026-08-14,2375.10009765625,2390.0,2333.39990234375,2361.0,2232160,0.0,0.0,TCS.NS
2026-08-17,2351.0,2361.10009765625,2310.60009765625,2313.199951171875,2237636,0.0,0.0,TCS.NS
2026-08-18,2300.0,2307.0,2280.0,2280.0,1797822,0.0,0.0,TCS.NS
2026-08-19,2293.60009765625,2308.199951171875,2258.300048828125,2289.0,3368922,0.0,0.0,TCS.NS
2026-08-20,2319.39990234375,2329.0,2288.10009765625,2298.0,2047848,0.0,0.0,TCS.NS
2026-08-21,2290.10009765625,2307.199951171875,2263.300048828125,2302.0,2066749,0.0,0.0,TCS.NS
2026-08-24,2302.39990234375,2321.60009765625,2279.5,2284.10009765625,1542723,0.0,0.0,TCS.NS
2026-08-25,2305.0,2313.5,2262.0,2296.199951171875,3041609,0.0,0.0,TCS.NS
2026-08-26,2305.10009765625,2306.300048828125,2266.39990234375,2270.0,1660737,0.0,0.0,TCS.NS
2026-08-27,2270.0,2283.60009765625,2243.89990234375,2248.39990234375,1709113,0.0,0.0,TCS.NS
2026-08-28,2272.0,2348.5,2263.300048828125,2342.0,4054069,0.0,0.0,TCS.NS
2026-08-31,2342.0,2399.300048828125,2306.199951171875,2399.300048828125,2905846,0.0,0.0,TCS.NS
2026-09-01,2355.0,2372.0,2325.0,2369.0,2678034,0.0,0.0,TCS.NS
2026-09-02,2347.89990234375,2363.0,2303.5,2348.0,2533005,0.0,0.0,TCS.NS
2026-09-03,2353.60009765625,2353.60009765625,2316.10009765625,2320.10009765625,1892786,0.0,0.0,TCS.NS
2026-09-04,2330.0,2363.89990234375,2302.39990234375,2304.0,2564322,0.0,0.0,TCS.NS
2026-09-07,2290.10009765625,2299.89990234375,2260.10009765625,2270.0,2297551,0.0,0.0,TCS.NS
2026-09-08,2270.0,2274.5,2244.0,2255.5,2148114,0.0,0.0,TCS.NS
2026-09-09,2237.0,2237.0,2193.199951171875,2208.0,3370071,0.0,0.0,TCS.NS
2026-09-10,2199.0,2232.0,2190.60009765625,2204.10009765625,2490912,0.0,0.0,TCS.NS
2026-09-11,2185.5,2232.60009765625,2185.5,2200.800048828125,2634124,0.0,0.0,TCS.NS
2026-09-15,2275.5,2323.0,2267.0,2269.89990234375,4806462,0.0,0.0,TCS.NS
2025-09-15,953.824233432933,956.5294899386951,949.2991011128589,951.3157348632812,14486377,0.0,0.0,HDFCBANK.NS
2025-09-16,945.560981879392,953.5783427584718,945.560981879392,951.1190185546875,18661794,0.0,0.0,HDFCBANK.NS
2025-09-17,949.4467082101403,958.5462075924,948.6596764461077,950.7747192382812,17361476,0.0,0.0,HDFCBANK.NS
2025-09-18,957.4640913046234,963.7108108355188,953.4799980850369,961.0055541992188,17791598,0.0,0.0,HDFCBANK.NS
2025-09-19,959.0380500102757,960.8087513537787,946.4462625851606,951.168212890625,31243267,0.0,0.0,HDFCBANK.NS
2025-09-22,948.315388056543,955.3982535857159,946.298754270858,948.5121459960938,10854415,0.0,0.0,HDFCBANK.NS
2025-09-23,951.2665762064279,952.447063800625,939.9536851760515,941.6260375976562,21022298,0.0,0.0,HDFCBANK.NS
2025-09-24,936.7074240016012,940.8882751893465,927.6570988338277,935.5761108398438,15117220,0.0,0.0,HDFCBANK.NS
2025-09-25,937.0024763946197,942.4129893816753,931.9854792780051,934.3955688476562,31413279,0.0,0.0,HDFCBANK.NS
2025-09-26,929.7228805294212,935.9695999150294,925.9847198182591,929.6737060546875,14874656,0.0,0.0,HDFCBANK.NS
2025-09-29,930.6574059019287,941.232499440892,923.8204729543667,934.8382568359375,32398179,0.0,0.0,HDFCBANK.NS
2025-09-30,942.4621986714628,944.3804835370663,930.9033750448373,935.5269165039062,28296687,0.0,0.0,HDFCBANK.NS
2025-10-01,937.1992488555558,953.8242439027433,930.6082481971154,949.5450439453125,25350832,0.0,0.0,HDFCBANK.NS
2025-10-03,936.5106471136629,951.0206597658967,936.5106471136629,949.4467163085938,26658296,0.0,0.0,HDFCBANK.NS
2025-10-06,956.0868643620497,961.4973774003239,946.3479168763192,957.6116333007812,18542683,0.0,0.0,HDFCBANK.NS
2025-10-07,958.1527020714059,973.7447933808842,955.201513050652,966.514404296875,25535736,0.0,0.0,HDFCBANK.NS
2025-10-08,960.1201629857547,969.8591107869768,958.6937429483099,962.7762451171875,15939710,0.0,0.0,HDFCBANK.NS
2025-10-09,958.6445364195181,963.0713198098597,954.3653364923583,961.2022094726562,15370950,0.0,0.0,HDFCBANK.NS
2025-10-10,963.0713193511867,970.1541847807785,962.1859386567031,964.9404296875,13757080,0.0,0.0,HDFCBANK.NS
2025-10-13,958.4477997344204,965.0388004923793,956.1852335153851,961.1038818359375,18634254,0.0,0.0,HDFCBANK.NS
2025-10-14,954.2177737318785,964.4977607253469,951.2665847409552,961.25146484375,22934382,0.0,0.0,HDFCBANK.NS
2025-10-15,959.1364356766506,968.8753835018975,957.5132576917447,962.3335571289062,23310447,0.0,0.0,HDFCBANK.NS
2025-10-16,966.6619807603523,980.384961573746,965.5306676270898,978.1715698242188,22936566,0.0,0.0,HDFCBANK.NS
2025-10-17,977.7781081157631,992.5832274986775,969.9574453059425,986.2381591796875,25210511,0.0,0.0,HDFCBANK.NS
2025-10-20,980.7784494751901,1003.4042311581684,980.7784494751901,986.6316528320312,22195202,0.0,0.0,HDFCBANK.NS
2025-10-21,989.6320299074079,993.5669485153896,987.664570603417,991.3043823242188,3471600,0.0,0.0,HDFCBANK.NS
2025-10-23,999.4693402098319,1003.8961237048558,989.6320435542233,992.386474609375,43526526,0.0,0.0,HDFCBANK.NS
2025-10-24,994.5506701933195,995.4852253636408,975.1711841959709,978.5650634765625,17707768,0.0,0.0,HDFCBANK.NS
2025-10-27,980.286584655995,992.6323796093756,979.9914777728962,986.6316528320312,15700796,0.0,0.0,HDFCBANK.NS
2025-10-28,981.4178939740924,991.5994716753507,978.8109864255694,987.2218627929688,33904289,0.0,0.0,HDFCBANK.NS
2025-10-29,988.5499498614066,996.0262711888014,983.729650556841,991.451904296875,17769445,0.0,0.0,HDFCBANK.NS
2025-10-30,983.7296659041476,993.0750977302371,980.8768258561881,981.9097900390625,19962917,0.0,0.0,HDFCBANK.NS
2025-10-31,977.8272677237645,988.1072545286754,965.1863657946757,971.2362670898438,23221330,0.0,0.0,HDFCBANK.NS
2025-11-03,968.9737116887809,978.3683179002891,967.3013592642496,976.499267578125,16607180,0.0,0.0,HDFCBANK.NS
2025-11-04,970.9411924643373,980.7784892471573,967.6948965344255,969.2196655273438,20024544,0.0,0.0,HDFCBANK.NS
2025-11-06,965.0388182096445,974.9252895070431,958.1527104344483,968.6294555664062,22279516,0.0,0.0,HDFCBANK.NS
2025-11-07,964.0550607577244,968.8753600783504,958.8904800750938,966.317626953125,15004568,0.0,0.0,HDFCBANK.NS
2025-11-10,966.3176552483678,974.8269410200376,964.2518469316628,968.4818725585938,15988262,0.0,0.0,HDFCBANK.NS
2025-11-11,967.4981021987119,977.3353986115102,962.0875891716729,975.564697265625,10200530,0.0,0.0,HDFCBANK.NS
2025-11-12,982.549186657653,982.7459446009269,971.629811290036,973.4005126953125,13137263,0.0,0.0,HDFCBANK.NS
2025-11-13,967.990016129637,973.9907432290495,966.6127705451346,970.596923828125,14124839,0.0,0.0,HDFCBANK.NS
2025-11-14,960.169315545859,975.5155341538173,960.169315545859,973.4988403320312,21386965,0.0,0.0,HDFCBANK.NS
2025-11-17,975.121999344663,981.7129998984626,969.5639028977658,980.3357543945312,18396408,0.0,0.0,HDFCBANK.NS
2025-11-18,981.4178963551165,982.7459073482096,973.8923406153428,976.302490234375,20002640,0.0,0.0,HDFCBANK.NS
2025-11-19,973.8923481205824,980.3357652840727,967.9899702531849,978.41748046875,19813847,0.0,0.0,HDFCBANK.NS
2025-11-20,979.106143718625,995.1409255797437,976.3025381325072,992.4356689453125,19850865,0.0,0.0,HDFCBANK.NS
2025-11-21,986.7792242744008,991.8946306513916,980.3358068377918,981.8114013671875,17499897,0.0,0.0,HDFCBANK.NS
2025-11-24,983.7296398293618,994.9933562138265,977.4337461176169,982.8934936523438,32204053,0.0,0.0,HDFCBANK.NS
2025-11-25,987.6645910314578,989.7303993265384,972.3184321597589,973.6956176757812,24989383,0.0,0.0,HDFCBANK.NS
2025-11-26,965.3338969506472,990.566586579224,965.3338969506472,987.5662231445312,19494356,0.0,0.0,HDFCBANK.NS
2025-11-27,985.7954498771661,1000.2562876177888,984.7133712881919,993.0750732421875,25536848,0.0,0.0,HDFCBANK.NS
2025-11-28,990.615779865885,995.583602701878,987.8613487922537,991.2059936523438,15988807,0.0,0.0,HDFCBANK.NS
2025-12-01,1000.9449320171519,1000.9449320171519,983.0410401436599,985.7954711914062,16746566,0.0,0.0,HDFCBANK.NS
2025-12-02,971.9249162739843,978.2208101938114,968.9737272569581,973.6956176757812,27316662,0.0,0.0,HDFCBANK.NS
2025-12-03,969.957416921422,985.9921979107919,969.957416921422,984.2214965820312,15448777,0.0,0.0,HDFCBANK.NS
2025-12-04,983.7296507402166,988.3531921071142,976.8435431850351,980.9752197265625,14528169,0.0,0.0,HDFCBANK.NS
2025-12-05,975.8598190407668,991.5994935414243,974.0891176678615,986.9759521484375,12843366,0.0,0.0,HDFCBANK.NS
2025-12-08,983.7296369469886,990.1238795871441,981.2703128546212,986.7791748046875,12901022,0.0,0.0,HDFCBANK.NS
2025-12-09,978.7126738119038,986.4841021884776,977.82729309106,980.8768310546875,15294322,0.0,0.0,HDFCBANK.NS
2025-12-10,981.2703481612342,982.2540778335763,969.2688341502419,973.6956176757812,15322830,0.0,0.0,HDFCBANK.NS
2025-12-11,973.892376646044,986.3857555063869,972.4167821359742,984.0247802734375,11844809,0.0,0.0,HDFCBANK.NS
2025-12-12,986.6808557305643,988.3532081724247,981.9589653386773,985.2052612304688,11988618,0.0,0.0,HDFCBANK.NS
2025-12-15,975.8597989154725,985.5003373398883,975.8597989154725,979.89306640625,9790060,0.0,0.0,HDFCBANK.NS
2025-12-16,973.9906989646398,982.4508099496376,973.9906989646398,978.1223754882812,20049088,0.0,0.0,HDFCBANK.NS
2025-12-17,979.7947462128429,979.7947462128429,964.8420432983647,967.989990234375,19080922,0.0,0.0,HDFCBANK.NS
2025-12-18,957.464054962666,971.334679033018,957.464054962666,963.7599487304688,14912404,0.0,0.0,HDFCBANK.NS
2025-12-19,970.9411706561548,971.9249003123414,962.7762265182249,969.465576171875,25952384,0.0,0.0,HDFCBANK.NS
2025-12-22,971.9249286743926,976.745228147207,967.8916609831689,971.6298217773438,13540411,0.0,0.0,HDFCBANK.NS
2025-12-23,974.3842218605324,982.647574967353,971.6297908389565,980.3849487304688,17927849,0.0,0.0,HDFCBANK.NS
2025-12-24,976.8435431850351,983.1394369666097,976.8435431850351,980.9752197265625,13699996,0.0,0.0,HDFCBANK.NS
2025-12-26,979.7947606844748,980.9752483081762,971.6298163538564,975.9581909179688,9360853,0.0,0.0,HDFCBANK.NS
2025-12-29,976.9418827381613,981.1719682293385,971.1379138798658,975.564697265625,13545749,0.0,0.0,HDFCBANK.NS
2025-12-30,974.0891482066822,978.8110386964976,966.219310709625,974.7777709960938,33155849,0.0,0.0,HDFCBANK.NS
2025-12-31,974.8761180311038,981.3687099365719,971.531413084593,975.0728759765625,10963454,0.0,0.0,HDFCBANK.NS
2026-01-01,977.3354223369146,981.3195154723957,973.4005036762727,975.023681640625,7132074,0.0,0.0,HDFCBANK.NS
2026-01-02,975.0236621058955,986.8775923251652,972.7118614138294,985.3035888671875,11751459,0.0,0.0,HDFCBANK.NS
2026-01-05,989.3861276768052,990.0255759869466,960.4152765333309,961.5957641601562,27647379,0.0,0.0,HDFCBANK.NS
2026-01-06,947.0365425575541,950.9714611429873,940.445541918535,946.544677734375,31988783,0.0,0.0,HDFCBANK.NS
2026-01-07,940.4455758755977,940.8882662408619,930.6082790568153,933.608642578125,52884712,0.0,0.0,HDFCBANK.NS
2026-01-08,929.3294156929511,937.4943598087852,926.083119844739,931.296875,21928849,0.0,0.0,HDFCBANK.NS
2026-01-09,929.6245460388378,935.1334082207486,918.1148967937476,923.72216796875,38183839,0.0,0.0,HDFCBANK.NS
2026-01-12,922.246544668881,926.6733280832916,914.4750564356341,921.7055053710938,21071666,0.0,0.0,HDFCBANK.NS
2026-01-13,932.2806373194226,932.2806373194226,917.4262830054705,922.0989990234375,32042827,0.0,0.0,HDFCBANK.NS
2026-01-14,914.8685971701506,924.7550683892156,905.2280583696796,910.3926391601562,36688248,0.0,0.0,HDFCBANK.NS
2026-01-15,910.3926391601562,910.3926391601562,910.3926391601562,910.3926391601562,0,0.0,0.0,HDFCBANK.NS
2026-01-16,906.9987674975428,920.7218085803552,904.2443363942556,915.95068359375,37780235,0.0,0.0,HDFCBANK.NS
2026-01-19,920.6726328615482,920.9185652819042,904.5394420693568,912.8027954101562,38191942,0.0,0.0,HDFCBANK.NS
2026-01-20,914.1799618930222,919.2953681382725,904.637772173591,916.049072265625,36022727,0.0,0.0,HDFCBANK.NS
2026-01-21,909.9499161549952,916.9836070913005,900.6044845836736,905.3755493164062,32766854,0.0,0.0,HDFCBANK.NS
2026-01-22,912.9011151422527,913.1962220288154,898.3419283315923,903.75244140625,44444755,0.0,0.0,HDFCBANK.NS
2026-01-23,905.0312717738813,911.0319985807623,894.4561781091321,901.1947021484375,30985247,0.0,0.0,HDFCBANK.NS
2026-01-27,891.2590997657288,916.0490999795524,890.2753700750383,911.3272094726562,44753093,0.0,0.0,HDFCBANK.NS
2026-01-28,917.3279002643548,926.1322926560076,913.2946327089841,917.524658203125,35347138,0.0,0.0,HDFCBANK.NS
2026-01-29,914.9669494914904,924.0172745375145,909.310503842987,920.2791137695312,37175628,0.0,0.0,HDFCBANK.NS
2026-01-30,914.8685955943554,923.6238136980638,912.6552038308206,914.1307983398438,29691233,0.0,0.0,HDFCBANK.NS
2026-02-02,900.1126164754811,914.6718030723491,894.5053455447564,912.9994506835938,28032106,0.0,0.0,HDFCBANK.NS
2026-02-03,967.7440559401642,977.8272849855383,929.6245315003357,933.2643432617188,50336968,0.0,0.0,HDFCBANK.NS
2026-02-04,937.0024986247718,941.62604002273,932.5265406922532,937.5927124023438,24366770,0.0,0.0,HDFCBANK.NS
2026-02-05,940.4455315704454,940.4947060438036,931.2968579683982,934.248046875,28103169,0.0,0.0,HDFCBANK.NS
2026-02-06,929.6245335781572,932.674071523322,922.3449100391202,925.7879638671875,18120272,0.0,0.0,HDFCBANK.NS
2026-02-09,929.6245151050697,934.5431633331389,920.1315000080592,922.0006103515625,23947829,0.0,0.0,HDFCBANK.NS
2026-02-10,914.868578036692,925.5912552799808,914.8194035624206,917.2295532226562,31525385,0.0,0.0,HDFCBANK.NS
2026-02-11,916.098249190927,920.7709650928405,910.2450456843219,912.0157470703125,24869804,0.0,0.0,HDFCBANK.NS
2026-02-12,911.9174149760892,913.4913584500406,903.5557126812706,905.6215209960938,33872203,0.0,0.0,HDFCBANK.NS
2026-02-13,898.1451529282086,913.097855324917,886.3403973585059,889.1932373046875,50188359,0.0,0.0,HDFCBANK.NS
2026-02-16,889.1932346170704,914.3766890728148,887.4224732532938,910.7368774414062,18806989,0.0,0.0,HDFCBANK.NS
2026-02-17,907.9824677389611,912.9994649414832,903.6540332583628,910.6385498046875,22599629,0.0,0.0,HDFCBANK.NS
2026-02-18,908.1792516728873,910.4418179261975,904.5886143276533,909.6548461914062,12738702,0.0,0.0,HDFCBANK.NS
2026-02-19,913.8848827326366,914.0816406792112,897.6041683586819,900.702880859375,21209234,0.0,0.0,HDFCBANK.NS
2026-02-20,896.1777087970013,902.9162328649714,893.6200357305538,897.0138549804688,22654907,0.0,0.0,HDFCBANK.NS
2026-02-23,901.5882362795462,910.5893867142319,900.3585742006053,908.5726928710938,23270122,0.0,0.0,HDFCBANK.NS
2026-02-24,912.8519465614362,912.8519465614362,894.3578410316289,895.6858520507812,31313985,0.0,0.0,HDFCBANK.NS
2026-02-25,895.7350222932594,901.0963609031212,888.4062243801156,892.8330078125,27884303,0.0,0.0,HDFCBANK.NS
2026-02-26,897.1614323550999,897.1614323550999,880.4380284625158,883.9794311523438,41165937,0.0,0.0,HDFCBANK.NS
2026-02-27,883.9794733683615,884.3238147843207,870.6007736322075,873.3060302734375,34620755,0.0,0.0,HDFCBANK.NS
2026-03-02,861.9439110956672,873.3059762779105,857.3695443137591,865.0918579101562,38378924,0.0,0.0,HDFCBANK.NS
2026-03-04,834.202743374385,864.993469417403,834.202743374385,854.5167846679688,39862322,0.0,0.0,HDFCBANK.NS
2026-03-05,859.6321193633155,867.0593261570968,849.4505416361635,863.4686889648438,31324582,0.0,0.0,HDFCBANK.NS
2026-03-06,853.9264946975441,857.5171318697022,841.1871839599715,843.10546875,34439647,0.0,0.0,HDFCBANK.NS
2026-03-09,811.5769775858611,828.7430723323081,808.1339237415574,827.0215454101562,35592613,0.0,0.0,HDFCBANK.NS
2026-03-10,836.2193641547399,842.8595391904452,826.923107096334,835.629150390625,52866024,0.0,0.0,HDFCBANK.NS
2026-03-11,831.2515482012323,835.0388833093358,814.1346283989498,820.38134765625,42261076,0.0,0.0,HDFCBANK.NS
2026-03-12,806.7566625998296,822.7915039414563,806.7566625998296,819.2008666992188,46107561,0.0,0.0,HDFCBANK.NS
2026-03-13,806.6583423777922,810.3965031755142,798.7885048911796,803.7071533203125,41700464,0.0,0.0,HDFCBANK.NS
2026-03-16,803.7071599773169,830.7597265616207,802.3791489072894,826.9231567382812,52182605,0.0,0.0,HDFCBANK.NS
2026-03-17,833.907625869114,835.0881134427475,821.5125964091002,831.5958251953125,38826979,0.0,0.0,HDFCBANK.NS
2026-03-18,831.5958180920426,833.0222380629118,818.0695356894909,829.333251953125,23507063,0.0,0.0,HDFCBANK.NS
2026-03-19,757.4718247668609,802.3791069663046,757.4718247668609,785.2130126953125,171637393,0.0,0.0,HDFCBANK.NS
2026-03-20,772.2277890336613,780.8354236248008,765.5384393026802,767.7518310546875,103129469,0.0,0.0,HDFCBANK.NS
2026-03-23,750.7333447737776,756.1930326018271,728.9928823726722,732.04248046875,72341738,0.0,0.0,HDFCBANK.NS
2026-03-24,742.7158864237038,760.1770877270425,735.5346719806084,752.454833984375,61269986,0.0,0.0,HDFCBANK.NS
2026-03-25,755.7011518436857,781.8683373030494,755.7011518436857,769.5717163085938,59230640,0.0,0.0,HDFCBANK.NS
2026-03-27,760.6197661066401,762.2921184952538,742.2731843894259,743.8963623046875,65485199,0.0,0.0,HDFCBANK.NS
2026-03-30,733.0753333889118,738.7809532430898,714.8271607333363,719.6473999023438,103500135,0.0,0.0,HDFCBANK.NS
2026-04-01,730.9111370884557,743.6012737142313,727.0745673991486,730.17333984375,78862761,0.0,0.0,HDFCBANK.NS
2026-04-02,718.1226435138951,742.7158847301245,714.8271732077576,738.6826171875,49310300,0.0,0.0,HDFCBANK.NS
2026-04-06,746.6508105088765,760.1770933079504,732.8785952952741,758.45556640625,42976659,0.0,0.0,HDFCBANK.NS
2026-04-07,753.5368922732654,761.4067292682865,748.6182441513773,759.4392700195312,51309793,0.0,0.0,HDFCBANK.NS
2026-04-08,786.9837533249241,804.4941298279846,783.0488345582994,802.82177734375,70269512,0.0,0.0,HDFCBANK.NS
2026-04-09,801.7397031581198,805.674621946626,780.1959987742106,784.72119140625,48879392,0.0,0.0,HDFCBANK.NS
2026-04-10,790.9186649096054,799.0344347920734,787.9674758614352,797.1161499023438,38156026,0.0,0.0,HDFCBANK.NS
2026-04-13,778.6220116333144,785.5081191272287,774.5395096022282,781.7699584960938,47549328,0.0,0.0,HDFCBANK.NS
2026-04-15,791.8531825431569,801.5428954413671,790.9186273804953,796.72265625,39769515,0.0,0.0,HDFCBANK.NS
2026-04-16,804.6908427624061,806.7074765090769,779.3106301457999,782.5077514648438,62861293,0.0,0.0,HDFCBANK.NS
2026-04-17,777.2447773125524,790.8694690755784,775.3757269911107,786.8853759765625,37282544,0.0,0.0,HDFCBANK.NS
2026-04-20,784.130869340026,796.7718311959621,777.146412936798,782.5077514648438,52148044,0.0,0.0,HDFCBANK.NS
2026-04-21,782.2618278432276,801.6413139109341,782.2618278432276,798.5425415039062,49135752,0.0,0.0,HDFCBANK.NS
2026-04-22,796.8210214869076,799.8213849297669,785.0162656130275,786.8853759765625,23876412,0.0,0.0,HDFCBANK.NS
2026-04-23,779.1138736217773,783.6882404572269,769.7684420568696,771.5883178710938,37677616,0.0,0.0,HDFCBANK.NS
2026-04-24,764.6530532653331,774.7854567622786,764.3579463755373,772.0802001953125,27720358,0.0,0.0,HDFCBANK.NS
2026-04-27,774.6870798664892,780.0975928052393,772.227755803421,776.9496459960938,18115375,0.0,0.0,HDFCBANK.NS
2026-04-28,772.2277766082829,781.5732082997206,765.6367759332712,769.817626953125,35366803,0.0,0.0,HDFCBANK.NS
2026-04-29,772.7196209849993,777.1464043006358,764.7022005187322,766.3253784179688,25799963,0.0,0.0,HDFCBANK.NS
2026-04-30,757.4718126650201,766.1286213727735,749.847908057028,759.1441650390625,47998755,0.0,0.0,HDFCBANK.NS
2026-05-01,759.1441650390625,759.1441650390625,759.1441650390625,759.1441650390625,0,0.0,0.0,HDFCBANK.NS
2026-05-04,760.0295232783589,773.8017387354295,760.0295232783589,766.7189331054688,29028060,0.0,0.0,HDFCBANK.NS
2026-05-05,761.8002432312857,764.2595672860843,751.2743242683289,759.734375,38887657,0.0,0.0,HDFCBANK.NS
2026-05-06,762.5380651832903,785.9508189360297,760.9148872376333,783.58984375,35530831,0.0,0.0,HDFCBANK.NS
2026-05-07,781.0813276889071,788.5084744009563,775.7199891869062,783.0979614257812,46137553,0.0,0.0,HDFCBANK.NS
2026-05-08,771.2440360478325,775.9167518274592,764.5546865191014,768.145263671875,38016841,0.0,0.0,HDFCBANK.NS
2026-05-11,759.3901026416063,762.2428825536997,749.5036318326614,751.2251586914062,41123422,0.0,0.0,HDFCBANK.NS
2026-05-12,744.2898305325124,747.3394284783378,735.6330216051203,738.2399291992188,43937132,0.0,0.0,HDFCBANK.NS
2026-05-13,739.7647228184694,747.5853858194506,735.1903557682459,737.4037475585938,28960919,0.0,0.0,HDFCBANK.NS
2026-05-14,738.7810009702333,765.6368096362314,734.846082190099,757.0291748046875,50992358,0.0,0.0,HDFCBANK.NS
2026-05-15,760.4230253238243,769.1782432932904,752.9467039429112,755.0125122070312,24347873,0.0,0.0,HDFCBANK.NS
2026-05-18,746.6507839481793,761.5050772404568,739.1252283144738,756.143798828125,29812079,0.0,0.0,HDFCBANK.NS
2026-05-19,754.2255287138954,758.2587962302428,747.8804605130283,750.044677734375,40307830,0.0,0.0,HDFCBANK.NS
2026-05-20,747.2410491475586,749.8479568451309,742.8635000569833,747.1427001953125,24013451,0.0,0.0,HDFCBANK.NS
2026-05-21,754.5206547496631,755.7503168336749,742.8634822100684,746.7984008789062,34664725,0.0,0.0,HDFCBANK.NS
2026-05-22,746.7984174780529,762.390509033052,746.7984174780529,754.3239135742188,25604071,0.0,0.0,HDFCBANK.NS
2026-05-25,763.3742255318324,775.0313981291084,762.5872538025895,774.0476684570312,26043952,0.0,0.0,HDFCBANK.NS
2026-05-26,771.2932224692265,777.9825721015808,764.1120080103449,766.22705078125,31528062,0.0,0.0,HDFCBANK.NS
2026-05-27,756.9799611769273,761.3083956280444,744.584991677417,746.3065185546875,63680153,0.0,0.0,HDFCBANK.NS
2026-05-28,746.3065185546875,746.3065185546875,746.3065185546875,746.3065185546875,0,0.0,0.0,HDFCBANK.NS
2026-05-29,733.9115075895189,748.1264133157719,725.7465633447872,732.4359130859375,101299431,0.0,0.0,HDFCBANK.NS
2026-06-01,736.8135126590627,740.1089829912345,727.1729740345589,730.6160278320312,47996441,0.0,0.0,HDFCBANK.NS
2026-06-02,725.0087855549667,741.3386744827858,721.2214502442791,736.0757446289062,47314447,0.0,0.0,HDFCBANK.NS
2026-06-03,732.3375535846441,744.5849997963322,730.5176176978582,741.3878784179688,36109480,0.0,0.0,HDFCBANK.NS
2026-06-04,736.9610714527732,744.9784318589446,732.8785694984622,741.9288940429688,42673538,0.0,0.0,HDFCBANK.NS
2026-06-05,741.6829610502508,746.355676758121,732.5342875674706,734.8952026367188,22116568,0.0,0.0,HDFCBANK.NS
2026-06-08,725.9925096938186,729.4355636015806,722.5494557860566,726.6319580078125,21550700,0.0,0.0,HDFCBANK.NS
2026-06-09,727.4189306755471,731.8457142768752,720.3852393810432,726.3367919921875,38539563,0.0,0.0,HDFCBANK.NS
2026-06-10,724.5169081730804,743.6504624272108,724.418559222074,734.698486328125,44458159,0.0,0.0,HDFCBANK.NS
2026-06-11,730.9111639255492,743.699649970007,728.0583237911012,732.485107421875,32632007,0.0,0.0,HDFCBANK.NS
2026-06-12,742.4207572291352,761.8494172504803,740.8467538097462,759.8819580078125,36088159,0.0,0.0,HDFCBANK.NS
2026-06-15,777.1464134002696,780.5894671305239,762.980682607529,764.7022094726562,39990334,0.0,0.0,HDFCBANK.NS
2026-06-16,767.8010209255166,774.8838866823837,766.7681167622869,772.1294555664062,27820970,0.0,0.0,HDFCBANK.NS
2026-06-17,774.8346784396643,781.376444549763,770.3586605239058,774.2935791015625,32405604,0.0,0.0,HDFCBANK.NS
2026-06-18,773.7033792240301,789.8857441736253,773.4082723338255,786.0,41492071,0.0,0.0,HDFCBANK.NS
2026-06-19,788.7000122070312,789.0499877929688,776.2000122070312,779.7999877929688,33798761,13.0,0.0,HDFCBANK.NS
2026-06-22,789.9000244140625,789.9000244140625,783.0999755859375,786.4000244140625,25194765,0.0,0.0,HDFCBANK.NS
2026-06-23,783.0499877929688,790.9000244140625,772.5499877929688,774.6500244140625,28289062,0.0,0.0,HDFCBANK.NS
2026-06-24,773.0,794.9000244140625,772.6500244140625,793.2000122070312,34701292,0.0,0.0,HDFCBANK.NS
2026-06-25,798.5,804.4500122070312,794.75,796.2999877929688,46707966,0.0,0.0,HDFCBANK.NS
2026-06-26,796.2999877929688,796.2999877929688,796.2999877929688,796.2999877929688,0,0.0,0.0,HDFCBANK.NS
2026-06-29,800.0,805.9000244140625,793.2999877929688,798.9000244140625,46695977,0.0,0.0,HDFCBANK.NS
2026-06-30,806.0999755859375,806.0999755859375,792.75,797.9500122070312,45778356,0.0,0.0,HDFCBANK.NS
2026-07-01,793.5,802.25,793.5,796.1500244140625,26094378,0.0,0.0,HDFCBANK.NS
2026-07-02,795.0,805.4500122070312,794.0,795.9000244140625,34143823,0.0,0.0,HDFCBANK.NS
2026-07-03,803.0,807.0,798.5499877929688,801.0499877929688,25871958,0.0,0.0,HDFCBANK.NS
2026-07-06,805.0,831.5,805.0,829.8499755859375,63203327,0.0,0.0,HDFCBANK.NS
2026-07-07,843.0,843.0,826.0999755859375,829.2999877929688,57611729,0.0,0.0,HDFCBANK.NS
2026-07-08,825.9000244140625,834.3499755859375,806.9500122070312,810.2999877929688,38754632,0.0,0.0,HDFCBANK.NS
2026-07-09,813.0,822.8499755859375,812.2999877929688,817.5499877929688,39891798,0.0,0.0,HDFCBANK.NS
2026-07-10,824.0,827.7000122070312,820.2999877929688,824.9500122070312,23595785,0.0,0.0,HDFCBANK.NS
2026-07-13,817.0,821.9500122070312,811.0,817.9500122070312,21741736,0.0,0.0,HDFCBANK.NS
2026-07-14,811.4000244140625,818.4000244140625,807.0,809.4000244140625,25605395,0.0,0.0,HDFCBANK.NS
2026-07-15,811.0,819.7000122070312,809.7000122070312,815.4500122070312,21488739,0.0,0.0,HDFCBANK.NS
2026-07-16,814.5,818.0,806.5,808.2999877929688,18698186,0.0,0.0,HDFCBANK.NS
2026-07-17,810.0,823.7000122070312,808.5,819.5999755859375,17415322,0.0,0.0,HDFCBANK.NS
2026-07-20,790.0,790.0,774.5499877929688,777.5999755859375,56061789,0.0,0.0,HDFCBANK.NS
2026-07-21,769.1500244140625,772.5,760.0999755859375,761.4500122070312,42246009,0.0,0.0,HDFCBANK.NS
2026-07-22,760.25,761.3499755859375,750.3499755859375,753.1500244140625,23385446,0.0,0.0,HDFCBANK.NS
2026-07-23,749.4000244140625,751.0,743.25,747.25,32532090,0.0,0.0,HDFCBANK.NS
2026-07-24,738.5,748.25,737.25,742.7999877929688,23837859,0.0,0.0,HDFCBANK.NS
2026-07-27,746.0999755859375,747.9500122070312,738.0999755859375,739.5499877929688,29678752,0.0,0.0,HDFCBANK.NS
2026-07-28,732.0,740.25,732.0,735.4000244140625,33886037,0.0,0.0,HDFCBANK.NS
2026-07-29,743.0,751.25,740.7999877929688,748.2000122070312,20460659,0.0,0.0,HDFCBANK.NS
2026-07-30,752.7999877929688,757.9000244140625,745.5,753.9500122070312,35844392,0.0,0.0,HDFCBANK.NS
2026-07-31,753.9500122070312,757.5499877929688,747.2000122070312,748.1500244140625,25522483,0.0,0.0,HDFCBANK.NS
2026-08-03,753.0499877929688,756.8499755859375,750.0499877929688,753.0,14827841,0.0,0.0,HDFCBANK.NS
2026-08-04,753.2000122070312,753.2000122070312,738.0,742.0,31559802,0.0,0.0,HDFCBANK.NS
2026-08-05,733.7999877929688,741.9500122070312,732.5999755859375,735.0,60050538,0.0,0.0,HDFCBANK.NS
2026-08-06,739.0,740.5,733.5499877929688,734.2999877929688,44772122,0.0,0.0,HDFCBANK.NS
2026-08-07,733.0,736.0,728.2000122070312,731.0,19382042,0.0,0.0,HDFCBANK.NS
2026-08-10,731.5,737.5499877929688,728.5,731.0,23660590,0.0,0.0,HDFCBANK.NS
2026-08-11,730.5,730.8499755859375,726.5499877929688,729.0,29154365,0.0,0.0,HDFCBANK.NS
2026-08-12,729.0,730.6500244140625,722.0,729.0,26993177,0.0,0.0,HDFCBANK.NS
2026-08-13,726.9000244140625,729.0,724.5,725.0,22129893,0.0,0.0,HDFCBANK.NS
2026-08-14,725.0,729.5999755859375,723.5,727.0,20364131,0.0,0.0,HDFCBANK.NS
2026-08-17,727.0499877929688,732.0999755859375,724.5,729.0,14823722,0.0,0.0,HDFCBANK.NS
2026-08-18,726.2999877929688,729.0,723.0,723.0,17916507,0.0,0.0,HDFCBANK.NS
2026-08-19,724.0,725.4000244140625,715.0999755859375,720.0,21342651,0.0,0.0,HDFCBANK.NS
2026-08-20,725.5,728.2999877929688,724.2999877929688,725.0499877929688,17603805,0.0,0.0,HDFCBANK.NS
2026-08-21,728.2999877929688,732.7999877929688,726.5999755859375,726.9500122070312,26029811,0.0,0.0,HDFCBANK.NS
2026-08-24,732.5,734.4000244140625,724.0999755859375,729.0,11408345,0.0,0.0,HDFCBANK.NS
2026-08-25,726.5999755859375,728.7000122070312,722.0,727.5,17511874,0.0,0.0,HDFCBANK.NS
2026-08-26,728.0,731.0,724.1500244140625,727.2000122070312,21156463,0.0,0.0,HDFCBANK.NS
2026-08-27,728.1500244140625,728.1500244140625,710.0,711.0,46515020,0.0,0.0,HDFCBANK.NS
2026-08-28,710.8499755859375,720.2999877929688,707.0,720.2999877929688,16494301,0.0,0.0,HDFCBANK.NS
2026-08-31,723.0499877929688,739.75,704.1500244140625,709.0,78157067,0.0,0.0,HDFCBANK.NS
2026-09-01,705.0499877929688,715.4500122070312,698.5,711.9000244140625,44417092,0.0,0.0,HDFCBANK.NS
2026-09-02,702.2999877929688,705.6500244140625,700.0,700.7999877929688,36950338,0.0,0.0,HDFCBANK.NS
2026-09-03,705.0,712.5999755859375,705.0,706.6500244140625,27770641,0.0,0.0,HDFCBANK.NS
2026-09-04,708.3499755859375,716.5,708.3499755859375,712.0999755859375,14488024,0.0,0.0,HDFCBANK.NS
2026-09-07,712.0999755859375,713.0,707.0499877929688,710.5,12180390,0.0,0.0,HDFCBANK.NS
2026-09-08,707.0999755859375,708.9000244140625,703.0,703.0,19883515,0.0,0.0,HDFCBANK.NS
2026-09-09,698.0,700.0,687.0999755859375,687.0999755859375,39173990,0.0,0.0,HDFCBANK.NS
2026-09-10,687.0999755859375,694.5,686.2000122070312,693.7999877929688,27108053,0.0,0.0,HDFCBANK.NS
2026-09-11,683.9000244140625,709.0,681.9000244140625,708.25,31411934,0.0,0.0,HDFCBANK.NS
2026-09-15,722.4000244140625,730.75,715.0499877929688,718.0999755859375,44026216,0.0,0.0,HDFCBANK.NS
2025-09-15,1470.7703889313757,1472.6021270614033,1447.2472937742573,1454.1885986328125,6167414,0.0,0.0,INFY.NS
2025-09-16,1454.18869843609,1459.5874130189484,1449.4647790449067,1456.9844970703125,8923112,0.0,0.0,INFY.NS
2025-09-17,1462.3832147820146,1471.830935901443,1459.58741614181,1467.685546875,4795698,0.0,0.0,INFY.NS
2025-09-18,1494.2935138953433,1499.1138155530703,1483.2068200825713,1485.2313232421875,9331945,0.0,0.0,INFY.NS
2025-09-19,1489.0875921991392,1495.546867150236,1465.4681136380061,1484.845703125,12988129,0.0,0.0,INFY.NS
2025-09-22,1429.4121385641438,1460.2620677071914,1428.7373434373958,1445.6083984375,15655204,0.0,0.0,INFY.NS
2025-09-23,1439.3420265057648,1458.6232324870878,1439.3420265057648,1443.6802978515625,9832164,0.0,0.0,INFY.NS
2025-09-24,1433.7504516255494,1442.909024606748,1429.4121802134027,1440.884521484375,4937004,0.0,0.0,INFY.NS
2025-09-25,1435.4857737282794,1448.6933526456728,1423.4350200871756,1431.436767578125,9491867,0.0,0.0,INFY.NS
2025-09-26,1421.9889772759154,1425.555953399892,1389.4036912657584,1396.8270263671875,8597058,0.0,0.0,INFY.NS
2025-09-29,1407.5280279964163,1412.3483294621576,1384.872611107433,1389.982177734375,10513117,0.0,0.0,INFY.NS
2025-09-30,1391.1390030128964,1400.0083106366037,1386.4150840398418,1389.982177734375,7556305,0.0,0.0,INFY.NS
2025-10-01,1394.031143886091,1397.405354815276,1376.099646484765,1393.83837890625,6250692,0.0,0.0,INFY.NS
2025-10-03,1387.282784330546,1396.2485922754322,1381.6911874663804,1394.609619140625,6877533,0.0,0.0,INFY.NS
2025-10-06,1394.6096065704758,1425.6524188431904,1390.4642178899833,1422.9530029296875,4630590,0.0,0.0,INFY.NS
2025-10-07,1424.5918193613172,1429.6050033943986,1401.743637948074,1406.0819091796875,5570320,0.0,0.0,INFY.NS
2025-10-08,1404.6358503769075,1444.1623224877194,1402.707729786136,1441.2701416015625,4657192,0.0,0.0,INFY.NS
2025-10-09,1448.0185870707542,1459.5873108023447,1433.557682406266,1455.0562744140625,7028753,0.0,0.0,INFY.NS
2025-10-10,1455.7310370996563,1467.0104954131987,1444.933608930849,1460.4549560546875,3738353,0.0,0.0,INFY.NS
2025-10-13,1443.1982662450723,1450.6214834671307,1430.087069727637,1439.5347900390625,5859355,0.0,0.0,INFY.NS
2025-10-14,1445.1264411305913,1459.9729938155936,1433.075686951717,1436.353515625,5600789,0.0,0.0,INFY.NS
2025-10-15,1430.569218120133,1435.1002548224249,1414.7586043879573,1421.41064453125,6986098,0.0,0.0,INFY.NS
2025-10-16,1420.9285143742625,1421.5069270236047,1408.0100826842827,1418.61474609375,8005748,0.0,0.0,INFY.NS
2025-10-17,1402.6114532010124,1405.9856644896408,1382.4625679694304,1389.307373046875,16959378,0.0,0.0,INFY.NS
2025-10-20,1401.4544470050912,1414.276496397426,1397.8874708768014,1408.395751953125,6994246,0.0,0.0,INFY.NS
2025-10-21,1424.881136066363,1432.5936185349226,1417.1686535978035,1419.482421875,1698704,0.0,0.0,INFY.NS
2025-10-23,1455.7310466373283,1490.4372172856354,1451.8748054541832,1473.566162109375,20358624,0.0,0.0,INFY.NS
2025-10-24,1484.1708637038648,1487.5450748262833,1463.4435668090073,1470.57763671875,8652257,0.0,0.0,INFY.NS
2025-10-27,1478.0165606695539,1483.2043487095048,1466.3685916918344,1472.633056640625,7273211,23.0,0.0,INFY.NS
2025-10-28,1467.9347848431598,1474.5908017388306,1458.9296979699484,1468.4241943359375,8211019,0.0,0.0,INFY.NS
2025-10-29,1468.4241778932897,1488.0005573851865,1465.1941469679696,1478.408203125,4884976,0.0,0.0,INFY.NS
2025-10-30,1475.0801523386458,1476.2546872805226,1457.5592692997866,1462.1597900390625,5608867,0.0,0.0,INFY.NS
2025-10-31,1458.4403008415877,1465.3898918009988,1449.3372364048548,1450.9034423828125,4819814,0.0,0.0,INFY.NS
2025-11-03,1450.9033496746388,1459.8105780526128,1442.974820743242,1454.0355224609375,5470600,0.0,0.0,INFY.NS
2025-11-04,1448.3583414401685,1450.511814804534,1431.9142548968182,1436.808349609375,8691330,0.0,0.0,INFY.NS
2025-11-06,1447.2816360762577,1451.58846323567,1430.9354078512456,1435.6336669921875,7944752,0.0,0.0,INFY.NS
2025-11-07,1438.8638806951196,1449.533031326473,1418.4065403991735,1445.5198974609375,8765759,0.0,0.0,INFY.NS
2025-11-10,1458.5381171839108,1487.8048281611332,1458.4402591842686,1481.4425048828125,9787975,0.0,0.0,INFY.NS
2025-11-11,1492.6989304110698,1500.9210336624128,1479.0933228205395,1497.88671875,13692989,0.0,0.0,INFY.NS
2025-11-12,1507.3812396717751,1526.1745164244364,1505.5214596999074,1518.8333740234375,14635417,0.0,0.0,INFY.NS
2025-11-13,1524.1189242683809,1524.5104757353395,1497.8866487683968,1509.14306640625,19655689,0.0,0.0,INFY.NS
2025-11-14,1487.8047537888665,1497.59294295853,1457.2656513734084,1470.9691162109375,9739549,0.0,0.0,INFY.NS
2025-11-17,1464.3132041198487,1478.212385937251,1460.8873376663598,1475.66748046875,7910354,0.0,0.0,INFY.NS
2025-11-18,1474.1013313334302,1474.1013313334302,1451.784211591062,1454.91650390625,7525119,0.0,0.0,INFY.NS
2025-11-19,1458.9296699222182,1510.317665675936,1458.9296699222182,1508.4578857421875,10981126,0.0,0.0,INFY.NS
2025-11-20,1522.0634729079381,1522.0634729079381,1501.5082748815287,1503.955322265625,7387584,0.0,0.0,INFY.NS
2025-11-21,1498.5718033380108,1518.6375916910017,1493.9714020948772,1512.2752685546875,9186302,0.0,0.0,INFY.NS
2025-11-24,1530.4813442936104,1551.4280945139647,1508.3600590826622,1515.2117919921875,19270381,0.0,0.0,INFY.NS
2025-11-25,1516.1905908718425,1517.7566773334454,1493.5798964672151,1498.1802978515625,8107952,0.0,0.0,INFY.NS
2025-11-26,1499.6485223505715,1527.251289037942,1499.6485223505715,1524.902099609375,7575038,0.0,0.0,INFY.NS
2025-11-27,1530.8728564928056,1540.954739594805,1519.3227449478784,1533.2220458984375,7552252,0.0,0.0,INFY.NS
2025-11-28,1531.8516566735827,1535.179665000364,1524.0211050739736,1527.055419921875,4453221,0.0,0.0,INFY.NS
2025-12-01,1529.4045743430058,1540.6609920101703,1523.042251313739,1530.872802734375,5341800,0.0,0.0,INFY.NS
2025-12-02,1533.8093151456649,1546.4361036663386,1523.1401645511503,1527.9364013671875,6335969,0.0,0.0,INFY.NS
2025-12-03,1522.1613705980963,1552.406900951154,1521.182551618934,1545.261474609375,12895312,0.0,0.0,INFY.NS
2025-12-04,1534.7880917871573,1565.1314788059085,1534.7880917871573,1563.7611083984375,12609619,0.0,0.0,INFY.NS
2025-12-05,1575.8985332981872,1597.2368345243183,1566.1103436503722,1581.9671630859375,10344725,0.0,0.0,INFY.NS
2025-12-08,1582.8481284293375,1595.4749170068917,1566.306063981828,1576.681640625,7550413,0.0,0.0,INFY.NS
2025-12-09,1567.2848235795727,1572.8641631737528,1548.883099378693,1565.1314697265625,6957599,0.0,0.0,INFY.NS
2025-12-10,1573.9408513587562,1573.9408513587562,1549.2746619298632,1551.2322998046875,5116140,0.0,0.0,INFY.NS
2025-12-11,1564.1527099609375,1573.3536321517727,1547.023378030827,1564.1527099609375,5159319,0.0,0.0,INFY.NS
2025-12-12,1567.4806809838458,1567.8722324584342,1549.0788370408115,1564.348388671875,4633912,0.0,0.0,INFY.NS
2025-12-15,1551.4280562362142,1576.6816332735752,1551.4280562362142,1572.766357421875,4190558,0.0,0.0,INFY.NS
2025-12-16,1566.1103574156468,1569.0468143358012,1552.0153403019585,1559.1607666015625,5499258,0.0,0.0,INFY.NS
2025-12-17,1553.5814245843821,1572.8642300238714,1552.4068896118622,1568.0679931640625,4817628,0.0,0.0,INFY.NS
2025-12-18,1576.3879761796316,1595.4749463972676,1572.6684162407605,1592.3427734375,6577293,0.0,0.0,INFY.NS
2025-12-19,1615.0513027562847,1619.847539612933,1595.2792073285575,1603.9906005859375,13149023,0.0,0.0,INFY.NS
2025-12-22,1628.7547583833573,1657.3362243784013,1628.7547583833573,1653.8125,23098923,0.0,0.0,INFY.NS
2025-12-23,1643.4370603643276,1643.4370603643276,1621.3157754082474,1632.9637451171875,6593060,0.0,0.0,INFY.NS
2025-12-24,1625.8182910699556,1632.2784723030877,1617.4983299175808,1628.16748046875,4271167,0.0,0.0,INFY.NS
2025-12-26,1628.167521100225,1633.453167508233,1616.7152673020842,1621.0220947265625,2006491,0.0,0.0,INFY.NS
2025-12-29,1622.8818655924697,1637.6620082639456,1602.4245250544589,1609.863525390625,4062817,0.0,0.0,INFY.NS
2025-12-30,1612.1148331917736,1612.9957941560388,1582.554548282334,1587.2528076171875,9395937,0.0,0.0,INFY.NS
2025-12-31,1586.6655664923117,1594.1045668429529,1575.1154547350545,1581.1842041015625,6538656,0.0,0.0,INFY.NS
2026-01-01,1581.184158007412,1604.8715288376811,1579.9116455766828,1595.2791748046875,3658165,0.0,0.0,INFY.NS
2026-01-02,1601.2499777187402,1608.6889779975038,1593.0278744696911,1605.6546630859375,2524526,0.0,0.0,INFY.NS
2026-01-05,1602.3265912739637,1602.3265912739637,1549.568226955718,1572.374755859375,5917885,0.0,0.0,INFY.NS
2026-01-06,1566.2081943610224,1585.5888575673962,1565.1315174017209,1578.0518798828125,4466729,0.0,0.0,INFY.NS
2026-01-07,1580.7926463324388,1607.2207586859843,1580.7926463324388,1604.2843017578125,4508079,0.0,0.0,INFY.NS
2026-01-08,1604.186403368615,1609.472049603195,1574.5281413468902,1579.128662109375,3942131,0.0,0.0,INFY.NS
2026-01-09,1575.898487352098,1596.747378487979,1572.9620305433675,1579.91162109375,6816681,0.0,0.0,INFY.NS
2026-01-12,1575.996349102621,1579.1286413969012,1558.867017677559,1562.09716796875,6985362,0.0,0.0,INFY.NS
2026-01-13,1583.7290294043642,1583.7290294043642,1552.7983751003353,1565.1314697265625,8080618,0.0,0.0,INFY.NS
2026-01-14,1554.3644397699236,1582.7501883551427,1549.5682031809922,1565.91455078125,7557157,0.0,0.0,INFY.NS
2026-01-15,1565.91455078125,1565.91455078125,1565.91455078125,1565.91455078125,0,0.0,0.0,INFY.NS
2026-01-16,1628.461030733189,1658.119292555676,1618.3792672921977,1654.00830078125,19335957,0.0,0.0,INFY.NS
2026-01-19,1649.309891747184,1649.309891747184,1631.201741600405,1645.59033203125,5104958,0.0,0.0,INFY.NS
2026-01-20,1637.5641409981627,1644.6115898062917,1617.889903547792,1623.7628173828125,6406503,0.0,0.0,INFY.NS
2026-01-21,1616.0301458476063,1621.9030597634667,1596.6494821313709,1619.358154296875,6224582,0.0,0.0,INFY.NS
2026-01-22,1630.712428320841,1635.8022392467942,1618.7708845027832,1628.265380859375,6228892,0.0,0.0,INFY.NS
2026-01-23,1631.8869227568262,1640.2068839190629,1626.9928279555104,1635.4107666015625,5869137,0.0,0.0,INFY.NS
2026-01-27,1650.0930280724322,1653.6167523834592,1625.9161283991023,1647.05859375,10673087,0.0,0.0,INFY.NS
2026-01-28,1644.4158380681818,1653.029492632909,1615.05126953125,1631.2017822265625,8588664,0.0,0.0,INFY.NS
2026-01-29,1622.8818691859371,1631.2018305177105,1607.318623503672,1624.35009765625,4749582,0.0,0.0,INFY.NS
2026-01-30,1619.9454090553113,1619.9454090553113,1583.8269648597889,1606.241943359375,9207926,0.0,0.0,INFY.NS
2026-02-02,1626.7970461591942,1626.7970461591942,1583.7290136495644,1594.8875732421875,6784887,0.0,0.0,INFY.NS
2026-02-03,1690.616056346825,1691.3991593070652,1617.9877374621406,1620.9241943359375,8805868,0.0,0.0,INFY.NS
2026-02-04,1540.66097646391,1551.3301265638145,1478.1144237257668,1503.2701416015625,28828622,0.0,0.0,INFY.NS
2026-02-05,1501.5082372972433,1518.1481590925844,1483.5958031001303,1488.00048828125,10628127,0.0,0.0,INFY.NS
2026-02-06,1489.86026239605,1492.6988611765453,1448.6520095352703,1475.177978515625,13900866,0.0,0.0,INFY.NS
2026-02-09,1489.8602864300617,1495.6353420798034,1461.376679139494,1465.4876708984375,8294615,0.0,0.0,INFY.NS
2026-02-10,1468.2284271414342,1483.7916723660803,1459.4190565785855,1466.0750732421875,8657000,0.0,0.0,INFY.NS
2026-02-11,1469.4029562852068,1474.003477029586,1437.885033967625,1440.7236328125,7934411,0.0,0.0,INFY.NS
2026-02-12,1398.6344233110094,1405.2903204885395,1351.259562174479,1356.64306640625,26048896,0.0,0.0,INFY.NS
2026-02-13,1266.493817560756,1348.1273389393946,1254.3564391221673,1340.1009521484375,45785709,0.0,0.0,INFY.NS
2026-02-16,1344.6035807140283,1346.854912154694,1309.953484521095,1336.6751708984375,14621891,0.0,0.0,INFY.NS
2026-02-17,1340.9819956812096,1400.6899531531467,1338.0455387563604,1361.73291015625,25347684,0.0,0.0,INFY.NS
2026-02-18,1361.4392729027982,1371.3253201935424,1316.805153615715,1344.603515625,20241373,0.0,0.0,INFY.NS
2026-02-19,1355.6643110050506,1372.3042339560152,1334.326009074035,1341.471435546875,14574228,0.0,0.0,INFY.NS
2026-02-20,1330.4106332686276,1336.0878308198503,1309.8554358713993,1324.5377197265625,12633552,0.0,0.0,INFY.NS
2026-02-23,1323.3632672728343,1323.3632672728343,1290.0834217940796,1299.3822021484375,12887826,0.0,0.0,INFY.NS
2026-02-24,1273.4434027288626,1275.988307999553,1237.3249610296912,1248.4835205078125,27839061,0.0,0.0,INFY.NS
2026-02-25,1258.9568742250233,1295.564726518415,1258.9568742250233,1262.7742919921875,16669618,0.0,0.0,INFY.NS
2026-02-26,1277.848187510079,1286.168148899459,1259.054910753846,1261.7955322265625,11493914,0.0,0.0,INFY.NS
2026-02-27,1298.207628321947,1306.723305439908,1266.7874442662774,1272.5625,23141724,0.0,0.0,INFY.NS
2026-03-02,1263.6552272829085,1271.290062662244,1246.0364867011174,1261.5997314453125,9700361,0.0,0.0,INFY.NS
2026-03-04,1264.6340504084835,1289.104523520103,1264.6340504084835,1279.7078857421875,15154950,0.0,0.0,INFY.NS
2026-03-05,1292.0410271405913,1292.0410271405913,1262.7743163409898,1278.141845703125,10362147,0.0,0.0,INFY.NS
2026-03-06,1275.4011212294208,1299.0884925711757,1275.4011212294208,1280.686767578125,8724291,0.0,0.0,INFY.NS
2026-03-09,1262.676497890922,1290.0834296280893,1255.3353554613236,1287.14697265625,10068514,0.0,0.0,INFY.NS
2026-03-10,1292.0410437407636,1293.0198627132945,1256.9014187299574,1268.1578369140625,9600171,0.0,0.0,INFY.NS
2026-03-11,1260.7188580118502,1271.975276386956,1244.3726286871142,1249.2667236328125,7868891,0.0,0.0,INFY.NS
2026-03-12,1245.5471752363726,1251.5179472285731,1231.3542997621664,1238.9891357421875,7599940,0.0,0.0,INFY.NS
2026-03-13,1224.5025045780033,1242.7085131232232,1216.280401513626,1221.8597412109375,7366098,0.0,0.0,INFY.NS
2026-03-16,1213.931245180508,1227.7326883178384,1198.2701415781937,1223.3280029296875,12314450,0.0,0.0,INFY.NS
2026-03-17,1218.6295738865974,1218.6295738865974,1189.3628638376754,1206.785888671875,11223276,0.0,0.0,INFY.NS
2026-03-18,1211.7778669014497,1263.459555545422,1208.7435520363658,1240.261474609375,12365381,0.0,0.0,INFY.NS
2026-03-19,1217.846529327881,1228.4178221249233,1189.3629208552388,1194.9422607421875,9156461,0.0,0.0,INFY.NS
2026-03-20,1215.6930991638783,1238.0102183433878,1203.1641691885866,1229.2987060546875,27299975,0.0,0.0,INFY.NS
2026-03-23,1211.9735596886824,1234.3885372371806,1201.4023868626336,1230.1796875,12420293,0.0,0.0,INFY.NS
2026-03-24,1242.1213008151199,1269.5282325903943,1224.5025589595862,1251.224365234375,13613495,0.0,0.0,INFY.NS
2026-03-25,1243.100095463166,1263.263742406015,1230.4733068170258,1252.00732421875,10824030,0.0,0.0,INFY.NS
2026-03-27,1257.9780904958054,1267.3748481809973,1236.444073189259,1242.806396484375,13092541,0.0,0.0,INFY.NS
2026-03-30,1223.5236944376795,1238.6953882487069,1216.6719617488286,1224.1109619140625,14108486,0.0,0.0,INFY.NS
2026-04-01,1262.6764804554484,1275.4011271577126,1242.610691424955,1248.6793212890625,8137156,0.0,0.0,INFY.NS
2026-04-02,1233.3119397486187,1277.7503462365091,1233.116223742555,1273.247802734375,12873492,0.0,0.0,INFY.NS
2026-04-06,1273.8350657038357,1292.041075138383,1271.4858762157266,1278.5333251953125,10208682,0.0,0.0,INFY.NS
2026-04-07,1274.4222980187042,1316.609371698259,1266.1023367797188,1311.0301513671875,15355792,0.0,0.0,INFY.NS
2026-04-08,1320.4267760360608,1347.7358488962445,1302.8080347694565,1317.68603515625,16030133,0.0,0.0,INFY.NS
2026-04-09,1301.7313192842819,1309.170319257509,1286.1680743957882,1303.395263671875,14894607,0.0,0.0,INFY.NS
2026-04-10,1290.0834192154255,1290.9643801968148,1256.1184483091881,1265.12353515625,19233369,0.0,0.0,INFY.NS
2026-04-13,1245.0577246851824,1261.6976471062894,1238.8911174058185,1249.756103515625,10366082,0.0,0.0,INFY.NS
2026-04-15,1278.631284802942,1294.4881045276459,1272.9540869097948,1277.6524658203125,12098912,0.0,0.0,INFY.NS
2026-04-16,1294.0965334739733,1302.808046184627,1281.2740288923192,1291.2579345703125,18527029,0.0,0.0,INFY.NS
2026-04-17,1285.1893342368037,1300.165312581974,1278.4354593069281,1290.7685546875,12064048,0.0,0.0,INFY.NS
2026-04-20,1292.0410136169874,1296.8372503675125,1280.3930442184933,1284.7977294921875,7172300,0.0,0.0,INFY.NS
2026-04-21,1282.2528368892558,1296.9351212811175,1271.7795218169556,1285.385009765625,10057440,0.0,0.0,INFY.NS
2026-04-22,1267.5705813427946,1270.2133447995752,1229.2987830540255,1241.729736328125,20088378,0.0,0.0,INFY.NS
2026-04-23,1227.438951608261,1238.891085420282,1200.0320212693207,1214.32275390625,14792854,0.0,0.0,INFY.NS
2026-04-24,1174.5826894228176,1197.9764852174349,1127.7950978335834,1130.144287109375,42078914,0.0,0.0,INFY.NS
2026-04-27,1130.1443119385692,1154.9084786451926,1130.04645394258,1145.5118408203125,19579883,0.0,0.0,INFY.NS
2026-04-28,1138.0727223885278,1144.6308809119316,1125.4460537763027,1127.697265625,12720276,0.0,0.0,INFY.NS
2026-04-29,1133.961747660014,1153.2444330805374,1132.2978032475876,1142.7711181640625,8303109,0.0,0.0,INFY.NS
2026-04-30,1142.7711514334947,1164.5988623339997,1135.0384576467616,1156.768310546875,12205669,0.0,0.0,INFY.NS
2026-05-01,1156.768310546875,1156.768310546875,1156.768310546875,1156.768310546875,0,0.0,0.0,INFY.NS
2026-05-04,1169.6886601132755,1169.6886601132755,1140.5198072387318,1143.652099609375,7735811,0.0,0.0,INFY.NS
2026-05-05,1144.728787187228,1160.0961972461241,1135.5278649580357,1153.1466064453125,8164108,0.0,0.0,INFY.NS
2026-05-06,1161.8580797644604,1166.2627649868193,1139.443102180398,1142.4774169921875,9856963,0.0,0.0,INFY.NS
2026-05-07,1148.1546369607545,1150.5038263553197,1134.6468875555572,1138.07275390625,12013987,0.0,0.0,INFY.NS
2026-05-08,1136.4088093734103,1158.4322359116547,1134.2554554613432,1154.2232666015625,7582770,0.0,0.0,INFY.NS
2026-05-11,1151.0911273032605,1161.8581361470833,1147.2737093616843,1152.0699462890625,7336288,0.0,0.0,INFY.NS
2026-05-12,1137.3876630949442,1137.3876630949442,1099.2137225952,1116.1473388671875,16891948,0.0,0.0,INFY.NS
2026-05-13,1112.5255790772605,1118.398492694932,1097.2560275682617,1099.3115234375,6664111,0.0,0.0,INFY.NS
2026-05-14,1096.0815207310736,1098.137016652994,1065.933848927119,1071.8067626953125,16914842,0.0,0.0,INFY.NS
2026-05-15,1078.658538900176,1109.1976439317652,1078.266987402901,1095.2984619140625,17482450,0.0,0.0,INFY.NS
2026-05-18,1095.2984136735845,1121.8243835304838,1094.319594715878,1118.3006591796875,12096377,0.0,0.0,INFY.NS
2026-05-19,1137.3876555901809,1173.0166903851343,1137.3876555901809,1171.5484619140625,32175705,0.0,0.0,INFY.NS
2026-05-20,1161.8580984968487,1181.3366195800531,1159.802602590221,1168.4161376953125,15121010,0.0,0.0,INFY.NS
2026-05-21,1170.7653346096859,1176.3446743746752,1152.0699163634372,1156.180908203125,10021033,0.0,0.0,INFY.NS
2026-05-22,1157.4533539662823,1166.5564175672662,1147.6651649263981,1149.622802734375,8803066,0.0,0.0,INFY.NS
2026-05-25,1157.9428754813864,1159.900513478819,1141.4008105061328,1143.75,5856136,0.0,0.0,INFY.NS
2026-05-26,1141.5965459846338,1155.6914427435413,1138.2685377836078,1142.966796875,8005767,0.0,0.0,INFY.NS
2026-05-27,1136.4088302961693,1142.5754376343073,1130.5359164445094,1135.3321533203125,6371871,0.0,0.0,INFY.NS
2026-05-28,1135.3321533203125,1135.3321533203125,1135.3321533203125,1135.3321533203125,0,0.0,0.0,INFY.NS
2026-05-29,1156.96396849116,1184.370898370815,1129.1654871448488,1136.3109130859375,69085430,0.0,0.0,INFY.NS
2026-06-01,1150.1122640819906,1191.222659904496,1148.8397516554953,1177.02978515625,19439331,0.0,0.0,INFY.NS
2026-06-02,1206.3943648530496,1251.811588367994,1206.3943648530496,1243.8831787109375,36032600,0.0,0.0,INFY.NS
2026-06-03,1215.7909483013548,1223.425783618914,1190.2437985614154,1196.7039794921875,18534303,0.0,0.0,INFY.NS
2026-06-04,1182.4132636253246,1189.4607121046952,1170.8631524946943,1175.855224609375,12755957,0.0,0.0,INFY.NS
2026-06-05,1194.159169493737,1197.8787294549086,1169.0035692089534,1172.1357421875,8692290,0.0,0.0,INFY.NS
2026-06-08,1152.559265415463,1175.26781631171,1151.5804465064052,1162.4453125,8631711,0.0,0.0,INFY.NS
2026-06-09,1168.3182691086097,1168.3182691086097,1142.5754025403635,1155.300048828125,10984054,0.0,0.0,INFY.NS
2026-06-10,1160.0999755859375,1171.4000244140625,1143.300048828125,1145.300048828125,8887626,25.0,0.0,INFY.NS
2026-06-11,1129.699951171875,1133.699951171875,1109.0,1114.5999755859375,9372176,0.0,0.0,INFY.NS
2026-06-12,1120.0,1123.300048828125,1111.5,1116.4000244140625,8075333,0.0,0.0,INFY.NS
2026-06-15,1130.0,1151.0,1123.0,1134.9000244140625,7856192,0.0,0.0,INFY.NS
2026-06-16,1136.9000244140625,1153.800048828125,1123.199951171875,1143.5999755859375,10456090,0.0,0.0,INFY.NS
2026-06-17,1149.0,1162.5,1148.0,1157.699951171875,5995119,0.0,0.0,INFY.NS
2026-06-18,1142.9000244140625,1142.9000244140625,1125.300048828125,1127.5,16781447,0.0,0.0,INFY.NS
2026-06-19,1062.300048828125,1066.0,1030.0,1051.4000244140625,45665442,0.0,0.0,INFY.NS
2026-06-22,1055.0,1080.300048828125,1055.0,1065.4000244140625,10178505,0.0,0.0,INFY.NS
2026-06-23,1053.800048828125,1055.300048828125,1026.0,1029.300048828125,19323064,0.0,0.0,INFY.NS
2026-06-24,1040.9000244140625,1065.5,1037.699951171875,1056.5999755859375,12346266,0.0,0.0,INFY.NS
2026-06-25,1065.0,1068.0,1039.0999755859375,1041.199951171875,15866779,0.0,0.0,INFY.NS
2026-06-26,1041.199951171875,1041.199951171875,1041.199951171875,1041.199951171875,0,0.0,0.0,INFY.NS
2026-06-29,1037.0999755859375,1046.5999755859375,1029.0999755859375,1036.699951171875,15080892,0.0,0.0,INFY.NS
2026-06-30,1030.0,1030.4000244140625,996.0,1000.4000244140625,24128263,0.0,0.0,INFY.NS
2026-07-01,1006.0,1014.0,982.4000244140625,985.2999877929688,13037982,0.0,0.0,INFY.NS
2026-07-02,1006.4000244140625,1045.0,1006.0,1040.9000244140625,18741111,0.0,0.0,INFY.NS
2026-07-03,1063.0,1068.699951171875,1042.0,1047.199951171875,11653534,0.0,0.0,INFY.NS
2026-07-06,1050.0999755859375,1053.0,1033.0,1042.199951171875,5559747,0.0,0.0,INFY.NS
2026-07-07,1040.5999755859375,1087.5,1040.5999755859375,1071.800048828125,18866296,0.0,0.0,INFY.NS
2026-07-08,1071.9000244140625,1079.699951171875,1064.4000244140625,1069.300048828125,13022221,0.0,0.0,INFY.NS
2026-07-09,1062.699951171875,1062.699951171875,1040.4000244140625,1050.800048828125,9003333,0.0,0.0,INFY.NS
2026-07-10,1075.0,1091.300048828125,1064.699951171875,1068.0,9747266,0.0,0.0,INFY.NS
2026-07-13,1057.0999755859375,1114.9000244140625,1057.0999755859375,1102.5999755859375,20994760,0.0,0.0,INFY.NS
2026-07-14,1107.800048828125,1113.5,1090.0,1092.9000244140625,14819413,0.0,0.0,INFY.NS
2026-07-15,1079.0,1088.0999755859375,1073.0,1076.300048828125,8501933,0.0,0.0,INFY.NS
2026-07-16,1082.5,1097.300048828125,1077.9000244140625,1082.4000244140625,8592146,0.0,0.0,INFY.NS
2026-07-17,1105.0,1116.800048828125,1092.0,1096.5,12547728,0.0,0.0,INFY.NS
2026-07-20,1102.0,1103.800048828125,1083.199951171875,1087.0999755859375,6372645,0.0,0.0,INFY.NS
2026-07-21,1080.0,1094.5,1067.199951171875,1073.5,9485229,0.0,0.0,INFY.NS
2026-07-22,1064.0,1069.300048828125,1046.199951171875,1052.0999755859375,7517203,0.0,0.0,INFY.NS
2026-07-23,1046.9000244140625,1058.5,1032.0,1047.4000244140625,13794578,0.0,0.0,INFY.NS
2026-07-24,1028.0,1043.4000244140625,1013.9000244140625,1040.9000244140625,29036900,0.0,0.0,INFY.NS
2026-07-27,1065.0,1082.0,1057.4000244140625,1079.199951171875,15956349,0.0,0.0,INFY.NS
2026-07-28,1097.0,1118.5,1097.0,1105.699951171875,28100895,0.0,0.0,INFY.NS
2026-07-29,1147.0,1164.5,1128.4000244140625,1155.5999755859375,34400369,0.0,0.0,INFY.NS
2026-07-30,1168.0,1187.699951171875,1151.300048828125,1155.0999755859375,22630218,0.0,0.0,INFY.NS
2026-07-31,1118.9000244140625,1139.300048828125,1107.199951171875,1130.0999755859375,14367075,0.0,0.0,INFY.NS
2026-08-03,1145.0999755859375,1180.0,1138.0999755859375,1180.0,8582270,0.0,0.0,INFY.NS
2026-08-04,1168.0,1175.699951171875,1153.300048828125,1167.5,9243589,0.0,0.0,INFY.NS
2026-08-05,1174.699951171875,1177.5,1162.300048828125,1174.0,9964155,0.0,0.0,INFY.NS
2026-08-06,1174.0999755859375,1185.800048828125,1163.0,1165.0,8521064,0.0,0.0,INFY.NS
2026-08-07,1160.0,1183.0,1155.5999755859375,1175.0999755859375,7581410,0.0,0.0,INFY.NS
2026-08-10,1178.0999755859375,1195.0,1175.199951171875,1183.0,9377001,0.0,0.0,INFY.NS
2026-08-11,1188.0,1193.5,1182.0,1190.699951171875,10160091,0.0,0.0,INFY.NS
2026-08-12,1185.5999755859375,1190.4000244140625,1163.300048828125,1176.0999755859375,7529777,0.0,0.0,INFY.NS
2026-08-13,1170.0,1175.0,1157.0,1175.0,6234215,0.0,0.0,INFY.NS
2026-08-14,1170.4000244140625,1174.0999755859375,1158.9000244140625,1169.199951171875,5844763,0.0,0.0,INFY.NS
2026-08-17,1163.9000244140625,1166.5,1129.699951171875,1139.9000244140625,5817153,0.0,0.0,INFY.NS
2026-08-18,1124.5,1131.9000244140625,1112.5,1115.0,8851110,0.0,0.0,INFY.NS
2026-08-19,1125.5999755859375,1134.699951171875,1113.800048828125,1119.800048828125,8408573,0.0,0.0,INFY.NS
2026-08-20,1143.0,1144.699951171875,1125.699951171875,1130.0,8559841,0.0,0.0,INFY.NS
2026-08-21,1133.0,1133.5,1118.0,1121.0,6094967,0.0,0.0,INFY.NS
2026-08-24,1126.5,1144.5,1122.0,1130.0,8565354,0.0,0.0,INFY.NS
2026-08-25,1132.0,1144.0,1119.9000244140625,1144.0,8121237,0.0,0.0,INFY.NS
2026-08-26,1142.0,1142.0,1118.300048828125,1120.0,6323984,0.0,0.0,INFY.NS
2026-08-27,1120.0,1130.699951171875,1107.199951171875,1110.800048828125,6933998,0.0,0.0,INFY.NS
2026-08-28,1123.5999755859375,1145.0,1123.300048828125,1144.0,9621969,0.0,0.0,INFY.NS
2026-08-31,1138.5999755859375,1143.9000244140625,1111.0999755859375,1133.800048828125,8808120,0.0,0.0,INFY.NS
2026-09-01,1128.0,1156.0,1125.5999755859375,1156.0,13516123,0.0,0.0,INFY.NS
2026-09-02,1137.699951171875,1147.800048828125,1118.5999755859375,1140.0,8564358,0.0,0.0,INFY.NS
2026-09-03,1144.0,1144.0,1122.5,1130.300048828125,5786250,0.0,0.0,INFY.NS
2026-09-04,1133.0,1146.699951171875,1125.4000244140625,1130.0,5881388,0.0,0.0,INFY.NS
2026-09-07,1109.5,1109.9000244140625,1085.0,1087.5,7668346,0.0,0.0,INFY.NS
2026-09-08,1095.0,1095.0,1078.9000244140625,1082.0,6269037,0.0,0.0,INFY.NS
2026-09-09,1059.0,1059.0,1026.5,1035.0,13530457,0.0,0.0,INFY.NS
2026-09-10,1039.5999755859375,1046.5999755859375,1027.300048828125,1036.5,8998529,0.0,0.0,INFY.NS
2026-09-11,1032.0,1047.300048828125,1029.699951171875,1037.699951171875,6168088,0.0,0.0,INFY.NS
2026-09-15,1085.0,1097.699951171875,1071.699951171875,1075.800048828125,12758977,0.0,0.0,INFY.NS
2025-09-15,1410.1120532176328,1414.8719735471493,1404.4597537449094,1407.5338134765625,5845637,0.0,0.0,ICICIBANK.NS
2025-09-16,1402.1788926034542,1412.987792293879,1401.8813521978338,1409.71533203125,8213151,0.0,0.0,ICICIBANK.NS
2025-09-17,1408.2279494348236,1414.1777894755733,1404.5589298296168,1407.33544921875,7484283,0.0,0.0,ICICIBANK.NS
2025-09-18,1419.1358927633355,1420.821753289835,1403.4680543540285,1409.814453125,8130537,0.0,0.0,ICICIBANK.NS
2025-09-19,1404.26135906907,1406.145499251229,1388.494259091765,1390.4775390625,13457344,0.0,0.0,ICICIBANK.NS
2025-09-22,1392.1634074537787,1398.1132473992611,1385.5193468847744,1389.783447265625,8847948,0.0,0.0,ICICIBANK.NS
2025-09-23,1379.3712163938944,1391.568436605077,1379.3712163938944,1382.6436767578125,12827524,0.0,0.0,ICICIBANK.NS
2025-09-24,1374.8096433544556,1379.2720231049968,1364.9923836933056,1371.1405029296875,9735678,0.0,0.0,ICICIBANK.NS
2025-09-25,1365.488259405882,1379.867039189023,1360.331779903573,1364.29833984375,21613389,0.0,0.0,ICICIBANK.NS
2025-09-26,1356.563442311047,1361.2241016242142,1345.655402935739,1348.233642578125,18342280,0.0,0.0,ICICIBANK.NS
2025-09-29,1348.233693764239,1355.076033842118,1334.9456938107846,1336.829833984375,20563163,0.0,0.0,ICICIBANK.NS
2025-09-30,1342.3830124406416,1345.2587926353076,1331.3758327091439,1336.730712890625,20166871,0.0,0.0,ICICIBANK.NS
2025-10-01,1336.7306701838102,1367.8681892333634,1335.8381700071102,1360.530029296875,20952632,0.0,0.0,ICICIBANK.NS
2025-10-03,1360.4309257938526,1360.4309257938526,1349.9195661151996,1353.786865234375,12163695,0.0,0.0,ICICIBANK.NS
2025-10-06,1359.5383926525742,1361.1249923873581,1347.73785285358,1352.001953125,14314283,0.0,0.0,ICICIBANK.NS
2025-10-07,1352.2002408686599,1371.5372203120692,1352.2002408686599,1364.3974609375,16126464,0.0,0.0,ICICIBANK.NS
2025-10-08,1360.8276403806535,1370.0498198860423,1352.8945202642897,1358.8443603515625,8100832,0.0,0.0,ICICIBANK.NS
2025-10-09,1358.3484255020637,1367.173924045517,1353.687645197864,1364.69482421875,7909575,0.0,0.0,ICICIBANK.NS
2025-10-10,1358.8443421746942,1373.4214017735967,1358.8443421746942,1368.7607421875,7673816,0.0,0.0,ICICIBANK.NS
2025-10-13,1361.6207839903618,1374.8096436760768,1361.6207839903618,1367.8681640625,8923018,0.0,0.0,ICICIBANK.NS
2025-10-14,1377.3878684808556,1377.3878684808556,1363.6040491867466,1372.52880859375,10610855,0.0,0.0,ICICIBANK.NS
2025-10-15,1374.9088107982643,1388.692630514965,1373.9171708337506,1386.7093505859375,8988550,0.0,0.0,ICICIBANK.NS
2025-10-16,1389.287635646356,1407.0380158006922,1387.7010358612888,1405.451416015625,12185032,0.0,0.0,ICICIBANK.NS
2025-10-17,1400.1956466119625,1427.5648857493748,1399.1048668479334,1424.5899658203125,17037215,0.0,0.0,ICICIBANK.NS
2025-10-20,1429.944862993793,1432.9197829584125,1377.5862231965677,1378.6771240234375,23330227,0.0,0.0,ICICIBANK.NS
2025-10-21,1372.9255110082336,1375.999570643796,1364.3974316467445,1370.4464111328125,3415560,0.0,0.0,ICICIBANK.NS
2025-10-23,1373.4214191916344,1378.1813396780694,1348.7295586366392,1352.2994384765625,21124942,0.0,0.0,ICICIBANK.NS
2025-10-24,1356.66265330236,1370.0497932383416,1356.66265330236,1366.182373046875,10570263,0.0,0.0,ICICIBANK.NS
2025-10-27,1370.5456319928564,1375.206412664237,1362.5133721313011,1366.083251953125,11499836,0.0,0.0,ICICIBANK.NS
2025-10-28,1361.521728041381,1364.298368477702,1344.8621275230646,1351.7044677734375,26477914,0.0,0.0,ICICIBANK.NS
2025-10-29,1353.191921020162,1360.2325408166014,1347.043801434495,1358.9434814453125,16129382,0.0,0.0,ICICIBANK.NS
2025-10-30,1351.0103759765625,1358.7450954369456,1349.9195961737937,1351.0103759765625,9324401,0.0,0.0,ICICIBANK.NS
2025-10-31,1345.6554843440952,1350.6136843601014,1332.07006472016,1334.0533447265625,15926798,0.0,0.0,ICICIBANK.NS
2025-11-03,1329.2933430972657,1340.3005222505137,1326.715103456384,1335.14404296875,11071450,0.0,0.0,ICICIBANK.NS
2025-11-04,1331.375810196628,1338.5156906678078,1322.0543701938611,1325.7235107421875,15211183,0.0,0.0,ICICIBANK.NS
2025-11-06,1318.88116976713,1330.979129069885,1306.386530263507,1309.3614501953125,24221853,0.0,0.0,ICICIBANK.NS
2025-11-07,1309.3614221413634,1333.0616413002483,1307.576421800604,1331.7724609375,7719245,0.0,0.0,ICICIBANK.NS
2025-11-10,1331.6733731274833,1338.3173126722259,1329.7892329275433,1336.730712890625,8542340,0.0,0.0,ICICIBANK.NS
2025-11-11,1337.7222802082897,1349.0269997439532,1334.9456399539874,1346.944580078125,8305184,0.0,0.0,ICICIBANK.NS
2025-11-12,1358.5467300041707,1358.5467300041707,1344.0688109600715,1347.53955078125,9736761,0.0,0.0,ICICIBANK.NS
2025-11-13,1347.5395638924115,1378.7762225869417,1347.142883699029,1374.3138427734375,18296626,0.0,0.0,ICICIBANK.NS
2025-11-14,1362.513368521827,1369.653128146561,1351.8036080349211,1361.521728515625,9694498,0.0,0.0,ICICIBANK.NS
2025-11-17,1363.6041374139656,1370.9422976111398,1362.1166774165574,1367.4715576171875,7660717,0.0,0.0,ICICIBANK.NS
2025-11-18,1368.6614140079962,1371.2397747243117,1357.6542347453071,1361.9183349609375,9529560,0.0,0.0,ICICIBANK.NS
2025-11-19,1362.0175118520117,1372.4297316368286,1360.133371680989,1371.5372314453125,10393918,0.0,0.0,ICICIBANK.NS
2025-11-20,1368.5623301618334,1376.6938507345087,1363.9016706145442,1371.4381103515625,10131863,0.0,0.0,ICICIBANK.NS
2025-11-21,1361.5216431243439,1364.4965629563708,1353.1918433847088,1358.0509033203125,11483595,0.0,0.0,ICICIBANK.NS
2025-11-24,1361.8192653055182,1365.488284898759,1350.1178648436169,1356.960205078125,15896003,0.0,0.0,ICICIBANK.NS
2025-11-25,1353.5886121834044,1365.3891524995797,1342.978112507823,1346.4488525390625,12235000,0.0,0.0,ICICIBANK.NS
2025-11-26,1348.6304048295453,1365.4882848899147,1348.5312650391513,1363.5050048828125,9659004,0.0,0.0,ICICIBANK.NS
2025-11-27,1367.471557668799,1382.3461576434415,1364.1990972544559,1380.5611572265625,15158741,0.0,0.0,ICICIBANK.NS
2025-11-28,1380.3628968845176,1386.8085569633604,1374.0163765969262,1377.189697265625,7683986,0.0,0.0,ICICIBANK.NS
2025-12-01,1382.3461800316288,1388.2960201178482,1373.8181001180092,1378.478759765625,8867593,0.0,0.0,ICICIBANK.NS
2025-12-02,1370.2482089901266,1370.2482089901266,1359.1417682907786,1361.521728515625,12126396,0.0,0.0,ICICIBANK.NS
2025-12-03,1355.5718853340877,1382.544445020301,1355.5718853340877,1379.8670654296875,7955933,0.0,0.0,ICICIBANK.NS
2025-12-04,1375.4045960658268,1379.9661155774988,1368.3639767054422,1375.1070556640625,7373909,0.0,0.0,ICICIBANK.NS
2025-12-05,1369.4547830523452,1383.6352828825825,1369.4547830523452,1380.858642578125,4942638,0.0,0.0,ICICIBANK.NS
2025-12-08,1375.404670384236,1383.2386505394277,1371.7356508298087,1377.98291015625,7826227,0.0,0.0,ICICIBANK.NS
2025-12-09,1368.3640275890855,1372.7272676950297,1361.9183677427457,1363.7032470703125,10492030,0.0,0.0,ICICIBANK.NS
2025-12-10,1366.3806948465074,1367.8681547535796,1346.5478960855444,1352.2001953125,8725381,0.0,0.0,ICICIBANK.NS
2025-12-11,1352.299390595187,1355.1751707435094,1341.490611666704,1348.63037109375,6734750,0.0,0.0,ICICIBANK.NS
2025-12-12,1356.5634801370334,1359.240859638436,1351.90282069391,1354.5802001953125,3890885,0.0,0.0,ICICIBANK.NS
2025-12-15,1344.7629655399599,1358.5467856038574,1344.7629655399599,1353.786865234375,5342530,0.0,0.0,ICICIBANK.NS
2025-12-16,1352.5969202535916,1357.257579696715,1344.1679805012782,1354.5802001953125,12359741,0.0,0.0,ICICIBANK.NS
2025-12-17,1353.5885110391764,1353.5885110391764,1331.8715722565005,1341.0938720703125,9440391,0.0,0.0,ICICIBANK.NS
2025-12-18,1335.0449336848067,1358.0509324595278,1334.2515732926577,1345.4571533203125,7314573,0.0,0.0,ICICIBANK.NS
2025-12-19,1342.6805232986085,1349.0270433350909,1339.5073238052678,1342.7796630859375,14318512,0.0,0.0,ICICIBANK.NS
2025-12-22,1346.647106277973,1359.8359665635035,1343.4739067302291,1357.059326171875,9375294,0.0,0.0,ICICIBANK.NS
2025-12-23,1349.7210845323889,1353.5885044694035,1345.6553850292898,1351.605224609375,9105467,0.0,0.0,ICICIBANK.NS
2025-12-24,1352.3986889312134,1356.7618081188289,1346.2504482626368,1348.43212890625,8955140,0.0,0.0,ICICIBANK.NS
2025-12-26,1345.159575111433,1350.6135947672478,1337.2264556120658,1339.110595703125,2812144,0.0,0.0,ICICIBANK.NS
2025-12-29,1340.7964277815033,1344.3663075928198,1330.2850679288142,1332.070068359375,6057201,0.0,0.0,ICICIBANK.NS
2025-12-30,1332.0699716952038,1335.8381308143366,1326.9133714087848,1331.276611328125,18621277,0.0,0.0,ICICIBANK.NS
2025-12-31,1331.574200056716,1338.7139594203709,1328.3017397359904,1331.67333984375,6150634,0.0,0.0,ICICIBANK.NS
2026-01-01,1332.665031313395,1337.1274113505744,1324.8310510381634,1326.8143310546875,4179311,0.0,0.0,ICICIBANK.NS
2026-01-02,1326.8142878641993,1345.5563076202234,1325.12854832495,1344.06884765625,8226205,0.0,0.0,ICICIBANK.NS
2026-01-05,1342.878760280637,1364.0007394532674,1341.2921605842894,1360.0341796875,6920565,0.0,0.0,ICICIBANK.NS
2026-01-06,1360.5299848190614,1401.7821817231495,1354.5801452353044,1399.4022216796875,17260416,0.0,0.0,ICICIBANK.NS
2026-01-07,1396.2290239898057,1417.9459627064246,1392.4607438290054,1415.7642822265625,15813795,0.0,0.0,ICICIBANK.NS
2026-01-08,1417.0535778936194,1430.1431776389843,1411.4012782421678,1423.00341796875,14861699,0.0,0.0,ICICIBANK.NS
2026-01-09,1415.1693772847862,1417.549337423264,1389.7834182572258,1392.56005859375,12555636,0.0,0.0,ICICIBANK.NS
2026-01-12,1388.1967781468372,1412.3928169264516,1380.0652579976486,1401.286376953125,10923811,0.0,0.0,ICICIBANK.NS
2026-01-13,1408.1288141663404,1429.746614803746,1399.3031938675902,1424.9866943359375,14295581,0.0,0.0,ICICIBANK.NS
2026-01-14,1413.6818734015883,1431.8289327125644,1403.0713744699053,1406.5421142578125,13832255,0.0,0.0,ICICIBANK.NS
2026-01-15,1406.5421142578125,1406.5421142578125,1406.5421142578125,1406.5421142578125,0,0.0,0.0,ICICIBANK.NS
2026-01-16,1406.0463569783972,1417.0535365865687,1388.494256638521,1399.0057373046875,12530886,0.0,0.0,ICICIBANK.NS
2026-01-19,1388.1968051292893,1388.2959449153948,1348.6303464892405,1369.05810546875,23302883,0.0,0.0,ICICIBANK.NS
2026-01-20,1363.207439020359,1376.1980196642805,1360.0342394881388,1364.29833984375,15012785,0.0,0.0,ICICIBANK.NS
2026-01-21,1356.0676290796277,1360.0341888721825,1328.3017105317451,1337.7222900390625,21766068,0.0,0.0,ICICIBANK.NS
2026-01-22,1343.7713064680374,1346.6470866066866,1326.814287098488,1334.2515869140625,17179765,0.0,0.0,ICICIBANK.NS
2026-01-23,1329.2934092663852,1343.8704687287582,1324.5334888848981,1332.169189453125,14056524,0.0,0.0,ICICIBANK.NS
2026-01-27,1328.7975572308817,1357.6542560921293,1317.492837384778,1350.0186767578125,25263634,0.0,0.0,ICICIBANK.NS
2026-01-28,1351.2086513775284,1368.859891948821,1351.2086513775284,1356.2659912109375,13242696,0.0,0.0,ICICIBANK.NS
2026-01-29,1347.6387612421634,1376.098780848474,1343.0772414479197,1372.0330810546875,23118234,0.0,0.0,ICICIBANK.NS
2026-01-30,1356.7617179329986,1370.347257745332,1341.8871188281207,1343.672119140625,24013717,0.0,0.0,ICICIBANK.NS
2026-02-02,1318.7820210502812,1343.0772003288644,1317.9886606539171,1341.4906005859375,12800245,0.0,0.0,ICICIBANK.NS
2026-02-03,1400.1956512153185,1405.15385111339,1361.918372212169,1378.08203125,24896698,0.0,0.0,ICICIBANK.NS
2026-02-04,1375.4046132419246,1402.1788919423802,1375.3054734566974,1396.625732421875,11080683,0.0,0.0,ICICIBANK.NS
2026-02-05,1402.1788945018798,1402.1788945018798,1381.5527350454402,1384.8251953125,8982761,0.0,0.0,ICICIBANK.NS
2026-02-06,1385.0235305539115,1398.7082108846507,1383.0402505668367,1394.344970703125,10851190,0.0,0.0,ICICIBANK.NS
2026-02-09,1401.6831123688528,1402.1789323590788,1377.1896532716103,1384.626953125,7889742,0.0,0.0,ICICIBANK.NS
2026-02-10,1389.2875574724217,1397.716496971719,1383.8335377964056,1394.7415771484375,16497628,0.0,0.0,ICICIBANK.NS
2026-02-11,1395.6341511146452,1401.1873108684945,1388.6926711598828,1394.344970703125,8551341,0.0,0.0,ICICIBANK.NS
2026-02-12,1394.3449463736551,1421.0200859443291,1393.5517070225485,1418.045166015625,19646265,0.0,0.0,ICICIBANK.NS
2026-02-13,1413.3845464564506,1422.4084462850303,1398.9065055547715,1402.77392578125,12228083,0.0,0.0,ICICIBANK.NS
2026-02-16,1392.2625106722887,1402.1789103209517,1388.7917707952565,1399.7989501953125,5000042,0.0,0.0,ICICIBANK.NS
2026-02-17,1394.4440959690942,1401.782256054804,1381.9494563906167,1395.7332763671875,11756187,0.0,0.0,ICICIBANK.NS
2026-02-18,1398.3115083316352,1400.4931889124357,1387.2051890014204,1396.4273681640625,4758071,0.0,0.0,ICICIBANK.NS
2026-02-19,1396.7249570846573,1400.4932375506726,1373.2231372171063,1377.189697265625,14323091,0.0,0.0,ICICIBANK.NS
2026-02-20,1376.8920792080073,1391.9649581225938,1372.4296994050287,1382.8419189453125,10337877,0.0,0.0,ICICIBANK.NS
2026-02-23,1388.29600959884,1396.5266700756697,1383.6353499865377,1387.7010498046875,10728445,0.0,0.0,ICICIBANK.NS
2026-02-24,1389.1884011120849,1389.1884011120849,1370.7439226377844,1373.2230224609375,18274784,0.0,0.0,ICICIBANK.NS
2026-02-25,1380.164528913772,1395.634087902335,1376.5945282588896,1388.791748046875,16297015,0.0,0.0,ICICIBANK.NS
2026-02-26,1393.3533088725535,1398.2123689746954,1380.4619891586024,1393.155029296875,27288792,0.0,0.0,ICICIBANK.NS
2026-02-27,1388.296016563106,1390.4775761692113,1365.1907558675261,1367.3724365234375,15096898,0.0,0.0,ICICIBANK.NS
2026-03-02,1343.672146415433,1367.6697850385044,1343.672146415433,1362.5133056640625,16928683,0.0,0.0,ICICIBANK.NS
2026-03-04,1314.9145907457403,1364.4965888884906,1314.9145907457403,1353.9852294921875,20009132,0.0,0.0,ICICIBANK.NS
2026-03-05,1357.45594601842,1359.3400861254038,1336.3339667529167,1346.2503662109375,17590491,0.0,0.0,ICICIBANK.NS
2026-03-06,1327.8058801381828,1346.2503588188658,1299.4450020539286,1302.419921875,22778852,0.0,0.0,ICICIBANK.NS
2026-03-09,1262.060104122135,1271.9765035292385,1240.6407056127512,1267.7125244140625,16116652,0.0,0.0,ICICIBANK.NS
2026-03-10,1276.8355955325096,1304.006554800674,1274.8523156012538,1300.9324951171875,19136143,0.0,0.0,ICICIBANK.NS
2026-03-11,1289.1319797351587,1295.5776396338345,1280.1080800869731,1283.777099609375,13224259,0.0,0.0,ICICIBANK.NS
2026-03-12,1265.0350263567016,1269.7949465011072,1247.780588195275,1255.9119873046875,19676187,0.0,0.0,ICICIBANK.NS
2026-03-13,1241.434156276259,1251.747236619689,1238.2608356053079,1244.3099365234375,17344394,0.0,0.0,ICICIBANK.NS
2026-03-16,1244.5081652081492,1266.125965023717,1229.7327054112554,1262.258544921875,22740688,0.0,0.0,ICICIBANK.NS
2026-03-17,1268.2083924442081,1283.578812107693,1262.3576923623407,1277.9263916015625,22303102,0.0,0.0,ICICIBANK.NS
2026-03-18,1275.2490239961462,1286.2562036480494,1260.1761446052265,1278.521484375,12961135,0.0,0.0,ICICIBANK.NS
2026-03-19,1257.0027465645267,1275.1498056385733,1233.3025281122907,1239.6490478515625,14422899,0.0,0.0,ICICIBANK.NS
2026-03-20,1247.8797225177066,1263.34928134462,1231.3192629188682,1234.9884033203125,16421006,0.0,0.0,ICICIBANK.NS
2026-03-23,1216.3455695278035,1224.5762297429494,1207.9166297375125,1212.4781494140625,17049534,0.0,0.0,ICICIBANK.NS
2026-03-24,1226.757768953439,1243.4173686829902,1213.46976929413,1240.7398681640625,20617782,0.0,0.0,ICICIBANK.NS
2026-03-25,1248.3755838951454,1262.2585434912949,1243.9132040249544,1249.1688232421875,17290030,0.0,0.0,ICICIBANK.NS
2026-03-27,1245.499833090769,1250.358893273775,1219.8163330232837,1223.4854736328125,23630905,0.0,0.0,ICICIBANK.NS
2026-03-30,1206.3300855990337,1212.3790655174357,1190.3647054702,1195.8187255859375,23952775,0.0,0.0,ICICIBANK.NS
2026-04-01,1217.8330476356737,1223.6837477872427,1199.884388024768,1202.561767578125,25472333,0.0,0.0,ICICIBANK.NS
2026-04-02,1186.001465486272,1211.883245832491,1177.67166509731,1205.635986328125,20851722,0.0,0.0,ICICIBANK.NS
2026-04-06,1202.8592693089724,1224.0803886246306,1190.4637698313447,1221.10546875,10058414,0.0,0.0,ICICIBANK.NS
2026-04-07,1218.7254656803555,1239.9465842479708,1206.429106422035,1235.0875244140625,25600557,0.0,0.0,ICICIBANK.NS
2026-04-08,1299.048365281531,1322.3519046587187,1281.595525957938,1298.2550048828125,25148651,0.0,0.0,ICICIBANK.NS
2026-04-09,1289.032858674316,1297.065118454786,1265.2334987026684,1270.58837890625,22923062,0.0,0.0,ICICIBANK.NS
2026-04-10,1278.2238983175278,1312.931296642674,1277.7280783414542,1310.848876953125,18174755,0.0,0.0,ICICIBANK.NS
2026-04-13,1293.9909710757174,1345.655387306946,1285.8594510059597,1339.8046875,30572141,0.0,0.0,ICICIBANK.NS
2026-04-15,1346.647094004827,1353.3902942945808,1326.8142943876721,1336.829833984375,23827473,0.0,0.0,ICICIBANK.NS
2026-04-16,1340.697246754227,1355.4727065977952,1328.995846624469,1334.2515869140625,24017236,0.0,0.0,ICICIBANK.NS
2026-04-17,1335.7390510601572,1341.5897511433582,1322.8477313394578,1335.540771484375,18151993,0.0,0.0,ICICIBANK.NS
2026-04-20,1353.2910001768837,1364.893260297481,1341.6888611060856,1344.862060546875,21551520,0.0,0.0,ICICIBANK.NS
2026-04-21,1356.5634890022861,1381.4536282235813,1348.6303691835594,1376.79296875,23312455,0.0,0.0,ICICIBANK.NS
2026-04-22,1368.463107425001,1368.5622472083335,1353.588508431251,1356.166748046875,13613487,0.0,0.0,ICICIBANK.NS
2026-04-23,1337.1273930984762,1342.680552858981,1332.268332914358,1336.730712890625,20111792,0.0,0.0,ICICIBANK.NS
2026-04-24,1325.1285758443225,1337.5240758015216,1312.931355466517,1315.1129150390625,14056743,0.0,0.0,ICICIBANK.NS
2026-04-27,1316.7986931874252,1324.7318126631535,1299.9408143015023,1303.114013671875,15385625,0.0,0.0,ICICIBANK.NS
2026-04-28,1303.3124724850059,1306.6839515728986,1275.943112231791,1281.1988525390625,16774778,0.0,0.0,ICICIBANK.NS
2026-04-29,1283.876190331697,1285.9587310592146,1265.5308513211887,1270.290771484375,11716030,0.0,0.0,ICICIBANK.NS
2026-04-30,1250.4580524616338,1261.5643721523936,1248.474772441869,1252.8380126953125,17740110,0.0,0.0,ICICIBANK.NS
2026-05-01,1252.8380126953125,1252.8380126953125,1252.8380126953125,1252.8380126953125,0,0.0,0.0,ICICIBANK.NS
2026-05-04,1253.7304875272214,1271.4807465048432,1253.7304875272214,1260.1761474609375,14597051,0.0,0.0,ICICIBANK.NS
2026-05-05,1253.4328902069624,1256.11026963796,1235.0875512284588,1240.839111328125,24447935,0.0,0.0,ICICIBANK.NS
2026-05-06,1251.449645209005,1272.0758050555082,1241.6323852719695,1268.8033447265625,22909586,0.0,0.0,ICICIBANK.NS
2026-05-07,1273.9597944081108,1283.1820943562475,1262.5559349914981,1268.3074951171875,25028552,0.0,0.0,ICICIBANK.NS
2026-05-08,1268.902517705381,1268.902517705381,1250.6563175253964,1254.226318359375,11137424,0.0,0.0,ICICIBANK.NS
2026-05-11,1248.871386509416,1265.035045184508,1241.5332266149906,1255.8128662109375,18980488,0.0,0.0,ICICIBANK.NS
2026-05-12,1245.4998520747622,1249.3672723222166,1225.9645923052954,1229.93115234375,21110708,0.0,0.0,ICICIBANK.NS
2026-05-13,1227.9478864287817,1238.7566658178762,1216.940585355795,1225.2703857421875,19490295,0.0,0.0,ICICIBANK.NS
2026-05-14,1228.7410341788377,1246.193873036946,1225.6669745529443,1235.5833740234375,16535600,0.0,0.0,ICICIBANK.NS
2026-05-15,1236.178367000428,1247.4830869105315,1231.616847331383,1234.095947265625,11745614,0.0,0.0,ICICIBANK.NS
2026-05-18,1225.171187688256,1243.218986792355,1221.7004477797907,1240.6407470703125,13918850,0.0,0.0,ICICIBANK.NS
2026-05-19,1240.6406985843882,1245.7972988767476,1219.518840596794,1230.4268798828125,38929053,0.0,0.0,ICICIBANK.NS
2026-05-20,1219.7171565954964,1229.3360158332805,1213.0732172518474,1226.9561767578125,14953103,0.0,0.0,ICICIBANK.NS
2026-05-21,1234.8892560806848,1237.8641758775068,1224.0803566089394,1232.41015625,14394386,0.0,0.0,ICICIBANK.NS
2026-05-22,1231.6168488886804,1260.1761285871792,1231.6168488886804,1253.73046875,11601085,0.0,0.0,ICICIBANK.NS
2026-05-25,1260.3744497717253,1282.6863499447102,1260.2753099809177,1281.0006103515625,13853923,0.0,0.0,ICICIBANK.NS
2026-05-26,1279.215515708668,1290.9169153575494,1265.5308361904704,1268.4066162109375,18400405,0.0,0.0,ICICIBANK.NS
2026-05-27,1275.2490410953124,1282.587201311576,1256.1103406589523,1262.0601806640625,18366272,0.0,0.0,ICICIBANK.NS
2026-05-28,1262.0601806640625,1262.0601806640625,1262.0601806640625,1262.0601806640625,0,0.0,0.0,ICICIBANK.NS
2026-05-29,1264.4401034217194,1277.0340036893715,1237.4675446174365,1245.896484375,31007884,0.0,0.0,ICICIBANK.NS
2026-06-01,1246.5906197801364,1251.3505402000205,1225.5679002002253,1229.3360595703125,9911975,0.0,0.0,ICICIBANK.NS
2026-06-02,1222.692101166893,1227.3527606751832,1210.4948809348448,1216.3455810546875,17920892,0.0,0.0,ICICIBANK.NS
2026-06-03,1209.7016025437176,1237.8642014111729,1203.5533622069204,1231.6168212890625,13934754,0.0,0.0,ICICIBANK.NS
2026-06-04,1221.8987381131592,1251.7471984286103,1221.8987381131592,1241.2357177734375,19461560,0.0,0.0,ICICIBANK.NS
2026-06-05,1246.4914883012805,1254.4246083541127,1239.5500082550523,1251.548828125,10166393,0.0,0.0,ICICIBANK.NS
2026-06-08,1235.98013161075,1243.516571470306,1232.7076711606426,1239.748291015625,10714196,0.0,0.0,ICICIBANK.NS
2026-06-09,1244.5081432866116,1269.2000023713417,1242.2273229706288,1264.3409423828125,22368579,0.0,0.0,ICICIBANK.NS
2026-06-10,1260.6719575059049,1295.0818164605482,1260.6719575059049,1282.488037109375,25951584,0.0,0.0,ICICIBANK.NS
2026-06-11,1275.7448484381675,1321.8561080202699,1275.7448484381675,1305.9898681640625,35919374,0.0,0.0,ICICIBANK.NS
2026-06-12,1318.881182108178,1333.0616823357286,1307.6756018402702,1329.5909423828125,18339846,0.0,0.0,ICICIBANK.NS
2026-06-15,1343.2755003149457,1351.3077599885314,1314.2205213660739,1316.501220703125,16172921,0.0,0.0,ICICIBANK.NS
2026-06-16,1320.7653035280132,1326.1201835892518,1315.2121438922036,1323.145263671875,13069159,0.0,0.0,ICICIBANK.NS
2026-06-17,1330.7808691866162,1334.7474291543856,1322.2527894658729,1325.6243896484375,8026424,0.0,0.0,ICICIBANK.NS
2026-06-18,1322.4510288431072,1335.6398887549333,1320.2694693470728,1331.078369140625,13467985,0.0,0.0,ICICIBANK.NS
2026-06-19,1329.293324489997,1340.994724069171,1320.8643850956182,1335.2431640625,9057322,0.0,0.0,ICICIBANK.NS
2026-06-22,1341.6888318212496,1351.307690769155,1337.1273123310036,1341.0938720703125,4814845,0.0,0.0,ICICIBANK.NS
2026-06-23,1346.647075338441,1357.654254763427,1320.3686162099664,1327.11181640625,11884879,0.0,0.0,ICICIBANK.NS
2026-06-24,1329.3925787519856,1366.0832592753275,1329.3925787519856,1362.11669921875,16440708,0.0,0.0,ICICIBANK.NS
2026-06-25,1370.3473528540349,1392.2625728462838,1368.562352417643,1375.9005126953125,17173209,0.0,0.0,ICICIBANK.NS
2026-06-26,1375.9005126953125,1375.9005126953125,1375.9005126953125,1375.9005126953125,0,0.0,0.0,ICICIBANK.NS
2026-06-29,1378.379593988644,1390.2792739367474,1371.6363935981306,1375.9996337890625,13249405,0.0,0.0,ICICIBANK.NS
2026-06-30,1390.2792468566804,1390.2792468566804,1354.6793474953972,1363.7032470703125,18398057,0.0,0.0,ICICIBANK.NS
2026-07-01,1359.935092537661,1373.5205118412996,1356.2659519824388,1368.264892578125,11948034,0.0,0.0,ICICIBANK.NS
2026-07-02,1370.347360452637,1393.2542205810548,1365.2900205878914,1388.2960205078125,15779429,0.0,0.0,ICICIBANK.NS
2026-07-03,1402.1789477753737,1408.128787723501,1394.1466880553623,1399.6007080078125,12901785,0.0,0.0,ICICIBANK.NS
2026-07-06,1400.1956098660596,1419.6317286825692,1399.7989296759679,1414.9710693359375,12306949,0.0,0.0,ICICIBANK.NS
2026-07-07,1419.6317869331858,1421.0201071305735,1398.212387337131,1402.873046875,15664178,0.0,0.0,ICICIBANK.NS
2026-07-08,1398.5098849300493,1406.4430046152802,1364.397446073597,1369.05810546875,10573142,0.0,0.0,ICICIBANK.NS
2026-07-09,1371.3389070760331,1391.8658055614053,1365.7857475821456,1369.1572265625,13948838,0.0,0.0,ICICIBANK.NS
2026-07-10,1378.081980498166,1396.4273194454097,1377.9828407138161,1389.48583984375,6409645,0.0,0.0,ICICIBANK.NS
2026-07-13,1381.850313043882,1401.1872926666704,1374.710553603081,1397.716552734375,10091437,0.0,0.0,ICICIBANK.NS
2026-07-14,1388.2959393084109,1399.9973392167874,1380.36281965522,1395.9315185546875,14133017,0.0,0.0,ICICIBANK.NS
2026-07-15,1401.0881343697583,1416.061873669893,1397.4189938599209,1404.3604736328125,12961648,0.0,0.0,ICICIBANK.NS
2026-07-16,1408.2278901435363,1411.7977698077207,1394.4440704195183,1406.34375,10165264,0.0,0.0,ICICIBANK.NS
2026-07-17,1410.2112272612976,1442.935347434669,1407.8312670387277,1432.2257080078125,11112550,0.0,0.0,ICICIBANK.NS
2026-07-20,1432.4239762420166,1467.6271961496604,1427.4657762550246,1447.99267578125,22236415,0.0,0.0,ICICIBANK.NS
2026-07-21,1457.7107481698004,1461.5781682422519,1444.4227484323062,1450.868408203125,18269907,0.0,0.0,ICICIBANK.NS
2026-07-22,1454.1408592092237,1454.1408592092237,1426.374940373995,1428.6556396484375,8345136,0.0,0.0,ICICIBANK.NS
2026-07-23,1420.5242697074934,1433.9114094220142,1414.673569622298,1422.606689453125,12409328,0.0,0.0,ICICIBANK.NS
2026-07-24,1416.0618385071728,1427.9615178223592,1403.5671994361867,1420.9208984375,10870914,0.0,0.0,ICICIBANK.NS
2026-07-27,1423.6974916567503,1436.8863520032721,1416.8552725346733,1433.6138916015625,10608300,0.0,0.0,ICICIBANK.NS
2026-07-28,1430.2423604987887,1433.8122401392648,1405.7487808950839,1418.8385009765625,19486209,0.0,0.0,ICICIBANK.NS
2026-07-29,1430.4406700852692,1436.3905099608405,1416.557710375603,1425.879150390625,10856166,0.0,0.0,ICICIBANK.NS
2026-07-30,1419.13595728037,1430.143136895818,1410.7070174140658,1421.91259765625,14141173,0.0,0.0,ICICIBANK.NS
2026-07-31,1422.309244666781,1429.8456841613988,1419.4334645695478,1423.4000244140625,8752440,0.0,0.0,ICICIBANK.NS
2026-08-03,1442.0,1460.0,1433.0,1460.0,7706747,12.0,0.0,ICICIBANK.NS
2026-08-04,1452.0,1454.5999755859375,1430.800048828125,1454.5999755859375,11458963,0.0,0.0,ICICIBANK.NS
2026-08-05,1454.5999755859375,1454.5999755859375,1431.199951171875,1450.0999755859375,11723296,0.0,0.0,ICICIBANK.NS
2026-08-06,1460.0,1460.0,1448.300048828125,1457.5,14954726,0.0,0.0,ICICIBANK.NS
2026-08-07,1451.0,1455.0,1418.199951171875,1421.0,14395789,0.0,0.0,ICICIBANK.NS
2026-08-10,1428.0999755859375,1441.9000244140625,1415.5,1431.800048828125,12749354,0.0,0.0,ICICIBANK.NS
2026-08-11,1432.0999755859375,1434.0,1412.199951171875,1429.5999755859375,10471914,0.0,0.0,ICICIBANK.NS
2026-08-12,1429.4000244140625,1435.0,1418.5999755859375,1431.699951171875,8201733,0.0,0.0,ICICIBANK.NS
2026-08-13,1429.0,1429.0,1406.4000244140625,1406.800048828125,11408206,0.0,0.0,ICICIBANK.NS
2026-08-14,1403.0,1417.800048828125,1401.0,1417.0,6097934,0.0,0.0,ICICIBANK.NS
2026-08-17,1418.0,1423.5999755859375,1407.0,1415.300048828125,5605603,0.0,0.0,ICICIBANK.NS
2026-08-18,1410.0,1416.5999755859375,1406.300048828125,1412.0,8345198,0.0,0.0,ICICIBANK.NS
2026-08-19,1412.0,1416.0,1391.5,1402.0,10304210,0.0,0.0,ICICIBANK.NS
2026-08-20,1407.800048828125,1413.0,1403.300048828125,1411.9000244140625,8425049,0.0,0.0,ICICIBANK.NS
2026-08-21,1417.0,1420.0,1411.199951171875,1420.0,4565280,0.0,0.0,ICICIBANK.NS
2026-08-24,1420.5,1425.5,1408.699951171875,1415.0,5307113,0.0,0.0,ICICIBANK.NS
2026-08-25,1408.0,1424.9000244140625,1408.0,1422.699951171875,7983249,0.0,0.0,ICICIBANK.NS
2026-08-26,1423.0999755859375,1446.0,1423.0999755859375,1430.0,4177066,0.0,0.0,ICICIBANK.NS
2026-08-27,1445.0,1453.800048828125,1433.0999755859375,1443.0,11539716,0.0,0.0,ICICIBANK.NS
2026-08-28,1435.0,1439.800048828125,1418.9000244140625,1422.800048828125,8625738,0.0,0.0,ICICIBANK.NS
2026-08-31,1422.800048828125,1454.0,1419.0,1454.0,15331697,0.0,0.0,ICICIBANK.NS
2026-09-01,1442.9000244140625,1446.699951171875,1422.800048828125,1438.0,10627608,0.0,0.0,ICICIBANK.NS
2026-09-02,1425.0999755859375,1436.0,1420.699951171875,1426.5,8515824,0.0,0.0,ICICIBANK.NS
2026-09-03,1438.300048828125,1452.0,1430.0,1430.0,10503351,0.0,0.0,ICICIBANK.NS
2026-09-04,1432.0999755859375,1438.300048828125,1421.4000244140625,1423.199951171875,6693889,0.0,0.0,ICICIBANK.NS
2026-09-07,1428.0,1434.4000244140625,1422.5999755859375,1427.5,8035111,0.0,0.0,ICICIBANK.NS
2026-09-08,1424.0,1424.9000244140625,1396.300048828125,1399.4000244140625,12123411,0.0,0.0,ICICIBANK.NS
2026-09-09,1395.9000244140625,1402.5,1385.5,1389.0999755859375,14229080,0.0,0.0,ICICIBANK.NS
2026-09-10,1385.9000244140625,1393.0,1373.9000244140625,1384.5,10580641,0.0,0.0,ICICIBANK.NS
2026-09-11,1371.5999755859375,1389.0,1367.5999755859375,1379.300048828125,7064417,0.0,0.0,ICICIBANK.NS
2026-09-15,1379.300048828125,1390.0,1351.300048828125,1354.0999755859375,7316798,0.0,0.0,ICICIBANK.NS
